<article dtd-version="1.0" article-type="research-article">
   <front>
      <journal-meta>
         <journal-id xmlns:xlink="http://www.w3.org/1999/xlink" journal-id-type="jstor">poeticstoday</journal-id>
         <journal-id xmlns:xlink="http://www.w3.org/1999/xlink" journal-id-type="jstor">j100659</journal-id>
         <journal-title-group xmlns:xlink="http://www.w3.org/1999/xlink">
            <journal-title>Poetics Today</journal-title>
         </journal-title-group>
         <publisher>
            <publisher-name>Porter Institute for Poetics and Semiotics</publisher-name>
         </publisher>
         <issn xmlns:xlink="http://www.w3.org/1999/xlink" pub-type="ppub">03335372</issn>
         <issn xmlns:xlink="http://www.w3.org/1999/xlink" pub-type="epub">15275507</issn>
      </journal-meta>
      <article-meta>
         <article-id xmlns:xlink="http://www.w3.org/1999/xlink" pub-id-type="doi">10.2307/1771995</article-id>
         <article-categories>
            <subj-group>
               <subject>Narrative</subject>
            </subj-group>
         </article-categories>
         <title-group>
            <article-title>The Macro-Structure of the Conventional Narrative</article-title>
         </title-group>
         <contrib-group>
            <contrib contrib-type="author">
               <string-name xmlns:xlink="http://www.w3.org/1999/xlink">
                  <given-names>Jean-Michel</given-names>
                  <surname>Adam</surname>
               </string-name>
            </contrib>
            <contrib contrib-type="author">
               <string-name xmlns:xlink="http://www.w3.org/1999/xlink">
                  <given-names>Yael</given-names>
                  <surname>Schneerson</surname>
               </string-name>
            </contrib>
         </contrib-group>
         <pub-date xmlns:xlink="http://www.w3.org/1999/xlink">
            <day>1</day>
            <month>10</month>
            <year>1982</year>
         </pub-date>
         <volume>3</volume>
         <issue>4</issue>
         <issue-id xmlns:xlink="http://www.w3.org/1999/xlink">i303058</issue-id>
         <fpage>135</fpage>
         <lpage>168</lpage>
         <page-range>135-168</page-range>
         <permissions>
            <copyright-statement>Copyright The Porter Institute for Poetics and Semiotics Tel Aviv University</copyright-statement>
         </permissions>
         <self-uri xmlns:xlink="http://www.w3.org/1999/xlink"
                   xlink:href="http://www.jstor.org/stable/1771995"/>
         <custom-meta-group xmlns:xlink="http://www.w3.org/1999/xlink">
            <custom-meta>
               <meta-name>lang</meta-name>
               <meta-value>eng</meta-value>
            </custom-meta>
         </custom-meta-group>
      </article-meta>
   </front>
   <back>
      <fn-group xmlns:xlink="http://www.w3.org/1999/xlink">
         <title>[Footnotes]</title>
         <fn id="d3334e135a1310">
            <label>2</label>
            <p>
               <mixed-citation id="d3334e142" publication-type="book">
Stierle 1972:178  <fpage>178</fpage>
               </mixed-citation>
            </p>
         </fn>
         <fn id="d3334e154a1310">
            <label>5</label>
            <p>
               <mixed-citation id="d3334e161" publication-type="journal">
Adam, J.-M. in Pratiques, No. 30, 1981<person-group>
                     <string-name>
                        <surname>Adam</surname>
                     </string-name>
                  </person-group>
                  <issue>30</issue>
                  <source>Pratiques</source>
                  <year>1981</year>
               </mixed-citation>
            </p>
         </fn>
         <fn id="d3334e186a1310">
            <label>6</label>
            <p>
               <mixed-citation id="d3334e193" publication-type="book">
"The addressee of a type of discourse belongs to the conditions of production of this dis-
course" (Veron 1978:70).  <fpage>70</fpage>
               </mixed-citation>
            </p>
         </fn>
      </fn-group>
      <ref-list>
         <title>References</title>
         <ref id="d3334e217a1310">
            <mixed-citation id="d3334e221" publication-type="journal">
Adam, J. -M., 1976. "La mise en relief dans le discours narratif," Le franCais moderne 4.<person-group>
                  <string-name xmlns:xlink="http://www.w3.org/1999/xlink">
                     <surname>Adam</surname>
                  </string-name>
               </person-group>
               <volume>4</volume>
               <source>Le franCais moderne</source>
               <year>1976</year>
            </mixed-citation>
            <mixed-citation id="d3334e245" publication-type="book">
1978 "La cohésion des sequences de propositions dans la macro-structure narrative,"
Langue FranCais 38 (Paris: Larousse).<person-group>
                  <string-name xmlns:xlink="http://www.w3.org/1999/xlink">
                     <surname>Adam</surname>
                  </string-name>
               </person-group>
               <comment content-type="section">La cohésion des sequences de propositions dans la macro-structure narrative</comment>
               <fpage>38</fpage>
               <source>Langue FranCais</source>
               <year>1978</year>
            </mixed-citation>
            <mixed-citation id="d3334e276" publication-type="book">
1980 Forthcoming. "L'6conomie narrative d'un Petit Livre d'Or ou la fabrication des petits
filles," Degrgs No.23 (Bruxelles).<person-group>
                  <string-name xmlns:xlink="http://www.w3.org/1999/xlink">
                     <surname>Adam</surname>
                  </string-name>
               </person-group>
               <comment content-type="section">L'6conomie narrative d'un Petit Livre d'Or ou la fabrication des petits filles</comment>
               <source>Degrgs</source>
               <year>1980</year>
            </mixed-citation>
            <mixed-citation id="d3334e304" publication-type="book">
Forthcoming (1984). Le Texte Narratif (Paris-Nathan).<person-group>
                  <string-name xmlns:xlink="http://www.w3.org/1999/xlink">
                     <surname>Adam</surname>
                  </string-name>
               </person-group>
               <source>Le Texte Narratif</source>
               <year>1984</year>
            </mixed-citation>
            <mixed-citation id="d3334e326" publication-type="book">
Le ricit, coll. "Que sais-je?' (Paris-P.U.F.).<person-group>
                  <string-name xmlns:xlink="http://www.w3.org/1999/xlink">
                     <surname>Adam</surname>
                  </string-name>
               </person-group>
               <comment content-type="section">Le ricit</comment>
               <source>Que sais-je?</source>
            </mixed-citation>
         </ref>
         <ref id="d3334e348a1310">
            <mixed-citation id="d3334e352" publication-type="journal">
Adriaens, Mark, 1979. "Isotopic Organization and Narrative Grammar," PTL 4, 501.<person-group>
                  <string-name xmlns:xlink="http://www.w3.org/1999/xlink">
                     <surname>Adriaens</surname>
                  </string-name>
               </person-group>
               <fpage>501</fpage>
               <volume>4</volume>
               <source>PTL</source>
               <year>1979</year>
            </mixed-citation>
         </ref>
         <ref id="d3334e381a1310">
            <mixed-citation id="d3334e385" publication-type="book">
Barthes, R., 1967. Writing Degree Zero, trans. Annette Lavers and Colin Smith (New York:
Hill &amp; Wang).<person-group>
                  <string-name xmlns:xlink="http://www.w3.org/1999/xlink">
                     <surname>Barthes</surname>
                  </string-name>
               </person-group>
               <source>Writing Degree Zero</source>
               <year>1967</year>
            </mixed-citation>
            <mixed-citation id="d3334e409" publication-type="book">
1973 "Analyse textuelle d'un conte d'Edgar Poe," in Simiotique narrative et textuelle
(Larousse: Paris).<person-group>
                  <string-name xmlns:xlink="http://www.w3.org/1999/xlink">
                     <surname>Barthes</surname>
                  </string-name>
               </person-group>
               <comment content-type="section">Analyse textuelle d'un conte d'Edgar Poe</comment>
               <source>Simiotique narrative et textuelle</source>
               <year>1973</year>
            </mixed-citation>
            <mixed-citation id="d3334e437" publication-type="book">
1974 S/Z, trans. Richard Miller (New York: Farrar, Straus, Giroux).<person-group>
                  <string-name xmlns:xlink="http://www.w3.org/1999/xlink">
                     <surname>Barthes</surname>
                  </string-name>
               </person-group>
               <source>S/Z</source>
               <year>1974</year>
            </mixed-citation>
            <mixed-citation id="d3334e458" publication-type="book">
1977 "Introduction to the Structural Analysis of Narratives," trans. Stephen Heath (New
York: Hill &amp; Wang).<person-group>
                  <string-name xmlns:xlink="http://www.w3.org/1999/xlink">
                     <surname>Barthes</surname>
                  </string-name>
               </person-group>
               <source>Introduction to the Structural Analysis of Narratives</source>
               <year>1977</year>
            </mixed-citation>
         </ref>
         <ref id="d3334e483a1310">
            <mixed-citation id="d3334e487" publication-type="book">
Bremond, Cl., 1966. "La logique des possibles narratifs," Communications 8 (Paris: Seuil).
1973 Logique du recit (Paris: Seuil).<person-group>
                  <string-name xmlns:xlink="http://www.w3.org/1999/xlink">
                     <surname>Bremond</surname>
                  </string-name>
               </person-group>
               <comment content-type="section">La logique des possibles narratifs</comment>
               <fpage>8</fpage>
               <source>Communications</source>
               <year>1973</year>
            </mixed-citation>
         </ref>
         <ref id="d3334e520a1310">
            <mixed-citation id="d3334e524" publication-type="book">
Camus, Albert, 1962. "The Just," in: Caligula and Three Other Plays, trans. Stuart Gilbert
(Vintage).<person-group>
                  <string-name xmlns:xlink="http://www.w3.org/1999/xlink">
                     <surname>Camus</surname>
                  </string-name>
               </person-group>
               <comment content-type="section">The Just</comment>
               <source>Caligula and Three Other Plays</source>
               <year>1962</year>
            </mixed-citation>
         </ref>
         <ref id="d3334e553a1310">
            <mixed-citation id="d3334e557" publication-type="book">
Certeau, Michel de, 1978. L'Arc 72, 83.<person-group>
                  <string-name xmlns:xlink="http://www.w3.org/1999/xlink">
                     <surname>Certeau</surname>
                  </string-name>
               </person-group>
               <fpage>83</fpage>
               <volume>72</volume>
               <source>L'Arc</source>
               <year>1978</year>
            </mixed-citation>
         </ref>
         <ref id="d3334e586a1310">
            <mixed-citation id="d3334e590" publication-type="other">
Chabrol, Cl., 1973.</mixed-citation>
         </ref>
         <ref id="d3334e597a1310">
            <mixed-citation id="d3334e601" publication-type="book">
Courtis, J., 1976. Introduction 6 la simiotique narrative et discursive (Paris: Hachette).<person-group>
                  <string-name xmlns:xlink="http://www.w3.org/1999/xlink">
                     <surname>Courtis</surname>
                  </string-name>
               </person-group>
               <source>Introduction 6 la simiotique narrative et discursive</source>
               <year>1976</year>
            </mixed-citation>
         </ref>
         <ref id="d3334e623a1310">
            <mixed-citation id="d3334e627" publication-type="book">
Courths, J., and A.J. Greimas, 1979. S&amp;miotique, dictionnaire raisonn6 de la thdorie du
language (Paris: Hachette).<person-group>
                  <string-name xmlns:xlink="http://www.w3.org/1999/xlink">
                     <surname>Courths</surname>
                  </string-name>
               </person-group>
               <source>S&amp;miotique, dictionnaire raisonn6 de la thdorie du language</source>
               <year>1979</year>
            </mixed-citation>
         </ref>
         <ref id="d3334e652a1310">
            <mixed-citation id="d3334e656" publication-type="book">
Danto, A.C., 1968. Analytical Philosophy of History (Cambridge: Cambridge UP).<person-group>
                  <string-name xmlns:xlink="http://www.w3.org/1999/xlink">
                     <surname>Danto</surname>
                  </string-name>
               </person-group>
               <source>Analytical Philosophy of History</source>
               <year>1968</year>
            </mixed-citation>
         </ref>
         <ref id="d3334e679a1310">
            <mixed-citation id="d3334e683" publication-type="journal">
Genot, G., 1978. "L'adieu d'Ophdlie. Pour une sémiotique de l'hétérotopie," Revue
d'Esthitique 3/4.<person-group>
                  <string-name xmlns:xlink="http://www.w3.org/1999/xlink">
                     <surname>Genot</surname>
                  </string-name>
               </person-group>
               <fpage>4</fpage>
               <volume>3</volume>
               <source>Revue d'Esthitique</source>
               <year>1978</year>
            </mixed-citation>
         </ref>
         <ref id="d3334e715a1310">
            <mixed-citation id="d3334e719" publication-type="book">
Greimas, A.J., 1970. Du sens (Paris: Seuil).<person-group>
                  <string-name xmlns:xlink="http://www.w3.org/1999/xlink">
                     <surname>Greimas</surname>
                  </string-name>
               </person-group>
               <source>Du sens</source>
               <year>1970</year>
            </mixed-citation>
            <mixed-citation id="d3334e740" publication-type="other">
1976a Introduction to Courtes 1976.</mixed-citation>
            <mixed-citation id="d3334e746" publication-type="book">
1976b Maupassant (Paris: Seuil).<person-group>
                  <string-name xmlns:xlink="http://www.w3.org/1999/xlink">
                     <surname>Greimas</surname>
                  </string-name>
               </person-group>
               <source>Maupassant</source>
               <year>1976</year>
            </mixed-citation>
         </ref>
         <ref id="d3334e768a1310">
            <mixed-citation id="d3334e772" publication-type="book">
Kristeva, J., 1970. Le Texte du roman (The Hague: Mouton).<person-group>
                  <string-name xmlns:xlink="http://www.w3.org/1999/xlink">
                     <surname>Kristeva</surname>
                  </string-name>
               </person-group>
               <source>Le Texte du roman</source>
               <year>1970</year>
            </mixed-citation>
         </ref>
         <ref id="d3334e794a1310">
            <mixed-citation id="d3334e798" publication-type="book">
Kuroda, S.Y., 1975. "Réflexions sur les fondements de la thborie de la narration," in: Langue,
discours, sociétié, Hommage collectif &amp; Benveniste (Paris: Seuil).<person-group>
                  <string-name xmlns:xlink="http://www.w3.org/1999/xlink">
                     <surname>Kuroda</surname>
                  </string-name>
               </person-group>
               <comment content-type="section">Réflexions sur les fondements de la thborie de la narration</comment>
               <source>Langue, discours, sociétié, Hommage collectif &amp; Benveniste</source>
               <year>1975</year>
            </mixed-citation>
         </ref>
         <ref id="d3334e827a1310">
            <mixed-citation id="d3334e831" publication-type="book">
Labov, W., 1972. Language in the Inner City (Philadelphia: Univ. of Pennsylvania Press).<person-group>
                  <string-name xmlns:xlink="http://www.w3.org/1999/xlink">
                     <surname>Labov</surname>
                  </string-name>
               </person-group>
               <source>Language in the Inner City</source>
               <year>1972</year>
            </mixed-citation>
         </ref>
         <ref id="d3334e853a1310">
            <mixed-citation id="d3334e857" publication-type="book">
Labov, W. and D. Fanshel, 1977. Therapeutic Discourse (New York/London: Academic
Press).<person-group>
                  <string-name xmlns:xlink="http://www.w3.org/1999/xlink">
                     <surname>Labov</surname>
                  </string-name>
               </person-group>
               <source>Therapeutic Discourse</source>
               <year>1977</year>
            </mixed-citation>
         </ref>
         <ref id="d3334e883a1310">
            <mixed-citation id="d3334e887" publication-type="book">
Larivaille, P., 1974. "L'analyse (morpho)logique du recit," Poitique 19 (Paris: Seuil).<person-group>
                  <string-name xmlns:xlink="http://www.w3.org/1999/xlink">
                     <surname>Larivaille</surname>
                  </string-name>
               </person-group>
               <comment content-type="section">L'analyse (morpho)logique du recit</comment>
               <fpage>19</fpage>
               <source>Poitique</source>
               <year>1974</year>
            </mixed-citation>
         </ref>
         <ref id="d3334e916a1310">
            <mixed-citation id="d3334e920" publication-type="book">
Marcotte, G., 1976. Le roman a l'imparfait (Paris: Mame).<person-group>
                  <string-name xmlns:xlink="http://www.w3.org/1999/xlink">
                     <surname>Marcotte</surname>
                  </string-name>
               </person-group>
               <source>Le roman a l'imparfait</source>
               <year>1976</year>
            </mixed-citation>
         </ref>
         <ref id="d3334e942a1310">
            <mixed-citation id="d3334e946" publication-type="book">
Marin, L., 1979. Le ricit est un pige (Paris: Minuit).<person-group>
                  <string-name xmlns:xlink="http://www.w3.org/1999/xlink">
                     <surname>Marin</surname>
                  </string-name>
               </person-group>
               <source>Le ricit est un pige</source>
               <year>1979</year>
            </mixed-citation>
         </ref>
         <ref id="d3334e968a1310">
            <mixed-citation id="d3334e972" publication-type="book">
Rastier, F., 1973. Essais de simiotique discursive (Paris: Mame).<person-group>
                  <string-name xmlns:xlink="http://www.w3.org/1999/xlink">
                     <surname>Rastier</surname>
                  </string-name>
               </person-group>
               <source>Essais de simiotique discursive</source>
               <year>1973</year>
            </mixed-citation>
         </ref>
         <ref id="d3334e994a1310">
            <mixed-citation id="d3334e998" publication-type="book">
Stierle, K., 1972. "L'Histoire comme Exemple, I'Exemple comme Histoire," Pogtique 10.<person-group>
                  <string-name xmlns:xlink="http://www.w3.org/1999/xlink">
                     <surname>Stierle</surname>
                  </string-name>
               </person-group>
               <comment content-type="section">L'Histoire comme Exemple, I'Exemple comme Histoire</comment>
               <fpage>10</fpage>
               <source>Pogtique</source>
               <year>1972</year>
            </mixed-citation>
         </ref>
         <ref id="d3334e1027a1310">
            <mixed-citation id="d3334e1031" publication-type="book">
Suleiman, S., 1977. "Le r&amp;cit exemplaire," Pogtique 32 (Paris: Seuil).<person-group>
                  <string-name xmlns:xlink="http://www.w3.org/1999/xlink">
                     <surname>Suleiman</surname>
                  </string-name>
               </person-group>
               <comment content-type="section">Le r&amp;cit exemplaire</comment>
               <fpage>32</fpage>
               <source>Pogtique</source>
               <year>1977</year>
            </mixed-citation>
         </ref>
         <ref id="d3334e1061a1310">
            <mixed-citation id="d3334e1065" publication-type="book">
Todorov, T., 1969. Grammaire du Dicameron (The Hague: Mouton).<person-group>
                  <string-name xmlns:xlink="http://www.w3.org/1999/xlink">
                     <surname>Todorov</surname>
                  </string-name>
               </person-group>
               <source>Grammaire du Dicameron</source>
               <year>1969</year>
            </mixed-citation>
            <mixed-citation id="d3334e1086" publication-type="book">
1971 Poitique de la prose (Paris: Seuil).<person-group>
                  <string-name xmlns:xlink="http://www.w3.org/1999/xlink">
                     <surname>Todorov</surname>
                  </string-name>
               </person-group>
               <source>Poitique de la prose</source>
               <year>1971</year>
            </mixed-citation>
         </ref>
         <ref id="d3334e1108a1310">
            <mixed-citation id="d3334e1112" publication-type="book">
Van Dijk, T.A., 1975. "Narrative Macro-structure. Logical and Cognitive Foundations"
(Mimeo, University of Amsterdam).<person-group>
                  <string-name xmlns:xlink="http://www.w3.org/1999/xlink">
                     <surname>Van Dijk</surname>
                  </string-name>
               </person-group>
               <source>Narrative Macro-structure. Logical and Cognitive Foundations</source>
               <year>1975</year>
            </mixed-citation>
         </ref>
         <ref id="d3334e1137a1310">
            <mixed-citation id="d3334e1141" publication-type="book">
Veron, E., 1978. "Le Hibou," Communications 28 (Paris: Seuil).<person-group>
                  <string-name xmlns:xlink="http://www.w3.org/1999/xlink">
                     <surname>Veron</surname>
                  </string-name>
               </person-group>
               <comment content-type="section">Le Hibou</comment>
               <fpage>28</fpage>
               <source>Communications</source>
               <year>1978</year>
            </mixed-citation>
         </ref>
         <ref id="d3334e1170a1310">
            <mixed-citation id="d3334e1174" publication-type="book">
Vignaux, G., 1973. "Le discours argument6 crit," Communications 20 Paris: Seuil).<person-group>
                  <string-name xmlns:xlink="http://www.w3.org/1999/xlink">
                     <surname>Vignaux</surname>
                  </string-name>
               </person-group>
               <comment content-type="section">Le discours argument6 crit</comment>
               <fpage>20</fpage>
               <source>Communications</source>
               <year>1973</year>
            </mixed-citation>
         </ref>
         <ref id="d3334e1203a1310">
            <mixed-citation id="d3334e1207" publication-type="book">
Vignaux, G., P. Lascoumes and G. Moreau-Capdevielle, 1978. "Il y a parmi nous des
monstres," Communications 28 (Paris: Seuil).<person-group>
                  <string-name xmlns:xlink="http://www.w3.org/1999/xlink">
                     <surname>Vignaux</surname>
                  </string-name>
               </person-group>
               <comment content-type="section">Il y a parmi nous des monstres</comment>
               <fpage>28</fpage>
               <source>Communications</source>
               <year>1978</year>
            </mixed-citation>
         </ref>
      </ref-list>
   </back>
</article>
