<article dtd-version="1.0" article-type="research-article">
   <front>
      <journal-meta>
         <journal-id xmlns:xlink="http://www.w3.org/1999/xlink" journal-id-type="jstor">poeticstoday</journal-id>
         <journal-id xmlns:xlink="http://www.w3.org/1999/xlink" journal-id-type="jstor">j100659</journal-id>
         <journal-title-group xmlns:xlink="http://www.w3.org/1999/xlink">
            <journal-title>Poetics Today</journal-title>
         </journal-title-group>
         <publisher>
            <publisher-name>Porter Institute for Poetics and Semiotics</publisher-name>
         </publisher>
         <issn xmlns:xlink="http://www.w3.org/1999/xlink" pub-type="ppub">03335372</issn>
         <issn xmlns:xlink="http://www.w3.org/1999/xlink" pub-type="epub">15275507</issn>
      </journal-meta>
      <article-meta>
         <article-id xmlns:xlink="http://www.w3.org/1999/xlink" pub-id-type="doi">10.2307/1771893</article-id>
         <article-categories>
            <subj-group>
               <subject>Text Coherence</subject>
            </subj-group>
         </article-categories>
         <title-group>
            <article-title>Conditions for Text Coherence</article-title>
         </title-group>
         <contrib-group>
            <contrib contrib-type="author">
               <string-name xmlns:xlink="http://www.w3.org/1999/xlink">
                  <given-names>Tanya</given-names>
                  <surname>Reinhart</surname>
               </string-name>
            </contrib>
         </contrib-group>
         <pub-date xmlns:xlink="http://www.w3.org/1999/xlink">
            <day>1</day>
            <month>7</month>
            <year>1980</year>
         </pub-date>
         <volume>1</volume>
         <issue>4</issue>
         <issue-id xmlns:xlink="http://www.w3.org/1999/xlink">i303049</issue-id>
         <fpage>161</fpage>
         <lpage>180</lpage>
         <page-range>161-180</page-range>
         <permissions>
            <copyright-statement>Copyright The Porter Institute for Poetics and Semiotics Tel Aviv University</copyright-statement>
         </permissions>
         <self-uri xmlns:xlink="http://www.w3.org/1999/xlink"
                   xlink:href="http://www.jstor.org/stable/1771893"/>
         <custom-meta-group xmlns:xlink="http://www.w3.org/1999/xlink">
            <custom-meta>
               <meta-name>lang</meta-name>
               <meta-value>eng</meta-value>
            </custom-meta>
         </custom-meta-group>
      </article-meta>
   </front>
   <back>
      <fn-group xmlns:xlink="http://www.w3.org/1999/xlink">
         <title>[Footnotes]</title>
         <fn id="d31450e123a1310">
            <label>2</label>
            <p>
               <mixed-citation id="d31450e130" publication-type="book">
Labov and Fanshel's rules (1978)  </mixed-citation>
            </p>
            <p>
               <mixed-citation id="d31450e138" publication-type="book">
Labov &amp; Fanshel, 1978:99  <fpage>99</fpage>
               </mixed-citation>
            </p>
         </fn>
         <fn id="d31450e150a1310">
            <label>4</label>
            <p>
               <mixed-citation id="d31450e157" publication-type="book">
Why does this boy have to wriggle all the time? Good boys don't wriggle.
(Halliday &amp; Hasan, 1976:282)<person-group>
                     <string-name>
                        <surname>Halliday</surname>
                     </string-name>
                  </person-group>
                  <comment content-type="section">Why does this boy have to wriggle all the time?</comment>
                  <fpage>282</fpage>
                  <source>Good boys</source>
                  <year>1976</year>
               </mixed-citation>
            </p>
         </fn>
         <fn id="d31450e189a1310">
            <label>5</label>
            <p>
               <mixed-citation id="d31450e196" publication-type="other">
Rachel Giora in preparation for her forthcoming Ph.D. thesis, Tel Aviv University</mixed-citation>
            </p>
         </fn>
      </fn-group>
      <ref-list>
         <title>REFERENCES</title>
         <ref id="d31450e212a1310">
            <mixed-citation id="d31450e216" publication-type="conference">
ADRIAENS, M., 1979. "Isotopic Organization and Narrative Grammar." (A Paper presented at
Synopsis, 2, Porter Institute, Tel Aviv, June 1979), PTL 4, No. 3.<person-group>
                  <string-name xmlns:xlink="http://www.w3.org/1999/xlink">
                     <surname>Adriaens</surname>
                  </string-name>
               </person-group>
               <comment content-type="section">Isotopic Organization and Narrative Grammar</comment>
               <source>Synopsis, 2, Porter Institute, Tel Aviv, June 1979</source>
               <year>1979</year>
            </mixed-citation>
         </ref>
         <ref id="d31450e245a1310">
            <mixed-citation id="d31450e249" publication-type="journal">
BELLERT, 1., 1970. "On a Condition of the Coherence of Texts," Semiotica 2, 4, 335-363.<person-group>
                  <string-name xmlns:xlink="http://www.w3.org/1999/xlink">
                     <surname>Bellert</surname>
                  </string-name>
               </person-group>
               <fpage>335</fpage>
               <volume>2</volume>
               <source>Semiotica</source>
               <year>1970</year>
            </mixed-citation>
         </ref>
         <ref id="d31450e278a1310">
            <mixed-citation id="d31450e282" publication-type="conference">
BOWDTrcH-POLANYI. L., 1976. "Why the Whats Are When: Mutually Contextualizing Realms of
Narrative." Proceedings of the Berkeley Linguistics Society 2, 59-77.<person-group>
                  <string-name xmlns:xlink="http://www.w3.org/1999/xlink">
                     <surname>Bowdtrch-Polanyi</surname>
                  </string-name>
               </person-group>
               <comment content-type="section">Why the Whats Are When: Mutually Contextualizing Realms of Narrative</comment>
               <fpage>59</fpage>
               <volume>2</volume>
               <source>Proceedings of the Berkeley Linguistics Society</source>
               <year>1976</year>
            </mixed-citation>
         </ref>
         <ref id="d31450e317a1310">
            <mixed-citation id="d31450e321" publication-type="book">
CHAFE, W., 1976. "Givenness. Contrastiveness, Definiteness. Subjects. Topics and Point of View,"
in: Charles N. Li, ed., Subject and Topic (Academic Press), 25-56.<person-group>
                  <string-name xmlns:xlink="http://www.w3.org/1999/xlink">
                     <surname>Chafe</surname>
                  </string-name>
               </person-group>
               <comment content-type="section">Givenness. Contrastiveness, Definiteness. Subjects. Topics and Point of View</comment>
               <fpage>25</fpage>
               <source>Subject and Topic</source>
               <year>1976</year>
            </mixed-citation>
         </ref>
         <ref id="d31450e354a1310">
            <mixed-citation id="d31450e358" publication-type="conference">
CHATMAN, S., 1979. "On the Notion of Theme in Narrative." A paper presented at Synopsis2, Porter
Institute, Tel Aviv, June 1979.<person-group>
                  <string-name xmlns:xlink="http://www.w3.org/1999/xlink">
                     <surname>Chatman</surname>
                  </string-name>
               </person-group>
               <comment content-type="section">On the Notion of Theme in Narrative</comment>
               <source>Synopsis2, Porter Institute, Tel Aviv, June 1979</source>
               <year>1979</year>
            </mixed-citation>
         </ref>
         <ref id="d31450e387a1310">
            <mixed-citation id="d31450e391" publication-type="book">
CHOMSKY, N., 1965. Aspects of the Theory of Syntax (MIT Press).<person-group>
                  <string-name xmlns:xlink="http://www.w3.org/1999/xlink">
                     <surname>Chomsky</surname>
                  </string-name>
               </person-group>
               <source>Aspects of the Theory of Syntax</source>
               <year>1965</year>
            </mixed-citation>
         </ref>
         <ref id="d31450e413a1310">
            <mixed-citation id="d31450e417" publication-type="book">
DANEA, F., 1974. "Functional Sentence Perspective and the Organization of the Text," in: F. Danep,
ed., Papers on Functional Sentence Perspective (Prague: Academia).<person-group>
                  <string-name xmlns:xlink="http://www.w3.org/1999/xlink">
                     <surname>Danea</surname>
                  </string-name>
               </person-group>
               <comment content-type="section">Functional Sentence Perspective and the Organization of the Text</comment>
               <source>Papers on Functional Sentence Perspective</source>
               <year>1974</year>
            </mixed-citation>
         </ref>
         <ref id="d31450e446a1310">
            <mixed-citation id="d31450e450" publication-type="journal">
DASCAL, M., 1977. "Conversational Relevance," Journal of Pragmatics 1,309-328.<person-group>
                  <string-name xmlns:xlink="http://www.w3.org/1999/xlink">
                     <surname>Dascal</surname>
                  </string-name>
               </person-group>
               <fpage>309</fpage>
               <volume>1</volume>
               <source>Journal of Pragmatics</source>
               <year>1977</year>
            </mixed-citation>
         </ref>
         <ref id="d31450e479a1310">
            <mixed-citation id="d31450e483" publication-type="book">
VAN DIIK, T., 1972. Some Aspects of Text Grammar (The Hague: Mouton).<person-group>
                  <string-name xmlns:xlink="http://www.w3.org/1999/xlink">
                     <surname>van Diik</surname>
                  </string-name>
               </person-group>
               <source>Some Aspects of Text Grammar</source>
               <year>1972</year>
            </mixed-citation>
         </ref>
         <ref id="d31450e505a1310">
            <mixed-citation id="d31450e509" publication-type="journal">
ENKVIST, N. E., 1978. "Coherence, Pseudo-Coherence, and Non-Coherence," in Ostman, 1978.<person-group>
                  <string-name xmlns:xlink="http://www.w3.org/1999/xlink">
                     <surname>Enkvist</surname>
                  </string-name>
               </person-group>
               <source>Ostman</source>
               <year>1978</year>
            </mixed-citation>
         </ref>
         <ref id="d31450e532a1310">
            <mixed-citation id="d31450e536" publication-type="journal">
FIRBAS, J., 1975. "On the Thematic and Non-Thematic Section of the Sentence," Style and Text,
317-334.<person-group>
                  <string-name xmlns:xlink="http://www.w3.org/1999/xlink">
                     <surname>Firbas</surname>
                  </string-name>
               </person-group>
               <fpage>317</fpage>
               <source>Style and Text</source>
               <year>1975</year>
            </mixed-citation>
         </ref>
         <ref id="d31450e565a1310">
            <mixed-citation id="d31450e569" publication-type="book">
FREEMAN, T., J.L. CAMERON AND A. McGHIE, 1966. Studies in Psychosis(New York: International
Universsities Press).<person-group>
                  <string-name xmlns:xlink="http://www.w3.org/1999/xlink">
                     <surname>Freeman</surname>
                  </string-name>
               </person-group>
               <source>Studies in Psychosis</source>
               <year>1966</year>
            </mixed-citation>
         </ref>
         <ref id="d31450e594a1310">
            <mixed-citation id="d31450e598" publication-type="book">
GRICE, H.P., 1975. "Logic and Conversation," in: Peter Cole and J. Morgan, eds., Syntax and
Semantics. Vol 3: Speech Acts (New York: Academic Press).<person-group>
                  <string-name xmlns:xlink="http://www.w3.org/1999/xlink">
                     <surname>Grice</surname>
                  </string-name>
               </person-group>
               <comment content-type="section">Logic and Conversation</comment>
               <source>Syntax and Semantics. Vol 3: Speech Acts</source>
               <year>1975</year>
            </mixed-citation>
         </ref>
         <ref id="d31450e627a1310">
            <mixed-citation id="d31450e631" publication-type="other">
GUNDEL, J. 1974. The Role of Topic and Comment in Linguistic Theory. Ph. D. dissertation,
University of Texas at Austin, distributed by Indiana University Club.</mixed-citation>
         </ref>
         <ref id="d31450e641a1310">
            <mixed-citation id="d31450e645" publication-type="book">
GUTwINSKI, W., 1976. Cohesion in Literary Texts (The Hague: Mouton).<person-group>
                  <string-name xmlns:xlink="http://www.w3.org/1999/xlink">
                     <surname>Gutwinski</surname>
                  </string-name>
               </person-group>
               <source>Cohesion in Literary Texts</source>
               <year>1976</year>
            </mixed-citation>
         </ref>
         <ref id="d31450e667a1310">
            <mixed-citation id="d31450e671" publication-type="book">
HALLIDAY, M.A.K. AND R. HASAN, 1976. Cohesion in English (London: Longman).<person-group>
                  <string-name xmlns:xlink="http://www.w3.org/1999/xlink">
                     <surname>Halliday</surname>
                  </string-name>
               </person-group>
               <source>Cohesion in English</source>
               <year>1976</year>
            </mixed-citation>
         </ref>
         <ref id="d31450e694a1310">
            <mixed-citation id="d31450e698" publication-type="journal">
HRUSHOVSKI, B., 1974. "A Unified Theory of the Literary Text," in: Z. Ben-Porath, and B.<person-group>
                  <string-name xmlns:xlink="http://www.w3.org/1999/xlink">
                     <surname>Hrushovski</surname>
                  </string-name>
               </person-group>
               <source>Z. Ben-Porath, and B.</source>
               <year>1974</year>
            </mixed-citation>
         </ref>
         <ref id="d31450e720a1310">
            <mixed-citation id="d31450e724" publication-type="book">
Hrushovski, Structuralist Poetics in Israel(= PPS 1. Tel Aviv: Porter Institute).<person-group>
                  <string-name xmlns:xlink="http://www.w3.org/1999/xlink">
                     <surname>Hrushovski</surname>
                  </string-name>
               </person-group>
               <source>Structuralist Poetics in Israel</source>
            </mixed-citation>
            <mixed-citation id="d31450e742" publication-type="book">
1976 Segmentation and Motivation in the Text Continuum of Literary Prose: The First Episode of
War and Peace (= PPS 5. Tel Aviv: Porter Institute).<person-group>
                  <string-name xmlns:xlink="http://www.w3.org/1999/xlink">
                     <surname>Hrushovski</surname>
                  </string-name>
               </person-group>
               <source>Segmentation and Motivation in the Text Continuum of Literary Prose: The First Episode of War and Peace</source>
               <year>1976</year>
            </mixed-citation>
            <mixed-citation id="d31450e766" publication-type="book">
1979 "Integrational Semantics," lectures, Tel Aviv University.<person-group>
                  <string-name xmlns:xlink="http://www.w3.org/1999/xlink">
                     <surname>Hrushovski</surname>
                  </string-name>
               </person-group>
               <comment content-type="section">Integrational Semantics</comment>
               <source>lectures</source>
               <year>1979</year>
            </mixed-citation>
         </ref>
         <ref id="d31450e791a1310">
            <mixed-citation id="d31450e795" publication-type="journal">
KASHER, A., 1977. "What Is a Theory of Use?" Journal of Pragmatics 1, 105-120.<person-group>
                  <string-name xmlns:xlink="http://www.w3.org/1999/xlink">
                     <surname>Kasher</surname>
                  </string-name>
               </person-group>
               <fpage>105</fpage>
               <volume>1</volume>
               <source>Journal of Pragmatics</source>
               <year>1977</year>
            </mixed-citation>
         </ref>
         <ref id="d31450e824a1310">
            <mixed-citation id="d31450e828" publication-type="journal">
KuNo, S., 1972. "Functional Sentence Perspective," Linguistic Inquiry 3, 269-320.<person-group>
                  <string-name xmlns:xlink="http://www.w3.org/1999/xlink">
                     <surname>Kuno</surname>
                  </string-name>
               </person-group>
               <fpage>269</fpage>
               <volume>3</volume>
               <source>Linguistic Inquiry</source>
               <year>1972</year>
            </mixed-citation>
         </ref>
         <ref id="d31450e857a1310">
            <mixed-citation id="d31450e861" publication-type="book">
LABOV, W., 1972. Language in the Inner City (Philadelphia: Pennsylvania UP).<person-group>
                  <string-name xmlns:xlink="http://www.w3.org/1999/xlink">
                     <surname>Labov</surname>
                  </string-name>
               </person-group>
               <source>Language in the Inner City</source>
               <year>1972</year>
            </mixed-citation>
         </ref>
         <ref id="d31450e883a1310">
            <mixed-citation id="d31450e887" publication-type="book">
LABOV, W. AND D. FANSHEL, 1978. Therapeutic Discourse: Psychotherapy as Conversation (New
York: Academic Press).<person-group>
                  <string-name xmlns:xlink="http://www.w3.org/1999/xlink">
                     <surname>Labov</surname>
                  </string-name>
               </person-group>
               <source>Therapeutic Discourse: Psychotherapy as Conversation</source>
               <year>1978</year>
            </mixed-citation>
         </ref>
         <ref id="d31450e913a1310">
            <mixed-citation id="d31450e917" publication-type="book">
MLATHEsius, V., 1975. A Functional Analysis of Present Day English (Prague: Academia).<person-group>
                  <string-name xmlns:xlink="http://www.w3.org/1999/xlink">
                     <surname>Mlathesius</surname>
                  </string-name>
               </person-group>
               <source>A Functional Analysis of Present Day English</source>
               <year>1975</year>
            </mixed-citation>
         </ref>
         <ref id="d31450e939a1310">
            <mixed-citation id="d31450e943" publication-type="book">
OSTMAN, J.-L., ed., 1978. Semantics and Cohesion(Publications of the Research Institute of the ABO
Academic Foundation).<person-group>
                  <string-name xmlns:xlink="http://www.w3.org/1999/xlink">
                     <surname>Ostman</surname>
                  </string-name>
               </person-group>
               <source>Semantics and Cohesion</source>
               <year>1978</year>
            </mixed-citation>
         </ref>
         <ref id="d31450e968a1310">
            <mixed-citation id="d31450e972" publication-type="journal">
PADUCHEVA, E.V., 1974 [1965]. "On the Structure of the Paragraph," Linguistics 131, 49-58.<person-group>
                  <string-name xmlns:xlink="http://www.w3.org/1999/xlink">
                     <surname>Paducheva</surname>
                  </string-name>
               </person-group>
               <fpage>49</fpage>
               <volume>131</volume>
               <source>Linguistics</source>
               <year>1965</year>
            </mixed-citation>
         </ref>
         <ref id="d31450e1001a1310">
            <mixed-citation id="d31450e1005" publication-type="journal">
PERRY, M., 1979. "Literary Dynamics: How the Order of the Text Creates Its Meaning," Poetics
Today 1, No. 1/2.<object-id pub-id-type="doi">10.2307/1772040</object-id>
            </mixed-citation>
         </ref>
         <ref id="d31450e1018a1310">
            <mixed-citation id="d31450e1022" publication-type="book">
REINHART, T., 1976. "On Understanding Poetic Metaphors," Poetics 4. Reprinted in Ching, Haley &amp;
Lunsford, eds., Linguistic Perspectives in Literature (Routledge, Kegan, Paul)
(Forthcoming).<person-group>
                  <string-name xmlns:xlink="http://www.w3.org/1999/xlink">
                     <surname>Reinhart</surname>
                  </string-name>
               </person-group>
               <comment content-type="section">On Understanding Poetic Metaphors</comment>
               <source>Linguistic Perspectives in Literature</source>
               <year>1976</year>
            </mixed-citation>
         </ref>
         <ref id="d31450e1054a1310">
            <mixed-citation id="d31450e1058" publication-type="journal">
RIMMON-KENAN, S., 1980. "The Paradoxical Status of Repetition," Poetics Today 1:4, 151-159.<object-id pub-id-type="doi">10.2307/1771892</object-id>
               <fpage>151</fpage>
            </mixed-citation>
         </ref>
         <ref id="d31450e1072a1310">
            <mixed-citation id="d31450e1076" publication-type="journal">
VUCHINICH, S., 1977. "Elements of Cohesion, Between Turns in Ordinary Conversation," Semiotica
20, 3/4, 229-256.<person-group>
                  <string-name xmlns:xlink="http://www.w3.org/1999/xlink">
                     <surname>Vuchinich</surname>
                  </string-name>
               </person-group>
               <issue>3</issue>
               <fpage>229</fpage>
               <volume>20</volume>
               <source>Semiotica</source>
               <year>1977</year>
            </mixed-citation>
         </ref>
      </ref-list>
   </back>
</article>
