<article dtd-version="1.0" article-type="research-article">
   <front>
      <journal-meta>
         <journal-id xmlns:xlink="http://www.w3.org/1999/xlink" journal-id-type="jstor">poeticstoday</journal-id>
         <journal-id xmlns:xlink="http://www.w3.org/1999/xlink" journal-id-type="jstor">j100659</journal-id>
         <journal-title-group xmlns:xlink="http://www.w3.org/1999/xlink">
            <journal-title>Poetics Today</journal-title>
         </journal-title-group>
         <publisher>
            <publisher-name>Porter Institute for Poetics and Semiotics</publisher-name>
         </publisher>
         <issn xmlns:xlink="http://www.w3.org/1999/xlink" pub-type="ppub">03335372</issn>
         <issn xmlns:xlink="http://www.w3.org/1999/xlink" pub-type="epub">15275507</issn>
      </journal-meta>
      <article-meta>
         <article-id xmlns:xlink="http://www.w3.org/1999/xlink" pub-id-type="doi">10.2307/1771904</article-id>
         <title-group>
            <article-title>Contrast, Ambiguity, Double-Edgedness</article-title>
         </title-group>
         <contrib-group>
            <contrib contrib-type="author">
               <string-name xmlns:xlink="http://www.w3.org/1999/xlink">
                  <given-names>Reuven</given-names>
                  <surname>Tsur</surname>
               </string-name>
            </contrib>
         </contrib-group>
         <pub-date xmlns:xlink="http://www.w3.org/1999/xlink">
            <day>1</day>
            <month>1</month>
            <year>1985</year>
         </pub-date>
         <volume>6</volume>
         <issue>3</issue>
         <issue-id xmlns:xlink="http://www.w3.org/1999/xlink">i303068</issue-id>
         <fpage>417</fpage>
         <lpage>445</lpage>
         <page-range>417-445</page-range>
         <permissions>
            <copyright-statement>Copyright The Porter Institute for Poetics and Semiotics Tel Aviv University</copyright-statement>
         </permissions>
         <self-uri xmlns:xlink="http://www.w3.org/1999/xlink"
                   xlink:href="http://www.jstor.org/stable/1771904"/>
         <custom-meta-group xmlns:xlink="http://www.w3.org/1999/xlink">
            <custom-meta>
               <meta-name>lang</meta-name>
               <meta-value>eng</meta-value>
            </custom-meta>
         </custom-meta-group>
      </article-meta>
   </front>
   <back>
      <fn-group xmlns:xlink="http://www.w3.org/1999/xlink">
         <title>[Footnotes]</title>
         <fn id="d9247e114a1310">
            <label>1</label>
            <p>
               <mixed-citation id="d9247e121" publication-type="book">
Arnheim (1967)  </mixed-citation>
            </p>
            <p>
               <mixed-citation id="d9247e129" publication-type="other">
Meyer (1956)</mixed-citation>
            </p>
            <p>
               <mixed-citation id="d9247e135" publication-type="book">
Ehrenzweig (1965)  </mixed-citation>
            </p>
            <p>
               <mixed-citation id="d9247e144" publication-type="other">
Hermstein-Smith (1968)</mixed-citation>
            </p>
            <p>
               <mixed-citation id="d9247e150" publication-type="book">
Tsur
(1972, 1977, 1978)  </mixed-citation>
            </p>
            <p>
               <mixed-citation id="d9247e161" publication-type="book">
Rorschach (1951:31, 98, and passim)  </mixed-citation>
            </p>
            <p>
               <mixed-citation id="d9247e169" publication-type="book">
Arnheim
(1967:323-325)  <fpage>323</fpage>
               </mixed-citation>
            </p>
            <p>
               <mixed-citation id="d9247e183" publication-type="book">
Arnheim and Klein (1967)  </mixed-citation>
            </p>
         </fn>
         <fn id="d9247e192a1310">
            <label>2</label>
            <p>
               <mixed-citation id="d9247e201" publication-type="other">
Frenkel-Brunswick 1968:136</mixed-citation>
            </p>
            <p>
               <mixed-citation id="d9247e207" publication-type="book">
Leach (1970)  </mixed-citation>
            </p>
            <p>
               <mixed-citation id="d9247e216" publication-type="book">
Chatman
1965:23-24  <fpage>23</fpage>
               </mixed-citation>
            </p>
            <p>
               <mixed-citation id="d9247e230" publication-type="other">
Tsur (1975, 1979)</mixed-citation>
            </p>
         </fn>
      </fn-group>
      <ref-list>
         <title>References</title>
         <ref id="d9247e246a1310">
            <mixed-citation id="d9247e250" publication-type="book">
Alcock, Theodora, 1963. The Rorschach in Practice (London).<person-group>
                  <string-name xmlns:xlink="http://www.w3.org/1999/xlink">
                     <surname>Alcock</surname>
                  </string-name>
               </person-group>
               <source>The Rorschach in Practice</source>
               <year>1963</year>
            </mixed-citation>
         </ref>
         <ref id="d9247e272a1310">
            <mixed-citation id="d9247e276" publication-type="book">
Arnheim, Rudolf, 1967. Art and Visual Perception (London: Faber).<person-group>
                  <string-name xmlns:xlink="http://www.w3.org/1999/xlink">
                     <surname>Arnheim</surname>
                  </string-name>
               </person-group>
               <source>Art and Visual Perception</source>
               <year>1967</year>
            </mixed-citation>
         </ref>
         <ref id="d9247e298a1310">
            <mixed-citation id="d9247e302" publication-type="book">
Arnheim, Rudolf and Abraham Klein, 1967. "Perceptual Analysis of a Rorschach Card," in:
Arnheim, Rudolf, Toward a Psychology of Art (London).<person-group>
                  <string-name xmlns:xlink="http://www.w3.org/1999/xlink">
                     <surname>Arnheim</surname>
                  </string-name>
               </person-group>
               <comment content-type="section">Perceptual Analysis of a Rorschach Card</comment>
               <source>Toward a Psychology of Art</source>
               <year>1967</year>
            </mixed-citation>
         </ref>
         <ref id="d9247e331a1310">
            <mixed-citation id="d9247e335" publication-type="book">
Brown, Roger, 19682. Words and Things (New York: Free Press).<person-group>
                  <string-name xmlns:xlink="http://www.w3.org/1999/xlink">
                     <surname>Brown</surname>
                  </string-name>
               </person-group>
               <source>Words and Things</source>
               <year>1968</year>
            </mixed-citation>
         </ref>
         <ref id="d9247e358a1310">
            <mixed-citation id="d9247e362" publication-type="book">
Chatman, Seymour, 1965. Theory of Metre (The Hague: Mouton).<person-group>
                  <string-name xmlns:xlink="http://www.w3.org/1999/xlink">
                     <surname>Chatman</surname>
                  </string-name>
               </person-group>
               <source>Theory of Metre</source>
               <year>1965</year>
            </mixed-citation>
         </ref>
         <ref id="d9247e384a1310">
            <mixed-citation id="d9247e388" publication-type="book">
Ehrenzweig, Anton, 1965. The Psychoanalysis of Artistic Vision and Hearing (New York:
Braziller).<person-group>
                  <string-name xmlns:xlink="http://www.w3.org/1999/xlink">
                     <surname>Ehrenzweig</surname>
                  </string-name>
               </person-group>
               <source>The Psychoanalysis of Artistic Vision and Hearing</source>
               <year>1965</year>
            </mixed-citation>
         </ref>
         <ref id="d9247e413a1310">
            <mixed-citation id="d9247e417" publication-type="book">
Fowler, Roger, 1971. The Languages of Literature (London: Routledge).<person-group>
                  <string-name xmlns:xlink="http://www.w3.org/1999/xlink">
                     <surname>Fowler</surname>
                  </string-name>
               </person-group>
               <source>The Languages of Literature</source>
               <year>1971</year>
            </mixed-citation>
         </ref>
         <ref id="d9247e439a1310">
            <mixed-citation id="d9247e443" publication-type="book">
Frenkel-Brunswick, Else, 19682. "Intolerance of Ambiguity as an Emotional and Perceptual
Variable," in: Jerome S. Bruner and David Kretch, eds. Perception and Personality:
A Symposium (New York: Greenwood Press).<person-group>
                  <string-name xmlns:xlink="http://www.w3.org/1999/xlink">
                     <surname>Brunswick</surname>
                  </string-name>
               </person-group>
               <comment content-type="section">Intolerance of Ambiguity as an Emotional and Perceptual Variable</comment>
               <source>Perception and Personality: A Symposium</source>
               <year>1968</year>
            </mixed-citation>
         </ref>
         <ref id="d9247e475a1310">
            <mixed-citation id="d9247e479" publication-type="journal">
Halle, Morris and S. J. Keyser, 1971. "Illustration and Defence of a Theory of the Iambic
Pentameter." College English 33:154-176.<object-id pub-id-type="doi">10.2307/374744</object-id>
               <fpage>154</fpage>
            </mixed-citation>
         </ref>
         <ref id="d9247e495a1310">
            <mixed-citation id="d9247e499" publication-type="book">
Herrnstein-Smith, Barbara, 1968. Poetic Closure (Chicago: Chicago UP).<person-group>
                  <string-name xmlns:xlink="http://www.w3.org/1999/xlink">
                     <surname>Smith</surname>
                  </string-name>
               </person-group>
               <source>Poetic Closure</source>
               <year>1968</year>
            </mixed-citation>
         </ref>
         <ref id="d9247e522a1310">
            <mixed-citation id="d9247e526" publication-type="book">
Leach, Penelope Jane, 1970. "A Critical Study of the Literature Concerning Rigidity,"
in: Peter B. Warr, ed., Thought and Personality (Harmondsworth: Penguin).<person-group>
                  <string-name xmlns:xlink="http://www.w3.org/1999/xlink">
                     <surname>Leach</surname>
                  </string-name>
               </person-group>
               <comment content-type="section">A Critical Study of the Literature Concerning Rigidity</comment>
               <source>Thought and Personality</source>
               <year>1970</year>
            </mixed-citation>
         </ref>
         <ref id="d9247e555a1310">
            <mixed-citation id="d9247e559" publication-type="book">
Meyer, Leonard B., 1956. Emotion and Meaning in Music (Chicago: Chicago UP).<person-group>
                  <string-name xmlns:xlink="http://www.w3.org/1999/xlink">
                     <surname>Meyer</surname>
                  </string-name>
               </person-group>
               <source>Emotion and Meaning in Music</source>
               <year>1956</year>
            </mixed-citation>
         </ref>
         <ref id="d9247e581a1310">
            <mixed-citation id="d9247e585" publication-type="book">
Rorschach, Hermann, 1951. Psychodiagnostics (Bern).<person-group>
                  <string-name xmlns:xlink="http://www.w3.org/1999/xlink">
                     <surname>Rorschach</surname>
                  </string-name>
               </person-group>
               <source>Psychodiagnostics</source>
               <year>1951</year>
            </mixed-citation>
         </ref>
         <ref id="d9247e607a1310">
            <mixed-citation id="d9247e611" publication-type="book">
Sinfield, Alan, 1971. The Language of Tennyson's In Memoriam (Oxford: Blackwell).<person-group>
                  <string-name xmlns:xlink="http://www.w3.org/1999/xlink">
                     <surname>Sinfield</surname>
                  </string-name>
               </person-group>
               <source>The Language of Tennyson's In Memoriam</source>
               <year>1971</year>
            </mixed-citation>
         </ref>
         <ref id="d9247e633a1310">
            <mixed-citation id="d9247e637" publication-type="book">
Tsur, Reuven, 1972. "Articulateness and Requiredness in Iambic Verse," Style 6: 123-148.<person-group>
                  <string-name xmlns:xlink="http://www.w3.org/1999/xlink">
                     <surname>Tsur</surname>
                  </string-name>
               </person-group>
               <comment content-type="section">Articulateness and Requiredness in Iambic Verse</comment>
               <fpage>123</fpage>
               <volume>6</volume>
               <source>Style</source>
               <year>1972</year>
            </mixed-citation>
            <mixed-citation id="d9247e668" publication-type="journal">
1975 "Two Critical Attitudes: Quest for Certitude and Negative Capability," College
English 36:776-788.<object-id pub-id-type="doi">10.2307/375175</object-id>
               <fpage>776</fpage>
            </mixed-citation>
            <mixed-citation id="d9247e683" publication-type="book">
1977 A Perception-Oriented Theory of Metre. Papers on Poetics and Semiotics, 7 (Tel
Aviv: Porter Institute for Poetics and Semiotics).<person-group>
                  <string-name xmlns:xlink="http://www.w3.org/1999/xlink">
                     <surname>Tsur</surname>
                  </string-name>
               </person-group>
               <volume>7</volume>
               <source>A Perception-Oriented Theory of Metre</source>
               <year>1977</year>
            </mixed-citation>
            <mixed-citation id="d9247e711" publication-type="journal">
1978 "Emotion, Emotional Qualities, and Poetry," Psychocultural Review 2:165-180.<person-group>
                  <string-name xmlns:xlink="http://www.w3.org/1999/xlink">
                     <surname>Tsur</surname>
                  </string-name>
               </person-group>
               <fpage>165</fpage>
               <volume>2</volume>
               <source>Psychocultural Review</source>
               <year>1978</year>
            </mixed-citation>
            <mixed-citation id="d9247e740" publication-type="journal">
1979 "Levels of Information Processing in Reading Poetry," Critical Inquiry 5:751-759.<object-id pub-id-type="jstor">10.2307/1343033</object-id>
               <fpage>751</fpage>
            </mixed-citation>
         </ref>
      </ref-list>
   </back>
</article>
