<article dtd-version="1.0" article-type="research-article">
   <front>
      <journal-meta>
         <journal-id xmlns:xlink="http://www.w3.org/1999/xlink" journal-id-type="jstor">poeticstoday</journal-id>
         <journal-id xmlns:xlink="http://www.w3.org/1999/xlink" journal-id-type="jstor">j100659</journal-id>
         <journal-title-group xmlns:xlink="http://www.w3.org/1999/xlink">
            <journal-title>Poetics Today</journal-title>
         </journal-title-group>
         <publisher>
            <publisher-name>Porter Institute for Poetics and Semiotics</publisher-name>
         </publisher>
         <issn xmlns:xlink="http://www.w3.org/1999/xlink" pub-type="ppub">03335372</issn>
         <issn xmlns:xlink="http://www.w3.org/1999/xlink" pub-type="epub">15275507</issn>
      </journal-meta>
      <article-meta>
         <article-id xmlns:xlink="http://www.w3.org/1999/xlink" pub-id-type="doi">10.2307/1771887</article-id>
         <article-categories>
            <subj-group>
               <subject>Genre</subject>
            </subj-group>
         </article-categories>
         <title-group>
            <article-title>The Evil Ring: Realism and the Marvelous</article-title>
         </title-group>
         <contrib-group>
            <contrib contrib-type="author">
               <string-name xmlns:xlink="http://www.w3.org/1999/xlink">
                  <given-names>Christine</given-names>
                  <surname>Brooke-Rose</surname>
               </string-name>
            </contrib>
         </contrib-group>
         <pub-date xmlns:xlink="http://www.w3.org/1999/xlink">
            <day>1</day>
            <month>7</month>
            <year>1980</year>
         </pub-date>
         <volume>1</volume>
         <issue>4</issue>
         <issue-id xmlns:xlink="http://www.w3.org/1999/xlink">i303049</issue-id>
         <fpage>67</fpage>
         <lpage>90</lpage>
         <page-range>67-90</page-range>
         <permissions>
            <copyright-statement>Copyright The Porter Institute for Poetics and Semiotics Tel Aviv University</copyright-statement>
         </permissions>
         <self-uri xmlns:xlink="http://www.w3.org/1999/xlink"
                   xlink:href="http://www.jstor.org/stable/1771887"/>
         <custom-meta-group xmlns:xlink="http://www.w3.org/1999/xlink">
            <custom-meta>
               <meta-name>lang</meta-name>
               <meta-value>eng</meta-value>
            </custom-meta>
         </custom-meta-group>
      </article-meta>
   </front>
   <back>
      <fn-group xmlns:xlink="http://www.w3.org/1999/xlink">
         <title>[Footnotes]</title>
         <fn id="d31499e123a1310">
            <label>2</label>
            <p>
               <mixed-citation id="d31499e130" publication-type="other">
Cp. Genette (1969)</mixed-citation>
            </p>
            <p>
               <mixed-citation id="d31499e136" publication-type="book">
La Princesse de
Cldves by Mm. de Lafayette: The Prince de Clbves does not die (as it appears)<person-group>
                     <string-name>
                        <surname>Lafayette</surname>
                     </string-name>
                  </person-group>
                  <source>La Princesse de Cldves</source>
               </mixed-citation>
            </p>
         </fn>
         <fn id="d31499e158a1310">
            <label>4</label>
            <p>
               <mixed-citation id="d31499e165" publication-type="book">
Maupassant's Deux amis<person-group>
                     <string-name>
                        <surname>Maupassant</surname>
                     </string-name>
                  </person-group>
                  <source>Deux amis</source>
               </mixed-citation>
            </p>
            <p>
               <mixed-citation id="d31499e183" publication-type="book">
Paris
from the Prussian encirclement (p. 426, n. 31)<fpage>426</fpage>
                  <source>Paris from the Prussian encirclement</source>
               </mixed-citation>
            </p>
         </fn>
         <fn id="d31499e199a1310">
            <label>5</label>
            <p>
               <mixed-citation id="d31499e206" publication-type="book">
Riffaterre (1971)  </mixed-citation>
            </p>
         </fn>
         <fn id="d31499e215a1310">
            <label>7</label>
            <p>
               <mixed-citation id="d31499e222" publication-type="book">
Proust's etymologist Brichot (Sodome et Gomorrhe, Pl'iade
ed., pp. 888-890)<person-group>
                     <string-name>
                        <surname>Proust</surname>
                     </string-name>
                  </person-group>
                  <fpage>888</fpage>
                  <source>Sodome et Gomorrhe</source>
               </mixed-citation>
            </p>
         </fn>
         <fn id="d31499e248a1310">
            <label>10</label>
            <p>
               <mixed-citation id="d31499e255" publication-type="journal">
Cp. Henri Mitterand (1973)  </mixed-citation>
            </p>
         </fn>
      </fn-group>
      <ref-list>
         <title>References</title>
         <ref id="d31499e273a1310">
            <mixed-citation id="d31499e277" publication-type="journal">
BARTHES ROLAND 1968. "L'effet du reel," Communications II, 84-89,<person-group>
                  <string-name xmlns:xlink="http://www.w3.org/1999/xlink">
                     <surname>Roland</surname>
                  </string-name>
               </person-group>
               <fpage>84</fpage>
               <volume>II</volume>
               <source>Communications</source>
               <year>1968</year>
            </mixed-citation>
            <mixed-citation id="d31499e305" publication-type="book">
1970 S/Z(Paris, Seuil), trans. Richard Miller, S/Z(New York: Farrar Strauss &amp; Giroux, 1974; Hill
&amp; Wang paperback).<person-group>
                  <string-name xmlns:xlink="http://www.w3.org/1999/xlink">
                     <surname>Roland</surname>
                  </string-name>
               </person-group>
               <source>S/Z</source>
               <year>1974</year>
            </mixed-citation>
         </ref>
         <ref id="d31499e330a1310">
            <mixed-citation id="d31499e334" publication-type="journal">
BREMOND, CLAUDE, 1966. "La logique des possibles narratifs," Communications 8, 60-78,<person-group>
                  <string-name xmlns:xlink="http://www.w3.org/1999/xlink">
                     <surname>Bremond</surname>
                  </string-name>
               </person-group>
               <fpage>60</fpage>
               <volume>8</volume>
               <source>Communications</source>
               <year>1966</year>
            </mixed-citation>
            <mixed-citation id="d31499e362" publication-type="book">
1973 La Logique du recit (Paris: Seuil).<person-group>
                  <string-name xmlns:xlink="http://www.w3.org/1999/xlink">
                     <surname>Bremond</surname>
                  </string-name>
               </person-group>
               <source>La Logique du recit</source>
               <year>1973</year>
            </mixed-citation>
         </ref>
         <ref id="d31499e384a1310">
            <mixed-citation id="d31499e388" publication-type="book">
CHOMSKY, NOAM, 1965. Aspects of the Theory of Syntax (Cambridge, Mass.: M.I.T.).<person-group>
                  <string-name xmlns:xlink="http://www.w3.org/1999/xlink">
                     <surname>Chomsky</surname>
                  </string-name>
               </person-group>
               <source>Aspects of the Theory of Syntax</source>
               <year>1965</year>
            </mixed-citation>
         </ref>
         <ref id="d31499e410a1310">
            <mixed-citation id="d31499e414" publication-type="journal">
GENERTE, GERARD, 1969. "Vraisemblance et motivation," Communications II, 5-21<person-group>
                  <string-name xmlns:xlink="http://www.w3.org/1999/xlink">
                     <surname>Generte</surname>
                  </string-name>
               </person-group>
               <fpage>5</fpage>
               <volume>II</volume>
               <source>Communications</source>
               <year>1969</year>
            </mixed-citation>
            <mixed-citation id="d31499e442" publication-type="book">
Figures
II(Paris: Seuil, 1969).<source>Figures II</source>
               <year>1969</year>
            </mixed-citation>
         </ref>
         <ref id="d31499e459a1310">
            <mixed-citation id="d31499e463" publication-type="book">
GREIMAS, A.J., 1966. Simantique structurale (Paris: Larousse).<person-group>
                  <string-name xmlns:xlink="http://www.w3.org/1999/xlink">
                     <surname>Greimas</surname>
                  </string-name>
               </person-group>
               <source>Simantique structurale</source>
               <year>1966</year>
            </mixed-citation>
            <mixed-citation id="d31499e484" publication-type="book">
1970 Du Sens (Paris: Seuil).<person-group>
                  <string-name xmlns:xlink="http://www.w3.org/1999/xlink">
                     <surname>Greimas</surname>
                  </string-name>
               </person-group>
               <source>Du Sens</source>
               <year>1970</year>
            </mixed-citation>
            <mixed-citation id="d31499e505" publication-type="book">
1976 Maupassant - La Scmiotique du texte: exercices pratiques (Paris: Seuil).<person-group>
                  <string-name xmlns:xlink="http://www.w3.org/1999/xlink">
                     <surname>Greimas</surname>
                  </string-name>
               </person-group>
               <source>Maupassant - La Scmiotique du texte: exercices pratiques</source>
               <year>1976</year>
            </mixed-citation>
         </ref>
         <ref id="d31499e527a1310">
            <mixed-citation id="d31499e531" publication-type="journal">
HAMON, PHILIPPE, 1972. "Qu'est-ce qu'une description?," Poitique 12, 465-485,<person-group>
                  <string-name xmlns:xlink="http://www.w3.org/1999/xlink">
                     <surname>Hamon</surname>
                  </string-name>
               </person-group>
               <fpage>465</fpage>
               <volume>12</volume>
               <source>Poitique</source>
               <year>1972</year>
            </mixed-citation>
            <mixed-citation id="d31499e559" publication-type="journal">
1973 "Un discours contraint," Poetique 16, 4-445.<person-group>
                  <string-name xmlns:xlink="http://www.w3.org/1999/xlink">
                     <surname>Hamon</surname>
                  </string-name>
               </person-group>
               <fpage>4</fpage>
               <volume>16</volume>
               <source>Poetique</source>
               <year>1973</year>
            </mixed-citation>
         </ref>
         <ref id="d31499e588a1310">
            <mixed-citation id="d31499e592" publication-type="book">
JAKOBSON, ROMAN, 1970. Questions de podttique (Paris: Seuil).<person-group>
                  <string-name xmlns:xlink="http://www.w3.org/1999/xlink">
                     <surname>Jakobson</surname>
                  </string-name>
               </person-group>
               <source>Questions de podttique</source>
               <year>1970</year>
            </mixed-citation>
         </ref>
         <ref id="d31499e614a1310">
            <mixed-citation id="d31499e618" publication-type="journal">
MITTERAND, HENRI. 1973. "Fonction narrative et fonction mimetique," Poitique 16'<person-group>
                  <string-name xmlns:xlink="http://www.w3.org/1999/xlink">
                     <surname>Mitterand</surname>
                  </string-name>
               </person-group>
               <volume>16</volume>
               <source>Poitique</source>
               <year>1973</year>
            </mixed-citation>
         </ref>
         <ref id="d31499e643a1310">
            <mixed-citation id="d31499e647" publication-type="book">
PROPP, VLADIMIR, 1928. Morfologia Skazki (Moscow), trans. Scott and Wagner, The Morphology of
the Folk-Tale (Austin, Texas, 1968).<person-group>
                  <string-name xmlns:xlink="http://www.w3.org/1999/xlink">
                     <surname>Propp</surname>
                  </string-name>
               </person-group>
               <source>Morfologia Skazki</source>
               <year>1928</year>
            </mixed-citation>
         </ref>
         <ref id="d31499e672a1310">
            <mixed-citation id="d31499e676" publication-type="book">
RIFFATERRE, MICHAEL, 1971. "L'explication des faits litteraires," In: L'enseignement de la littgrature
(Paris: Plon).<person-group>
                  <string-name xmlns:xlink="http://www.w3.org/1999/xlink">
                     <surname>Riffaterre</surname>
                  </string-name>
               </person-group>
               <comment content-type="section">L'explication des faits litteraires</comment>
               <source>L'enseignement de la littgrature</source>
               <year>1971</year>
            </mixed-citation>
         </ref>
         <ref id="d31499e706a1310">
            <mixed-citation id="d31499e710" publication-type="book">
TODOROV, TZVETAN, 1970. Introduction d la litterature fantastique (Paris: Seuil), trans. Howard, The
Fantastic: A Structural Approach (Case Western University, 1973; Cornell Paperback, 1975).<person-group>
                  <string-name xmlns:xlink="http://www.w3.org/1999/xlink">
                     <surname>Todorov</surname>
                  </string-name>
               </person-group>
               <source>Introduction d la litterature fantastique</source>
               <year>1970</year>
            </mixed-citation>
         </ref>
         <ref id="d31499e735a1310">
            <mixed-citation id="d31499e739" publication-type="book">
TOLKIEN, J.R.R., 1969. The Authorized Edition of the Works ofJ.R.R. Tolkien: The Lord of the Rings,
7th ed. (New York: Ballantine Books).<person-group>
                  <string-name xmlns:xlink="http://www.w3.org/1999/xlink">
                     <surname>Tolkien</surname>
                  </string-name>
               </person-group>
               <edition>7</edition>
               <source>The Authorized Edition of the Works ofJ.R.R. Tolkien: The Lord of the Rings</source>
               <year>1969</year>
            </mixed-citation>
         </ref>
      </ref-list>
   </back>
</article>
