<article dtd-version="1.0" article-type="research-article">
   <front>
      <journal-meta>
         <journal-id xmlns:xlink="http://www.w3.org/1999/xlink" journal-id-type="jstor">poeticstoday</journal-id>
         <journal-id xmlns:xlink="http://www.w3.org/1999/xlink" journal-id-type="jstor">j100659</journal-id>
         <journal-title-group xmlns:xlink="http://www.w3.org/1999/xlink">
            <journal-title>Poetics Today</journal-title>
         </journal-title-group>
         <publisher>
            <publisher-name>Porter Institute for Poetics and Semiotics</publisher-name>
         </publisher>
         <issn xmlns:xlink="http://www.w3.org/1999/xlink" pub-type="ppub">03335372</issn>
         <issn xmlns:xlink="http://www.w3.org/1999/xlink" pub-type="epub">15275507</issn>
      </journal-meta>
      <article-meta>
         <article-id xmlns:xlink="http://www.w3.org/1999/xlink" pub-id-type="doi">10.2307/1771961</article-id>
         <article-categories>
            <subj-group>
               <subject>Discourse Analysis</subject>
            </subj-group>
         </article-categories>
         <title-group>
            <article-title>On Importance Hierarchy and Evaluation Devices in Narrative Texts</article-title>
         </title-group>
         <contrib-group>
            <contrib contrib-type="author">
               <string-name xmlns:xlink="http://www.w3.org/1999/xlink">
                  <given-names>Yeshayahu</given-names>
                  <surname>Shen</surname>
               </string-name>
            </contrib>
         </contrib-group>
         <pub-date xmlns:xlink="http://www.w3.org/1999/xlink">
            <day>1</day>
            <month>1</month>
            <year>1985</year>
         </pub-date>
         <volume>6</volume>
         <issue>4</issue>
         <issue-id xmlns:xlink="http://www.w3.org/1999/xlink">i303069</issue-id>
         <fpage>681</fpage>
         <lpage>698</lpage>
         <page-range>681-698</page-range>
         <permissions>
            <copyright-statement>Copyright The Porter Institute for Poetics and Semiotics Tel Aviv University</copyright-statement>
         </permissions>
         <self-uri xmlns:xlink="http://www.w3.org/1999/xlink"
                   xlink:href="http://www.jstor.org/stable/1771961"/>
         <custom-meta-group xmlns:xlink="http://www.w3.org/1999/xlink">
            <custom-meta>
               <meta-name>lang</meta-name>
               <meta-value>eng</meta-value>
            </custom-meta>
         </custom-meta-group>
      </article-meta>
   </front>
   <back>
      <fn-group xmlns:xlink="http://www.w3.org/1999/xlink">
         <title>[Footnotes]</title>
         <fn id="d30820e123a1310">
            <label>5</label>
            <p>
               <mixed-citation id="d30820e130" publication-type="conference">
Polanyi (1976)  </mixed-citation>
            </p>
            <p>
               <mixed-citation id="d30820e138" publication-type="conference">
Polanyi and Hopper (1981)  </mixed-citation>
            </p>
         </fn>
         <fn id="d30820e147a1310">
            <label>7</label>
            <p>
               <mixed-citation id="d30820e154" publication-type="partial">
van Dijk (1980)</mixed-citation>
            </p>
            <p>
               <mixed-citation id="d30820e160" publication-type="book">
Sanford and Garrod (1981)  </mixed-citation>
            </p>
            <p>
               <mixed-citation id="d30820e168" publication-type="partial">
van Dijk (1980)</mixed-citation>
            </p>
            <p>
               <mixed-citation id="d30820e175" publication-type="book">
Sanford and Garrod
(1981)  </mixed-citation>
            </p>
         </fn>
         <fn id="d30820e187a1310">
            <label>11</label>
            <p>
               <mixed-citation id="d30820e194" publication-type="other">
note 9</mixed-citation>
            </p>
         </fn>
         <fn id="d30820e201a1310">
            <label>13</label>
            <p>
               <mixed-citation id="d30820e208" publication-type="book">
Rumelhart
(1975)  </mixed-citation>
            </p>
            <p>
               <mixed-citation id="d30820e219" publication-type="book">
Propp (1968)  </mixed-citation>
            </p>
         </fn>
         <fn id="d30820e229a1310">
            <label>14</label>
            <p>
               <mixed-citation id="d30820e236" publication-type="partial">
Prince (1973)</mixed-citation>
            </p>
            <p>
               <mixed-citation id="d30820e242" publication-type="partial">
Todorov (1971)</mixed-citation>
            </p>
            <p>
               <mixed-citation id="d30820e248" publication-type="partial">
Pavel (1978)</mixed-citation>
            </p>
         </fn>
         <fn id="d30820e255a1310">
            <label>15</label>
            <p>
               <mixed-citation id="d30820e262" publication-type="other">
Erteschilk-Shir and Lappin 1979</mixed-citation>
            </p>
         </fn>
         <fn id="d30820e269a1310">
            <label>16</label>
            <p>
               <mixed-citation id="d30820e276" publication-type="book">
Meyer (1975)  </mixed-citation>
            </p>
         </fn>
         <fn id="d30820e285a1310">
            <label>18</label>
            <p>
               <mixed-citation id="d30820e292" publication-type="book">
Seventy Stories of Libyan Jews, collected by Dov Noy<person-group>
                     <string-name>
                        <surname>Noy</surname>
                     </string-name>
                  </person-group>
                  <source>Seventy Stories of Libyan Jews</source>
               </mixed-citation>
            </p>
         </fn>
      </fn-group>
      <ref-list>
         <title>References</title>
         <ref id="d30820e320a1310">
            <mixed-citation id="d30820e324" publication-type="journal">
Barthes, R., 1966. "Introduction à l'Analyse Structurale des Récits," Communication 8,
1-27.<person-group>
                  <string-name xmlns:xlink="http://www.w3.org/1999/xlink">
                     <surname>Barthes</surname>
                  </string-name>
               </person-group>
               <fpage>1</fpage>
               <volume>8</volume>
               <source>Communication</source>
               <year>1966</year>
            </mixed-citation>
         </ref>
         <ref id="d30820e356a1310">
            <mixed-citation id="d30820e360" publication-type="journal">
Ereteschik-Shir, N. and S. Lappin, 1979. "Dominance and the Functional Explanation of
Island Phenomenon," Theoretical Linguistics 6:1, 43-86.<person-group>
                  <string-name xmlns:xlink="http://www.w3.org/1999/xlink">
                     <surname>Ereteschik-Shir</surname>
                  </string-name>
               </person-group>
               <issue>1</issue>
               <fpage>43</fpage>
               <volume>6</volume>
               <source>Theoretical Linguistics</source>
               <year>1979</year>
            </mixed-citation>
         </ref>
         <ref id="d30820e395a1310">
            <mixed-citation id="d30820e399" publication-type="book">
Labov, W., 1972. Language in the Inner City (Philadelphia: University of Pennsylvania
Press).<person-group>
                  <string-name xmlns:xlink="http://www.w3.org/1999/xlink">
                     <surname>Labov</surname>
                  </string-name>
               </person-group>
               <source>Language in the Inner City</source>
               <year>1972</year>
            </mixed-citation>
         </ref>
         <ref id="d30820e424a1310">
            <mixed-citation id="d30820e428" publication-type="journal">
Mandler, J.M. and N.S. Johnson, 1977. "Remembrance of Things Passes: Story Structure
and Recall," Cognitive Psychology 9, 111-151.<person-group>
                  <string-name xmlns:xlink="http://www.w3.org/1999/xlink">
                     <surname>Mandler</surname>
                  </string-name>
               </person-group>
               <fpage>111</fpage>
               <volume>9</volume>
               <source>Cognitive Psychology</source>
               <year>1977</year>
            </mixed-citation>
         </ref>
         <ref id="d30820e461a1310">
            <mixed-citation id="d30820e465" publication-type="book">
Meyer, B., 1975. The Organization of Prose and its Effect on Memory (Amsterdam: North
Holland).<person-group>
                  <string-name xmlns:xlink="http://www.w3.org/1999/xlink">
                     <surname>Meyer</surname>
                  </string-name>
               </person-group>
               <source>The Organization of Prose and its Effect on Memory</source>
               <year>1975</year>
            </mixed-citation>
         </ref>
         <ref id="d30820e490a1310">
            <mixed-citation id="d30820e494" publication-type="book">
Pavel, T., 1978. Move-Grammar (Toronto: Toronto Semiotic Circle Monographs, Working
Papers and Publications, Victoria University).<person-group>
                  <string-name xmlns:xlink="http://www.w3.org/1999/xlink">
                     <surname>Pavel</surname>
                  </string-name>
               </person-group>
               <source>Move-Grammar</source>
               <year>1978</year>
            </mixed-citation>
         </ref>
         <ref id="d30820e519a1310">
            <mixed-citation id="d30820e523" publication-type="conference">
Polanyi, B.L., 1976. "Why the Whats are When. . .," Proceedings of the Second Annual
Meeting of the Berkeley Linguistics Society, February 1976.<person-group>
                  <string-name xmlns:xlink="http://www.w3.org/1999/xlink">
                     <surname>Polanyi</surname>
                  </string-name>
               </person-group>
               <comment content-type="section">Why the Whats are When. . .,</comment>
               <source>Proceedings of the Second Annual Meeting of the Berkeley Linguistics Society, February 1976</source>
               <year>1976</year>
            </mixed-citation>
         </ref>
         <ref id="d30820e552a1310">
            <mixed-citation id="d30820e556" publication-type="conference">
Polanyi, B.L. and P. Hopper, 1981. "A Revision of the Foreground - Background
Distinction," Paper presented to the Winter meeting of L.S.A., New York,
December 1981.<person-group>
                  <string-name xmlns:xlink="http://www.w3.org/1999/xlink">
                     <surname>Polanyi</surname>
                  </string-name>
               </person-group>
               <comment content-type="section">A Revision of the Foreground - Background Distinction</comment>
               <source>Winter meeting of L.S.A., New York, December 1981</source>
               <year>1981</year>
            </mixed-citation>
         </ref>
         <ref id="d30820e588a1310">
            <mixed-citation id="d30820e592" publication-type="book">
Prince, G., 1973.A Grammar of Stories (The Hague: Mouton).<person-group>
                  <string-name xmlns:xlink="http://www.w3.org/1999/xlink">
                     <surname>Prince</surname>
                  </string-name>
               </person-group>
               <source>A Grammar of Stories</source>
               <year>1973</year>
            </mixed-citation>
         </ref>
         <ref id="d30820e614a1310">
            <mixed-citation id="d30820e618" publication-type="book">
Propp, V., 1968 (1928). Morphology of the Folktale, trans. Laurence Scott (Austin/
London: University of Texas Press).<person-group>
                  <string-name xmlns:xlink="http://www.w3.org/1999/xlink">
                     <surname>Propp</surname>
                  </string-name>
               </person-group>
               <source>Morphology of the Folktale</source>
               <year>1968</year>
            </mixed-citation>
         </ref>
         <ref id="d30820e644a1310">
            <mixed-citation id="d30820e648" publication-type="book">
Rumelhart, D., 1975. "Notes on a Schema for Stories," in: D. Bobrow and A. Collins, eds.,
Representation and Understanding (New York: Academic Press), 337-372.<person-group>
                  <string-name xmlns:xlink="http://www.w3.org/1999/xlink">
                     <surname>Rumelhart</surname>
                  </string-name>
               </person-group>
               <comment content-type="section">Notes on a Schema for Stories</comment>
               <fpage>337</fpage>
               <source>Representation and Understanding</source>
               <year>1975</year>
            </mixed-citation>
         </ref>
         <ref id="d30820e680a1310">
            <mixed-citation id="d30820e684" publication-type="book">
Sanford, AJ. and S.C. Garrod, 1981. Understanding Written Language (New York: John
Wiley and Sons).<person-group>
                  <string-name xmlns:xlink="http://www.w3.org/1999/xlink">
                     <surname>Sanford</surname>
                  </string-name>
               </person-group>
               <source>Understanding Written Language</source>
               <year>1981</year>
            </mixed-citation>
         </ref>
         <ref id="d30820e709a1310">
            <mixed-citation id="d30820e713" publication-type="book">
Schank, R., 1975. "The Structure of Episodes in Memory," in: D. Bobrow, and A. Collins,
eds., Representation and Understanding (New York: Academic Press), 237-272.<person-group>
                  <string-name xmlns:xlink="http://www.w3.org/1999/xlink">
                     <surname>Schank</surname>
                  </string-name>
               </person-group>
               <comment content-type="section">The Structure of Episodes in Memory</comment>
               <fpage>237</fpage>
               <source>Representation and Understanding</source>
               <year>1975</year>
            </mixed-citation>
         </ref>
         <ref id="d30820e745a1310">
            <mixed-citation id="d30820e749" publication-type="book">
Todorov, T., 1971. Poétique de la Prose (Paris: Seuil).<person-group>
                  <string-name xmlns:xlink="http://www.w3.org/1999/xlink">
                     <surname>Todorov</surname>
                  </string-name>
               </person-group>
               <source>Poétique de la Prose</source>
               <year>1971</year>
            </mixed-citation>
         </ref>
         <ref id="d30820e771a1310">
            <mixed-citation id="d30820e775" publication-type="journal">
Van Dijk, T., 1980. "Story Comprehension: An Introduction," Poetics 9, 1-21.<person-group>
                  <string-name xmlns:xlink="http://www.w3.org/1999/xlink">
                     <surname>Dijk</surname>
                  </string-name>
               </person-group>
               <fpage>1</fpage>
               <volume>9</volume>
               <source>Poetics</source>
               <year>1980</year>
            </mixed-citation>
         </ref>
         <ref id="d30820e804a1310">
            <mixed-citation id="d30820e808" publication-type="book">
Van Dijk, T. and W. Kintch, 1977. "Cognitive Psychology and Discourse," in: W. Dressler,
ed., Current Trends in Text Linguists (Berlin/New York: De Gruyter), 61-80.<person-group>
                  <string-name xmlns:xlink="http://www.w3.org/1999/xlink">
                     <surname>Dijk</surname>
                  </string-name>
               </person-group>
               <comment content-type="section">Cognitive Psychology and Discourse</comment>
               <fpage>61</fpage>
               <source>Current Trends in Text Linguists</source>
               <year>1977</year>
            </mixed-citation>
         </ref>
      </ref-list>
   </back>
</article>
