<article dtd-version="1.0" article-type="research-article">
   <front>
      <journal-meta>
         <journal-id xmlns:xlink="http://www.w3.org/1999/xlink" journal-id-type="jstor">poeticstoday</journal-id>
         <journal-id xmlns:xlink="http://www.w3.org/1999/xlink" journal-id-type="jstor">j100659</journal-id>
         <journal-title-group xmlns:xlink="http://www.w3.org/1999/xlink">
            <journal-title>Poetics Today</journal-title>
         </journal-title-group>
         <publisher>
            <publisher-name>Porter Institute for Poetics and Semiotics</publisher-name>
         </publisher>
         <issn xmlns:xlink="http://www.w3.org/1999/xlink" pub-type="ppub">03335372</issn>
         <issn xmlns:xlink="http://www.w3.org/1999/xlink" pub-type="epub">15275507</issn>
      </journal-meta>
      <article-meta>
         <article-id xmlns:xlink="http://www.w3.org/1999/xlink" pub-id-type="doi">10.2307/1772407</article-id>
         <article-categories>
            <subj-group>
               <subject>Theory of Narrative</subject>
            </subj-group>
         </article-categories>
         <title-group>
            <article-title>Truth and Authenticity in Narrative</article-title>
         </title-group>
         <contrib-group>
            <contrib contrib-type="author">
               <string-name xmlns:xlink="http://www.w3.org/1999/xlink">
                  <given-names>Lubomír</given-names>
                  <surname>Doležel</surname>
               </string-name>
            </contrib>
         </contrib-group>
         <pub-date xmlns:xlink="http://www.w3.org/1999/xlink">
            <day>1</day>
            <month>4</month>
            <year>1980</year>
         </pub-date>
         <volume>1</volume>
         <issue>3</issue>
         <issue-id xmlns:xlink="http://www.w3.org/1999/xlink">i303048</issue-id>
         <fpage>7</fpage>
         <lpage>25</lpage>
         <page-range>7-25</page-range>
         <permissions>
            <copyright-statement>Copyright The Porter Institute for Poetics and Semiotics, Tel Aviv University</copyright-statement>
         </permissions>
         <self-uri xmlns:xlink="http://www.w3.org/1999/xlink"
                   xlink:href="http://www.jstor.org/stable/1772407"/>
         <custom-meta-group xmlns:xlink="http://www.w3.org/1999/xlink">
            <custom-meta>
               <meta-name>lang</meta-name>
               <meta-value>eng</meta-value>
            </custom-meta>
         </custom-meta-group>
      </article-meta>
   </front>
   <back>
      <fn-group xmlns:xlink="http://www.w3.org/1999/xlink">
         <title>[Footnotes]</title>
         <fn id="d3450e147a1310">
            <label>1</label>
            <p>
               <mixed-citation id="d3450e154" publication-type="partial">
Kavser, 1959</mixed-citation>
            </p>
         </fn>
         <fn id="d3450e161a1310">
            <label>2</label>
            <p>
               <mixed-citation id="d3450e168" publication-type="journal">
Ihwe &amp;
Rieser. 1979: 83  </mixed-citation>
            </p>
         </fn>
         <fn id="d3450e180a1310">
            <label>3</label>
            <p>
               <mixed-citation id="d3450e187" publication-type="journal">
Frege, 1892:
123  <fpage>123</fpage>
               </mixed-citation>
            </p>
         </fn>
         <fn id="d3450e202a1310">
            <label>5</label>
            <p>
               <mixed-citation id="d3450e209" publication-type="book">
O'Connor, 1975  </mixed-citation>
            </p>
         </fn>
         <fn id="d3450e219a1310">
            <label>6</label>
            <p>
               <mixed-citation id="d3450e226" publication-type="book">
O'Connor, 1975: 19  <fpage>19</fpage>
               </mixed-citation>
            </p>
         </fn>
         <fn id="d3450e238a1310">
            <label>7</label>
            <p>
               <mixed-citation id="d3450e245" publication-type="book">
Genot, 1977  </mixed-citation>
            </p>
         </fn>
         <fn id="d3450e254a1310">
            <label>8</label>
            <p>
               <mixed-citation id="d3450e261" publication-type="book">
Woods, 1974: especially 35, 133  <fpage>133</fpage>
               </mixed-citation>
            </p>
         </fn>
         <fn id="d3450e273a1310">
            <label>14</label>
            <p>
               <mixed-citation id="d3450e280" publication-type="book">
"'double focalization" in Madame
Bovary (Bal, 1977:95f.)<comment content-type="section">double focalization</comment>
                  <fpage>95</fpage>
                  <source>Madame Bovary</source>
                  <year>1977</year>
               </mixed-citation>
            </p>
         </fn>
         <fn id="d3450e303a1310">
            <label>15</label>
            <p>
               <mixed-citation id="d3450e310" publication-type="journal">
Heintz. 1979: 90ff.  <fpage>90</fpage>
               </mixed-citation>
            </p>
         </fn>
         <fn id="d3450e322a1310">
            <label>18</label>
            <p>
               <mixed-citation id="d3450e329" publication-type="book">
Genette, 1972: 221f.  </mixed-citation>
            </p>
         </fn>
         <fn id="d3450e339a1310">
            <label>11</label>
            <p>
               <mixed-citation id="d3450e346" publication-type="book">
Genette, 1972: 234  </mixed-citation>
            </p>
         </fn>
         <fn id="d3450e355a1310">
            <label>19</label>
            <p>
               <mixed-citation id="d3450e362" publication-type="book">
Todorov, 1970  </mixed-citation>
            </p>
         </fn>
         <fn id="d3450e371a1310">
            <label>20</label>
            <p>
               <mixed-citation id="d3450e378" publication-type="book">
Lambert,
1969: 106  </mixed-citation>
            </p>
         </fn>
         <fn id="d3450e390a1310">
            <label>21</label>
            <p>
               <mixed-citation id="d3450e397" publication-type="partial">
Doleel, 1979</mixed-citation>
            </p>
         </fn>
      </fn-group>
      <ref-list>
         <title>References</title>
         <ref id="d3450e413a1310">
            <mixed-citation id="d3450e417" publication-type="journal">
ADAMS, ROBERT M., 1974. "Theories of Actuality," NÚus 8, 211-231.<person-group>
                  <string-name xmlns:xlink="http://www.w3.org/1999/xlink">
                     <surname>Adams</surname>
                  </string-name>
               </person-group>
               <fpage>211</fpage>
               <volume>8</volume>
               <source>NÚus</source>
               <year>1974</year>
            </mixed-citation>
         </ref>
         <ref id="d3450e446a1310">
            <mixed-citation id="d3450e450" publication-type="book">
AUSTIN, J.L., 1962. How to Do Things With Words (Oxford: Clarendon Press).<person-group>
                  <string-name xmlns:xlink="http://www.w3.org/1999/xlink">
                     <surname>Austin</surname>
                  </string-name>
               </person-group>
               <source>How to Do Things With Words</source>
               <year>1962</year>
            </mixed-citation>
            <mixed-citation id="d3450e471" publication-type="book">
1961 Philosophical Papers (Oxford: Clarendon Press).<source>Philosophical Papers</source>
               <year>1961</year>
            </mixed-citation>
         </ref>
         <ref id="d3450e484a1310">
            <mixed-citation id="d3450e488" publication-type="book">
BAL, MIEKE, 1977. Narratologie (Paris: Klincksieck).<person-group>
                  <string-name xmlns:xlink="http://www.w3.org/1999/xlink">
                     <surname>Bal</surname>
                  </string-name>
               </person-group>
               <source>Narratologie</source>
               <year>1977</year>
            </mixed-citation>
         </ref>
         <ref id="d3450e510a1310">
            <mixed-citation id="d3450e514" publication-type="journal">
CHATEAUX, DOMINIOUE. 1976. "La s3mantique du recit," Semiotica 18, 201-216.<person-group>
                  <string-name xmlns:xlink="http://www.w3.org/1999/xlink">
                     <surname>Chateaux</surname>
                  </string-name>
               </person-group>
               <fpage>201</fpage>
               <volume>18</volume>
               <source>Semiotica</source>
               <year>1976</year>
            </mixed-citation>
         </ref>
         <ref id="d3450e544a1310">
            <mixed-citation id="d3450e548" publication-type="book">
DAVIDSON. DONALD AND G. HARMAN. eds. 1972. Semantics of Natural Language (Dordrecht:
Reidel).<person-group>
                  <string-name xmlns:xlink="http://www.w3.org/1999/xlink">
                     <surname>Davidson</surname>
                  </string-name>
               </person-group>
               <source>Semantics of Natural Language</source>
               <year>1972</year>
            </mixed-citation>
         </ref>
         <ref id="d3450e573a1310">
            <mixed-citation id="d3450e579" publication-type="book">
DOLEZEL, LUBOMIR, 1973. Narrative Modes in Czech Literature (Toronto UP).<person-group>
                  <string-name xmlns:xlink="http://www.w3.org/1999/xlink">
                     <surname>Dolezel</surname>
                  </string-name>
               </person-group>
               <source>Narrative Modes in Czech Literature</source>
               <year>1973</year>
            </mixed-citation>
            <mixed-citation id="d3450e600" publication-type="journal">
1976 "Narrative Semantics," PLT: A Journal for Descriptive Poetics and Theory of Literature 1,
129-151.<person-group>
                  <string-name xmlns:xlink="http://www.w3.org/1999/xlink">
                     <surname>Dolezel</surname>
                  </string-name>
               </person-group>
               <fpage>129</fpage>
               <volume>1</volume>
               <source>A Journal for Descriptive Poetics and Theory of Literature</source>
               <year>1976</year>
            </mixed-citation>
            <mixed-citation id="d3450e631" publication-type="conference">
Forthcoming "Semantics of Narrative Motifs." in: Proceedings of the Xllth International Congress
of Linguists.<person-group>
                  <string-name xmlns:xlink="http://www.w3.org/1999/xlink">
                     <surname>Forthcoming</surname>
                  </string-name>
               </person-group>
               <comment content-type="section">Semantics of Narrative Motifs</comment>
               <source>Proceedings of the Xllth International Congress of Linguists</source>
            </mixed-citation>
         </ref>
         <ref id="d3450e656a1310">
            <mixed-citation id="d3450e660" publication-type="book">
Eco. UMBERTO. 1976. A Theory of Semiotics(Bloomington-London: Indiana UP).<person-group>
                  <string-name xmlns:xlink="http://www.w3.org/1999/xlink">
                     <surname>Eco</surname>
                  </string-name>
               </person-group>
               <source>A Theory of Semiotics</source>
               <year>1976</year>
            </mixed-citation>
         </ref>
         <ref id="d3450e682a1310">
            <mixed-citation id="d3450e686" publication-type="book">
EJKHENBAUM, BORIS. 1919. "Kak sdelana 'Shinel" Gogolja," Poetika, Shorniki po teorii
poeticheskogo jazyka. III. Petrograd, 151-165.<person-group>
                  <string-name xmlns:xlink="http://www.w3.org/1999/xlink">
                     <surname>Ejkhenbaum</surname>
                  </string-name>
               </person-group>
               <comment content-type="section">Kak sdelana 'Shinel" Gogolja</comment>
               <fpage>151</fpage>
               <source>Poetika, Shorniki po teorii poeticheskogo jazyka</source>
               <year>1919</year>
            </mixed-citation>
         </ref>
         <ref id="d3450e718a1310">
            <mixed-citation id="d3450e722" publication-type="journal">
VAN FRAASSEN, BAS C, 1966. "Singular Terms, Truth-Value Gaps, and Free Logic," Journal of
Philosophy, 63, 481-495.<object-id pub-id-type="doi">10.2307/2024549</object-id>
               <fpage>481</fpage>
            </mixed-citation>
         </ref>
         <ref id="d3450e738a1310">
            <mixed-citation id="d3450e742" publication-type="journal">
FREGE, GORRLON, 1892. "Ubter Sinn und Bedeutung," Zeitschrift für Philosophie und
philosophische Kritik, 100, 25-50 (English translation quoted from: Zabeeh, Klemke
and Jacobson, 1974: 118-14/)).<person-group>
                  <string-name xmlns:xlink="http://www.w3.org/1999/xlink">
                     <surname>Frege</surname>
                  </string-name>
               </person-group>
               <fpage>118</fpage>
               <volume>25</volume>
               <source>Zeitschrift für Philosophie und philosophische Kritik</source>
               <year>1974</year>
            </mixed-citation>
         </ref>
         <ref id="d3450e778a1310">
            <mixed-citation id="d3450e782" publication-type="book">
GENETTE, GERARD, 1972. Figures III (Paris: Editions du Seuil).<person-group>
                  <string-name xmlns:xlink="http://www.w3.org/1999/xlink">
                     <surname>Genette</surname>
                  </string-name>
               </person-group>
               <source>Figures III</source>
               <year>1972</year>
            </mixed-citation>
         </ref>
         <ref id="d3450e804a1310">
            <mixed-citation id="d3450e808" publication-type="book">
GENOT. GERARD. 1977. Problemes de calcul du ricit, Université de Paris-Nanterre, Documents
de travail et prepublications. No. 10.<person-group>
                  <string-name xmlns:xlink="http://www.w3.org/1999/xlink">
                     <surname>Genot</surname>
                  </string-name>
               </person-group>
               <source>Problemes de calcul du ricit, Université de Paris-Nanterre, Documents de travail et prepublications</source>
               <year>1977</year>
            </mixed-citation>
         </ref>
         <ref id="d3450e833a1310">
            <mixed-citation id="d3450e837" publication-type="journal">
HEINTZ, JOH, 1979. "Reference and Inference in Fiction," Poetics 8, 85-99.<person-group>
                  <string-name xmlns:xlink="http://www.w3.org/1999/xlink">
                     <surname>Heintz</surname>
                  </string-name>
               </person-group>
               <fpage>85</fpage>
               <volume>8</volume>
               <source>Poetics</source>
               <year>1979</year>
            </mixed-citation>
         </ref>
         <ref id="d3450e866a1310">
            <mixed-citation id="d3450e870" publication-type="journal">
ILNWE, JENS F. AND HANNES RIESER, 1979. "Normative and Descriptive Theory of Fiction. Some
Contemporary issues," Poetics 8, 63-84.<person-group>
                  <string-name xmlns:xlink="http://www.w3.org/1999/xlink">
                     <surname>Ilnwe</surname>
                  </string-name>
               </person-group>
               <fpage>63</fpage>
               <volume>8</volume>
               <source>Poetics</source>
               <year>1979</year>
            </mixed-citation>
         </ref>
         <ref id="d3450e902a1310">
            <mixed-citation id="d3450e906" publication-type="book">
KAYSER, WOLFGANG, 1959. Die Wahrheit der Dichter. Wandlung eines Begriffes in der deutschen
Literatur (Hamburg: Rowohlt).<person-group>
                  <string-name xmlns:xlink="http://www.w3.org/1999/xlink">
                     <surname>Kayser</surname>
                  </string-name>
               </person-group>
               <source>Die Wahrheit der Dichter</source>
               <year>1959</year>
            </mixed-citation>
         </ref>
         <ref id="d3450e931a1310">
            <mixed-citation id="d3450e935" publication-type="book">
LAMBERT, KAREL, ed., 1969. The Logical Way of Doing Things (New Haven-London: Yale UP).<person-group>
                  <string-name xmlns:xlink="http://www.w3.org/1999/xlink">
                     <surname>Lambert</surname>
                  </string-name>
               </person-group>
               <source>The Logical Way of Doing Things</source>
               <year>1969</year>
            </mixed-citation>
         </ref>
         <ref id="d3450e958a1310">
            <mixed-citation id="d3450e962" publication-type="journal">
MARTINEZ-BONATI, FELIX, 1973. "Die logische Struktur der Dichtung," Deutsche Viertel-
jahrsschrift für Literaturwissenschaft und Geistesgeschichte 47, 185-200.<person-group>
                  <string-name xmlns:xlink="http://www.w3.org/1999/xlink">
                     <surname>Martinez-Bonati</surname>
                  </string-name>
               </person-group>
               <fpage>185</fpage>
               <volume>47</volume>
               <source>Deutsche Vierteljahrsschrift für Literaturwissenschaft und Geistesgeschichte</source>
               <year>1973</year>
            </mixed-citation>
         </ref>
         <ref id="d3450e994a1310">
            <mixed-citation id="d3450e998" publication-type="book">
MUKAIKOVSKY. JAN, 1948. Kapitoly z ieski poetiky. Vol. I. Prague: Svoboda; English translation
quoted from: J. Burbank &amp; P. Steinger, eds. &amp; trans.. The Word and Verbal Art (New
Haven-London: Yale UP, 1977).<person-group>
                  <string-name xmlns:xlink="http://www.w3.org/1999/xlink">
                     <surname>Mukaikovsky</surname>
                  </string-name>
               </person-group>
               <volume>I</volume>
               <source>Kapitoly z ieski poetiky</source>
               <year>1948</year>
            </mixed-citation>
         </ref>
         <ref id="d3450e1030a1310">
            <mixed-citation id="d3450e1034" publication-type="book">
O'CONNOR, D.J., 1975. The Correspondence Theory of Truth (London: Hutchinson).<person-group>
                  <string-name xmlns:xlink="http://www.w3.org/1999/xlink">
                     <surname>O'Connor</surname>
                  </string-name>
               </person-group>
               <source>The Correspondence Theory of Truth</source>
               <year>1975</year>
            </mixed-citation>
         </ref>
         <ref id="d3450e1056a1310">
            <mixed-citation id="d3450e1060" publication-type="journal">
PAVEL, THOMAS G., 1976. "'Possible Worlds' in Literary Semantics," The Journal of Aesthetics
and Art Criticism, XXXIV/2, 165-176.<object-id pub-id-type="doi">10.2307/430073</object-id>
               <fpage>165</fpage>
            </mixed-citation>
         </ref>
         <ref id="d3450e1076a1310">
            <mixed-citation id="d3450e1080" publication-type="book">
RUSSELL, BERTRAND, 1919. Introduction to Mathematical Philosophy (London: Allen and
Unwin).<person-group>
                  <string-name xmlns:xlink="http://www.w3.org/1999/xlink">
                     <surname>Russell</surname>
                  </string-name>
               </person-group>
               <source>Introduction to Mathematical Philosophy</source>
               <year>1919</year>
            </mixed-citation>
         </ref>
         <ref id="d3450e1105a1310">
            <mixed-citation id="d3450e1109" publication-type="book">
TODOROV, TZVETAN, 1970. Introduction i la litterature fantastique (Paris: Seuil).<person-group>
                  <string-name xmlns:xlink="http://www.w3.org/1999/xlink">
                     <surname>Todorov</surname>
                  </string-name>
               </person-group>
               <source>Introduction i la litterature fantastique</source>
               <year>1970</year>
            </mixed-citation>
         </ref>
         <ref id="d3450e1132a1310">
            <mixed-citation id="d3450e1136" publication-type="book">
WARNOCK, G.J., 1963. "Truth and Correspondence," in: C.D. Rollins, ed., Knowledge and
Experience (Pittsburgh: Pittsburgh UP, 11-20); quoted from: Zabeeh, Klemke and
Jacobson, eds., 1974: 733-742.<person-group>
                  <string-name xmlns:xlink="http://www.w3.org/1999/xlink">
                     <surname>Warnock</surname>
                  </string-name>
               </person-group>
               <comment content-type="section">Truth and Correspondence</comment>
               <fpage>733</fpage>
               <source>Knowledge and Experience</source>
               <year>1963</year>
            </mixed-citation>
         </ref>
         <ref id="d3450e1171a1310">
            <mixed-citation id="d3450e1175" publication-type="book">
WELLEK, RENE AND A. WARREN, 1956. Theory of Literature (New York: Harcourt, Brace &amp;
World).<person-group>
                  <string-name xmlns:xlink="http://www.w3.org/1999/xlink">
                     <surname>Wellek</surname>
                  </string-name>
               </person-group>
               <source>Theory of Literature</source>
               <year>1956</year>
            </mixed-citation>
         </ref>
         <ref id="d3450e1200a1310">
            <mixed-citation id="d3450e1204" publication-type="book">
WOODS, JOHN HAYDEN, 1974. The Logic of Fiction. A Philosophical Sounding of Deviant Logic
(The Hague-Paris: Mouton).<person-group>
                  <string-name xmlns:xlink="http://www.w3.org/1999/xlink">
                     <surname>Woods</surname>
                  </string-name>
               </person-group>
               <comment content-type="section">The Logic of Fiction</comment>
               <source>A Philosophical Sounding of Deviant Logic</source>
               <year>1974</year>
            </mixed-citation>
         </ref>
         <ref id="d3450e1233a1310">
            <mixed-citation id="d3450e1237" publication-type="journal">
WOODS, JOHN AND THOMAS G. PAVEL, eds., 1979. Formal Semantics and Literary Theory.
Special issue of Poetics, vol. 8, No. 1/2, April, 1979.<person-group>
                  <string-name xmlns:xlink="http://www.w3.org/1999/xlink">
                     <surname>Woods</surname>
                  </string-name>
               </person-group>
               <issue>1</issue>
               <volume>8</volume>
               <source>Special issue of Poetics</source>
               <year>1979</year>
            </mixed-citation>
         </ref>
         <ref id="d3450e1269a1310">
            <mixed-citation id="d3450e1273" publication-type="book">
ZABEEH, FARHANG. E. D. KLEMKE AND ARTHUR JACOBSON. eds., 1974. Readings in Semantics
(Urbana-Chicago-London: Illinois UP).<person-group>
                  <string-name xmlns:xlink="http://www.w3.org/1999/xlink">
                     <surname>Zabeeh</surname>
                  </string-name>
               </person-group>
               <source>Readings in Semantics</source>
               <year>1974</year>
            </mixed-citation>
         </ref>
      </ref-list>
      <ref-list>
         <title>References</title>
         <ref id="d3450e1307a1310">
            <mixed-citation id="d3450e1311" publication-type="book">
DE CERVANTES SAAVEDRA. MIGUEL. The Ingenious Gentleman Don Quijote de la Mancha, trans., S.
Putnam (New York: The Viking Press, 1949).<person-group>
                  <string-name xmlns:xlink="http://www.w3.org/1999/xlink">
                     <surname>Saavedra</surname>
                  </string-name>
               </person-group>
               <source>The Ingenious Gentleman Don Quijote de la Mancha</source>
               <year>1949</year>
            </mixed-citation>
         </ref>
         <ref id="d3450e1336a1310">
            <mixed-citation id="d3450e1340" publication-type="book">
CONSTANT, BENJAMIN, Adolphe (London-Melbourne-Toronto: Macmillan, 1965), trans., C.
Wildman (London: Hamish Hamilton, 1948).<person-group>
                  <string-name xmlns:xlink="http://www.w3.org/1999/xlink">
                     <surname>Constant</surname>
                  </string-name>
               </person-group>
               <source>Adolphe</source>
               <year>1965</year>
            </mixed-citation>
         </ref>
         <ref id="d3450e1365a1310">
            <mixed-citation id="d3450e1369" publication-type="book">
FLAUBERT, GUSTAVE, Madame Bovary (Paris: Gallimard et Librairie Generale, 1961), trans., M.
Marmer (New York: Signet, 1964).<person-group>
                  <string-name xmlns:xlink="http://www.w3.org/1999/xlink">
                     <surname>Flaubert</surname>
                  </string-name>
               </person-group>
               <source>Madame Bovary</source>
               <year>1961</year>
            </mixed-citation>
         </ref>
         <ref id="d3450e1394a1310">
            <mixed-citation id="d3450e1398" publication-type="book">
GOGOL', N.V., Sobranije sochinenij, t. 3: Povesti (Moscow: Gosudarstvennoje izdatel'stvo
khudozhestvennoj literatury, 1959).<person-group>
                  <string-name xmlns:xlink="http://www.w3.org/1999/xlink">
                     <surname>Gogol</surname>
                  </string-name>
               </person-group>
               <source>Sobranije sochinenij</source>
               <year>1959</year>
            </mixed-citation>
         </ref>
         <ref id="d3450e1424a1310">
            <mixed-citation id="d3450e1428" publication-type="book">
HRABAL, BOHUMIL, Ostle sledovand vlaky (Prague: (eskoslovensky spisovatel, 1965).<person-group>
                  <string-name xmlns:xlink="http://www.w3.org/1999/xlink">
                     <surname>Hrabal</surname>
                  </string-name>
               </person-group>
               <source>Ostle sledovand vlaky</source>
               <year>1965</year>
            </mixed-citation>
         </ref>
         <ref id="d3450e1450a1310">
            <mixed-citation id="d3450e1454" publication-type="book">
PROUST, MARCEL, A la recherche du temps perdu I: Du cute de chez Swann (Paris; Gallimard, 1954).<person-group>
                  <string-name xmlns:xlink="http://www.w3.org/1999/xlink">
                     <surname>Proust</surname>
                  </string-name>
               </person-group>
               <source>A la recherche du temps perdu I: Du cute de chez Swann</source>
               <year>1954</year>
            </mixed-citation>
         </ref>
      </ref-list>
   </back>
</article>
