<article dtd-version="1.0" article-type="research-article">
   <front>
      <journal-meta>
         <journal-id xmlns:xlink="http://www.w3.org/1999/xlink" journal-id-type="jstor">poeticstoday</journal-id>
         <journal-id xmlns:xlink="http://www.w3.org/1999/xlink" journal-id-type="jstor">j100659</journal-id>
         <journal-title-group xmlns:xlink="http://www.w3.org/1999/xlink">
            <journal-title>Poetics Today</journal-title>
         </journal-title-group>
         <publisher>
            <publisher-name>Porter Institute for Poetics and Semiotics</publisher-name>
         </publisher>
         <issn xmlns:xlink="http://www.w3.org/1999/xlink" pub-type="ppub">03335372</issn>
         <issn xmlns:xlink="http://www.w3.org/1999/xlink" pub-type="epub">15275507</issn>
      </journal-meta>
      <article-meta>
         <article-id xmlns:xlink="http://www.w3.org/1999/xlink" pub-id-type="doi">10.2307/1772500</article-id>
         <article-categories>
            <subj-group>
               <subject>Translation Models and Literary History</subject>
            </subj-group>
         </article-categories>
         <title-group>
            <article-title>Polylingualism as Reality and Translation as Mimesis</article-title>
         </title-group>
         <contrib-group>
            <contrib contrib-type="author">
               <string-name xmlns:xlink="http://www.w3.org/1999/xlink">
                  <given-names>Meir</given-names>
                  <surname>Sternberg</surname>
               </string-name>
            </contrib>
         </contrib-group>
         <pub-date xmlns:xlink="http://www.w3.org/1999/xlink">
            <day>1</day>
            <month>7</month>
            <year>1981</year>
      
            <day>1</day>
            <month>10</month>
            <year>1981</year>
         </pub-date>
         <volume>2</volume>
         <issue>4</issue>
         <issue-id xmlns:xlink="http://www.w3.org/1999/xlink">i303054</issue-id>
         <fpage>221</fpage>
         <lpage>239</lpage>
         <page-range>221-239</page-range>
         <permissions>
            <copyright-statement>Copyright The Porter Institute for Poetics and Semiotics Tel Aviv University</copyright-statement>
         </permissions>
         <self-uri xmlns:xlink="http://www.w3.org/1999/xlink"
                   xlink:href="http://www.jstor.org/stable/1772500"/>
         <custom-meta-group xmlns:xlink="http://www.w3.org/1999/xlink">
            <custom-meta>
               <meta-name>lang</meta-name>
               <meta-value>eng</meta-value>
            </custom-meta>
         </custom-meta-group>
      </article-meta>
   </front>
   <back>
      <fn-group xmlns:xlink="http://www.w3.org/1999/xlink">
         <title>[Footnotes]</title>
         <fn id="d9782e135a1310">
            <label>2</label>
            <p>
               <mixed-citation id="d9782e142" publication-type="book">
Forster, 1970  </mixed-citation>
            </p>
         </fn>
      </fn-group>
      <ref-list>
         <title>References</title>
         <ref id="d9782e160a1310">
            <mixed-citation id="d9782e164" publication-type="book">
FORSTER, L., 1970. The Poet's Tongues: Multilingualism in Literature (London).<person-group>
                  <string-name xmlns:xlink="http://www.w3.org/1999/xlink">
                     <surname>Forster</surname>
                  </string-name>
               </person-group>
               <source>The Poet's Tongues: Multilingualism in Literature</source>
               <year>1970</year>
            </mixed-citation>
         </ref>
         <ref id="d9782e186a1310">
            <mixed-citation id="d9782e190" publication-type="book">
STERNBERG, M., 1976. "Bound and Productive Forms in Language and Literary Language,"
Ha-sifrut 22, 78-141 (Hebrew).<person-group>
                  <string-name xmlns:xlink="http://www.w3.org/1999/xlink">
                     <surname>Sternberg</surname>
                  </string-name>
               </person-group>
               <comment content-type="section">Bound and Productive Forms in Language and Literary Language</comment>
               <fpage>78</fpage>
               <volume>22</volume>
               <source>Ha-sifrut</source>
               <year>1976</year>
            </mixed-citation>
            <mixed-citation id="d9782e224" publication-type="book">
1978 Expositional Modes and Temporal Ordering in Fiction (Baltimore and London).<source>Expositional Modes and Temporal Ordering in Fiction</source>
               <year>1978</year>
            </mixed-citation>
         </ref>
      </ref-list>
   </back>
</article>
