<article dtd-version="1.0" article-type="research-article">
   <front>
      <journal-meta>
         <journal-id xmlns:xlink="http://www.w3.org/1999/xlink" journal-id-type="jstor">poeticstoday</journal-id>
         <journal-id xmlns:xlink="http://www.w3.org/1999/xlink" journal-id-type="jstor">j100659</journal-id>
         <journal-title-group xmlns:xlink="http://www.w3.org/1999/xlink">
            <journal-title>Poetics Today</journal-title>
         </journal-title-group>
         <publisher>
            <publisher-name>Porter Institute for Poetics and Semiotics</publisher-name>
         </publisher>
         <issn xmlns:xlink="http://www.w3.org/1999/xlink" pub-type="ppub">03335372</issn>
         <issn xmlns:xlink="http://www.w3.org/1999/xlink" pub-type="epub">15275507</issn>
      </journal-meta>
      <article-meta>
         <article-id xmlns:xlink="http://www.w3.org/1999/xlink" pub-id-type="doi">10.2307/1772381</article-id>
         <article-categories>
            <subj-group>
               <subject>Framing Other Worlds</subject>
            </subj-group>
         </article-categories>
         <title-group>
            <article-title>The Representation of Discourse in the Renaissance Nouvelle</article-title>
         </title-group>
         <contrib-group>
            <contrib contrib-type="author">
               <string-name xmlns:xlink="http://www.w3.org/1999/xlink">
                  <given-names>Deborah N.</given-names>
                  <surname>Losse</surname>
               </string-name>
            </contrib>
         </contrib-group>
         <pub-date xmlns:xlink="http://www.w3.org/1999/xlink">
            <day>1</day>
            <month>1</month>
            <year>1984</year>
         </pub-date>
         <volume>5</volume>
         <issue>3</issue>
         <issue-id xmlns:xlink="http://www.w3.org/1999/xlink">i303065</issue-id>
         <fpage>585</fpage>
         <lpage>595</lpage>
         <page-range>585-595</page-range>
         <permissions>
            <copyright-statement>Copyright The Porter Institute for Poetics and Semiotics Tel Aviv University</copyright-statement>
         </permissions>
         <self-uri xmlns:xlink="http://www.w3.org/1999/xlink"
                   xlink:href="http://www.jstor.org/stable/1772381"/>
         <custom-meta-group xmlns:xlink="http://www.w3.org/1999/xlink">
            <custom-meta>
               <meta-name>lang</meta-name>
               <meta-value>eng</meta-value>
            </custom-meta>
         </custom-meta-group>
      </article-meta>
   </front>
   <back>
      <fn-group xmlns:xlink="http://www.w3.org/1999/xlink">
         <title>[Footnotes]</title>
         <fn id="d954e123a1310">
            <label>1</label>
            <p>
               <mixed-citation id="d954e130" publication-type="journal">
Dubuis (1966)  </mixed-citation>
            </p>
            <p>
               <mixed-citation id="d954e138" publication-type="book">
Hassel (1969)  </mixed-citation>
            </p>
            <p>
               <mixed-citation id="d954e146" publication-type="book">
Weber (1970:82-106)  <fpage>82</fpage>
               </mixed-citation>
            </p>
            <p>
               <mixed-citation id="d954e158" publication-type="book">
Sozzi (1964)  </mixed-citation>
            </p>
         </fn>
         <fn id="d954e167a1310">
            <label>2</label>
            <p>
               <mixed-citation id="d954e174" publication-type="journal">
Consult Perouse (1977)  </mixed-citation>
            </p>
            <p>
               <mixed-citation id="d954e182" publication-type="other">
"Car le roman est un genre icrit . . . tandis que la nouvelle est
une realiti orale, issue d'un cercle, d'une socite. . .. Tout indique que ce que les Frangais
d'alors appellent 'nouvelle' - ou conte - est la narration spontan'e des anecdotes, des faits
divers" (p. 26)</mixed-citation>
            </p>
         </fn>
         <fn id="d954e198a1310">
            <label>3</label>
            <p>
               <mixed-citation id="d954e205" publication-type="other">
Debuis (1966:16)</mixed-citation>
            </p>
         </fn>
         <fn id="d954e212a1310">
            <label>4</label>
            <p>
               <mixed-citation id="d954e219" publication-type="book">
Plato, Republic, 392c-395<person-group>
                     <string-name>
                        <surname>Plato</surname>
                     </string-name>
                  </person-group>
                  <fpage>392</fpage>
                  <source>Republic</source>
               </mixed-citation>
            </p>
            <p>
               <mixed-citation id="d954e240" publication-type="journal">
Todorov (1966)  </mixed-citation>
            </p>
            <p>
               <mixed-citation id="d954e248" publication-type="book">
story
(p. 143)<fpage>143</fpage>
                  <source>story</source>
               </mixed-citation>
            </p>
         </fn>
         <fn id="d954e265a1310">
            <label>5</label>
            <p>
               <mixed-citation id="d954e272" publication-type="book">
Barthes (1970:85-86)  <fpage>85</fpage>
               </mixed-citation>
            </p>
         </fn>
         <fn id="d954e284a1310">
            <label>6</label>
            <p>
               <mixed-citation id="d954e291" publication-type="book">
Sozzi (1964:279)  <fpage>279</fpage>
               </mixed-citation>
            </p>
         </fn>
         <fn id="d954e303a1310">
            <label>7</label>
            <p>
               <mixed-citation id="d954e310" publication-type="book">
Kasprzk (1980)  </mixed-citation>
            </p>
            <p>
               <mixed-citation id="d954e318" publication-type="other">
p. 234</mixed-citation>
            </p>
         </fn>
         <fn id="d954e325a1310">
            <label>8</label>
            <p>
               <mixed-citation id="d954e332" publication-type="book">
Genette (1972:203)  <fpage>203</fpage>
               </mixed-citation>
            </p>
         </fn>
         <fn id="d954e344a1310">
            <label>9</label>
            <p>
               <mixed-citation id="d954e351" publication-type="book">
Sozzi (1964:270)  <fpage>270</fpage>
               </mixed-citation>
            </p>
         </fn>
         <fn id="d954e363a1310">
            <label>10</label>
            <p>
               <mixed-citation id="d954e370" publication-type="book">
Sozzi (1964:256)  <fpage>256</fpage>
               </mixed-citation>
            </p>
         </fn>
         <fn id="d954e383a1310">
            <label>11</label>
            <p>
               <mixed-citation id="d954e390" publication-type="book">
Chatman (1978:219)  <fpage>219</fpage>
               </mixed-citation>
            </p>
         </fn>
         <fn id="d954e402a1310">
            <label>12</label>
            <p>
               <mixed-citation id="d954e409" publication-type="book">
François (1967)  </mixed-citation>
            </p>
            <p>
               <mixed-citation id="d954e417" publication-type="other">
p. 242</mixed-citation>
            </p>
         </fn>
         <fn id="d954e424a1310">
            <label>13</label>
            <p>
               <mixed-citation id="d954e431" publication-type="book">
Rasmussen (1958:64)  <fpage>64</fpage>
               </mixed-citation>
            </p>
         </fn>
      </fn-group>
      <ref-list>
         <title>References</title>
         <ref id="d954e452a1310">
            <mixed-citation id="d954e456" publication-type="book">
Barthes, Roland, 1970. S/Z (Paris: Editions du Seuil).<person-group>
                  <string-name xmlns:xlink="http://www.w3.org/1999/xlink">
                     <surname>Barthes</surname>
                  </string-name>
               </person-group>
               <source>du Seuil</source>
               <year>1970</year>
            </mixed-citation>
         </ref>
         <ref id="d954e478a1310">
            <mixed-citation id="d954e482" publication-type="book">
Bremond, Claude, 1973. Logique du recit (Paris: Seuil).<person-group>
                  <string-name xmlns:xlink="http://www.w3.org/1999/xlink">
                     <surname>Bremond</surname>
                  </string-name>
               </person-group>
               <source>Logique du recit</source>
               <year>1973</year>
            </mixed-citation>
         </ref>
         <ref id="d954e504a1310">
            <mixed-citation id="d954e508" publication-type="book">
Chatman, Seymour, 1978. Story and Discourse. Narrative Structure in Fiction and Film
(Ithaca: Cornell UP).<person-group>
                  <string-name xmlns:xlink="http://www.w3.org/1999/xlink">
                     <surname>Chatman</surname>
                  </string-name>
               </person-group>
               <source>Story and Discourse. Narrative Structure in Fiction and Film</source>
               <year>1978</year>
            </mixed-citation>
         </ref>
         <ref id="d954e533a1310">
            <mixed-citation id="d954e537" publication-type="journal">
Dubuis, M. R., 1966. "La Genese de la nouvelle en France au moyen ige," Cahiers de
L 'Association des e'tudes franqaises 18, 9-19.<person-group>
                  <string-name xmlns:xlink="http://www.w3.org/1999/xlink">
                     <surname>Dubuis</surname>
                  </string-name>
               </person-group>
               <fpage>9</fpage>
               <volume>18</volume>
               <source>Cahiers de L 'Association des e'tudes franqaises</source>
               <year>1966</year>
            </mixed-citation>
         </ref>
         <ref id="d954e570a1310">
            <mixed-citation id="d954e574" publication-type="book">
Ferrier, Janet M., 1954. Forerunners of the French Novel. Essay on the Development of the
Nouvelle in the Late Middle Ages (Manchester: Manchester UP).<person-group>
                  <string-name xmlns:xlink="http://www.w3.org/1999/xlink">
                     <surname>Ferrier</surname>
                  </string-name>
               </person-group>
               <source>Forerunners of the French Novel. Essay on the Development of the Nouvelle in the Late Middle Ages</source>
               <year>1954</year>
            </mixed-citation>
         </ref>
         <ref id="d954e599a1310">
            <mixed-citation id="d954e603" publication-type="book">
Francois, Michel, ed., 1967. L 'Heptameron (Paris: Garnier Freres).<person-group>
                  <string-name xmlns:xlink="http://www.w3.org/1999/xlink">
                     <surname>François</surname>
                  </string-name>
               </person-group>
               <source>L 'Heptameron</source>
               <year>1967</year>
            </mixed-citation>
         </ref>
         <ref id="d954e625a1310">
            <mixed-citation id="d954e629" publication-type="book">
Genette, Gerard, 1972. "Discours du recit," in: Figures III (Paris: Editions du Seuil).<person-group>
                  <string-name xmlns:xlink="http://www.w3.org/1999/xlink">
                     <surname>Genette</surname>
                  </string-name>
               </person-group>
               <comment content-type="section">Discours du recit</comment>
               <source>Figures III</source>
               <year>1972</year>
            </mixed-citation>
         </ref>
         <ref id="d954e654a1310">
            <mixed-citation id="d954e658" publication-type="book">
Hassel, J. W., Jr., 1969. Sources and Analogues of the Nouvelles Recreations et Joyeux
Devis of Bonaventure Des Periers, Vol. II (Athens, Ga.: Univ. of Georgia Press).<person-group>
                  <string-name xmlns:xlink="http://www.w3.org/1999/xlink">
                     <surname>Hassel</surname>
                  </string-name>
               </person-group>
               <volume>II</volume>
               <source>Sources and Analogues of the Nouvelles Recreations et Joyeux Devis of Bonaventure Des Periers</source>
               <year>1969</year>
            </mixed-citation>
         </ref>
         <ref id="d954e687a1310">
            <mixed-citation id="d954e691" publication-type="book">
Henry, Albert, 1961. "L'Expressivite du dialogue dans le roman," in: Litterature narrative
d'imagination (Paris: Presses Universitaires de France).<person-group>
                  <string-name xmlns:xlink="http://www.w3.org/1999/xlink">
                     <surname>Henry</surname>
                  </string-name>
               </person-group>
               <comment content-type="section">L'Expressivite du dialogue dans le roman</comment>
               <source>Litterature narrative d'imagination</source>
               <year>1961</year>
            </mixed-citation>
         </ref>
         <ref id="d954e720a1310">
            <label>14</label>
            <mixed-citation id="d954e727" publication-type="book">
Séderhjelm (1910:ix-x)<fpage>ix</fpage>
               <source>Séderhjelm</source>
               <year>1910</year>
            </mixed-citation>
            <mixed-citation id="d954e742" publication-type="book">
Zumthor (1972:400)  <fpage>400</fpage>
            </mixed-citation>
            <mixed-citation id="d954e753" publication-type="journal">
Rychner (1954)  </mixed-citation>
            <mixed-citation id="d954e762" publication-type="book">
Jolles (1972:184)  <fpage>184</fpage>
            </mixed-citation>
         </ref>
         <ref id="d954e775a1310">
            <mixed-citation id="d954e779" publication-type="book">
Iser, Wolfgang, 1978. The Act of Reading. A Theory of Reader Response (Baltimore: Johns
Hopkins UP).<person-group>
                  <string-name xmlns:xlink="http://www.w3.org/1999/xlink">
                     <surname>Iser</surname>
                  </string-name>
               </person-group>
               <source>The Act of Reading. A Theory of Reader Response</source>
               <year>1978</year>
            </mixed-citation>
         </ref>
         <ref id="d954e804a1310">
            <mixed-citation id="d954e808" publication-type="book">
Jolles, Andrés, 1972. Formes simples, trans. Antoine-Marie Buguet (Paris: Editions du
Seuil).<person-group>
                  <string-name xmlns:xlink="http://www.w3.org/1999/xlink">
                     <surname>Jolles</surname>
                  </string-name>
               </person-group>
               <source>Formes simples</source>
               <year>1972</year>
            </mixed-citation>
         </ref>
         <ref id="d954e833a1310">
            <mixed-citation id="d954e837" publication-type="book">
Kasprzk, Krystyna, ed., 1980. Nouvelles Re;crdations et Joyeux Devis I-XC (Paris: Nizet).<person-group>
                  <string-name xmlns:xlink="http://www.w3.org/1999/xlink">
                     <surname>Kasprzk</surname>
                  </string-name>
               </person-group>
               <source>Nouvelles Re;crdations et Joyeux Devis I-XC</source>
               <year>1980</year>
            </mixed-citation>
         </ref>
         <ref id="d954e859a1310">
            <mixed-citation id="d954e863" publication-type="journal">
Perouse, G.-A., 1977. Nouvelles Frangaises du XVe siecle. Images de la vie du temps.
Travaux d'Humanisme et Renaissance, CLIV (Geneva: Droz).<person-group>
                  <string-name xmlns:xlink="http://www.w3.org/1999/xlink">
                     <surname>Perouse</surname>
                  </string-name>
               </person-group>
               <source>CLIV</source>
               <year>1977</year>
            </mixed-citation>
         </ref>
         <ref id="d954e888a1310">
            <mixed-citation id="d954e892" publication-type="book">
Rasmussen, Jens, 1958. La Prose narrative frangaise du XVeC sizcle (Copenhagen: Munks-
gaard).<person-group>
                  <string-name xmlns:xlink="http://www.w3.org/1999/xlink">
                     <surname>Rasmussen</surname>
                  </string-name>
               </person-group>
               <source>La Prose narrative frangaise du XVeC sizcle</source>
               <year>1958</year>
            </mixed-citation>
         </ref>
         <ref id="d954e917a1310">
            <mixed-citation id="d954e921" publication-type="journal">
Rychner, Jean, 1954. Review of Ferrier (1954), Bibliothèque d'Humanisme et Renaissance
17, 32-34.<person-group>
                  <string-name xmlns:xlink="http://www.w3.org/1999/xlink">
                     <surname>Rychner</surname>
                  </string-name>
               </person-group>
               <fpage>32</fpage>
               <volume>17</volume>
               <source>Bibliothèque d'Humanisme et Renaissance</source>
               <year>1954</year>
            </mixed-citation>
         </ref>
         <ref id="d954e954a1310">
            <mixed-citation id="d954e958" publication-type="book">
Soderhjelm, Werner, 1910. La Nouvelle Française au XVe sizcle (Paris: Honors Champion).<person-group>
                  <string-name xmlns:xlink="http://www.w3.org/1999/xlink">
                     <surname>Soderhjelm</surname>
                  </string-name>
               </person-group>
               <source>La Nouvelle Française au XVe sizcle</source>
               <year>1910</year>
            </mixed-citation>
         </ref>
         <ref id="d954e980a1310">
            <mixed-citation id="d954e984" publication-type="book">
Sozzi, Lionello, 1964. Les Contes de B. Des Periers. Contributions a l'dtude de la nouvelle
frangaise de la Renaissance (Torino: Giappichelli).<person-group>
                  <string-name xmlns:xlink="http://www.w3.org/1999/xlink">
                     <surname>Sozzi</surname>
                  </string-name>
               </person-group>
               <source>Les Contes de B. Des Periers. Contributions a l'dtude de la nouvelle frangaise de la Renaissance</source>
               <year>1964</year>
            </mixed-citation>
         </ref>
         <ref id="d954e1009a1310">
            <mixed-citation id="d954e1013" publication-type="journal">
Todorov, Tzvetan, 1966. "Les Categories du recit litteraire," Communications 8, 125-151.<person-group>
                  <string-name xmlns:xlink="http://www.w3.org/1999/xlink">
                     <surname>Todorov</surname>
                  </string-name>
               </person-group>
               <fpage>125</fpage>
               <volume>8</volume>
               <source>Communications</source>
               <year>1966</year>
            </mixed-citation>
         </ref>
         <ref id="d954e1042a1310">
            <mixed-citation id="d954e1046" publication-type="book">
Weber, Henri, 1970. "Facetie et le Bon Mot du Pogge a Des Periers," in: A.H.T. Levi, ed.
Humanism and Renaissance at the End of the Middle Ages and in the Early Renais-
sance (Manchester/New York: Manchester UP/Barnes and Noble).<person-group>
                  <string-name xmlns:xlink="http://www.w3.org/1999/xlink">
                     <surname>Weber</surname>
                  </string-name>
               </person-group>
               <comment content-type="section">Facetie et le Bon Mot du Pogge a Des Periers</comment>
               <source>Humanism and Renaissance at the End of the Middle Ages and in the Early Renais-sance</source>
            </mixed-citation>
         </ref>
         <ref id="d954e1075a1310">
            <mixed-citation id="d954e1079" publication-type="book">
Zumthor, Paul, 1972. Essais de podtique medicivale (Paris: Editions du Seuil).<person-group>
                  <string-name xmlns:xlink="http://www.w3.org/1999/xlink">
                     <surname>Zumthor</surname>
                  </string-name>
               </person-group>
               <source>Essais de podtique medicivale</source>
               <year>1972</year>
            </mixed-citation>
         </ref>
      </ref-list>
   </back>
</article>
