<article dtd-version="1.0" article-type="research-article">
   <front>
      <journal-meta>
         <journal-id xmlns:xlink="http://www.w3.org/1999/xlink" journal-id-type="jstor">poeticstoday</journal-id>
         <journal-id xmlns:xlink="http://www.w3.org/1999/xlink" journal-id-type="jstor">j100659</journal-id>
         <journal-title-group xmlns:xlink="http://www.w3.org/1999/xlink">
            <journal-title>Poetics Today</journal-title>
         </journal-title-group>
         <publisher>
            <publisher-name>Porter Institute for Poetics and Semiotics</publisher-name>
         </publisher>
         <issn xmlns:xlink="http://www.w3.org/1999/xlink" pub-type="ppub">03335372</issn>
         <issn xmlns:xlink="http://www.w3.org/1999/xlink" pub-type="epub">15275507</issn>
      </journal-meta>
      <article-meta>
         <article-id xmlns:xlink="http://www.w3.org/1999/xlink" pub-id-type="doi">10.2307/1772411</article-id>
         <article-categories>
            <subj-group>
               <subject>Conventions and Culture</subject>
            </subj-group>
         </article-categories>
         <title-group>
            <article-title>Constraints of Realeme Insertability in Narrative</article-title>
         </title-group>
         <contrib-group>
            <contrib contrib-type="author">
               <string-name xmlns:xlink="http://www.w3.org/1999/xlink">
                  <given-names>Itamar</given-names>
                  <surname>Even-Zohar</surname>
               </string-name>
            </contrib>
         </contrib-group>
         <pub-date xmlns:xlink="http://www.w3.org/1999/xlink">
            <day>1</day>
            <month>4</month>
            <year>1980</year>
         </pub-date>
         <volume>1</volume>
         <issue>3</issue>
         <issue-id xmlns:xlink="http://www.w3.org/1999/xlink">i303048</issue-id>
         <fpage>65</fpage>
         <lpage>74</lpage>
         <page-range>65-74</page-range>
         <permissions>
            <copyright-statement>Copyright The Porter Institute for Poetics and Semiotics, Tel Aviv University</copyright-statement>
         </permissions>
         <self-uri xmlns:xlink="http://www.w3.org/1999/xlink"
                   xlink:href="http://www.jstor.org/stable/1772411"/>
         <custom-meta-group xmlns:xlink="http://www.w3.org/1999/xlink">
            <custom-meta>
               <meta-name>lang</meta-name>
               <meta-value>eng</meta-value>
            </custom-meta>
         </custom-meta-group>
      </article-meta>
   </front>
   <back>
      <ref-list>
         <title>References</title>
         <ref id="d3422e125a1310">
            <mixed-citation id="d3422e129" publication-type="book">
BARTOSZYNSKI, KAZIMIERZ. 1973. "Liter Arna komunik Acia v narati'vnom texte," in: S. Krivu &amp; A.
Popovie, eds., Literdrna Komunikicia: Kolektiv (Matica slovenska), 57-68.<person-group>
                  <string-name xmlns:xlink="http://www.w3.org/1999/xlink">
                     <surname>Bartoszynski</surname>
                  </string-name>
               </person-group>
               <comment content-type="section">Liter Arna komunik Acia v narati'vnom texte</comment>
               <fpage>57</fpage>
               <source>Literdrna Komunikicia: Kolektiv</source>
               <year>1973</year>
            </mixed-citation>
         </ref>
         <ref id="d3422e161a1310">
            <mixed-citation id="d3422e165" publication-type="book">
CHUDAKOV, ALEKSANDR PAVLOVICH, 1971. "Predmetnyj mir [u Chekhova]," in: Poetika Chekhova
(Moscow: Nauka), 138-187.<person-group>
                  <string-name xmlns:xlink="http://www.w3.org/1999/xlink">
                     <surname>Chudakov</surname>
                  </string-name>
               </person-group>
               <comment content-type="section">Predmetnyj mir [u Chekhova]</comment>
               <fpage>138</fpage>
               <source>Poetika Chekhova</source>
               <year>1971</year>
            </mixed-citation>
         </ref>
         <ref id="d3422e197a1310">
            <mixed-citation id="d3422e201" publication-type="book">
DAHL, WILLY, 1965. Stil og struktur (Oslo: Universitetsforlaget).<person-group>
                  <string-name xmlns:xlink="http://www.w3.org/1999/xlink">
                     <surname>Dahl</surname>
                  </string-name>
               </person-group>
               <source>Stil og struktur</source>
               <year>1965</year>
            </mixed-citation>
         </ref>
         <ref id="d3422e223a1310">
            <mixed-citation id="d3422e227" publication-type="conference">
EVEN-ZOHAR, ITAMAR, 1979. "Textual Models of Culture - The French Case: Essay in the
Semiotics of Culture." Paper presented to the Romanistentag, Saarbriicken, 26-28
September, 1979.<person-group>
                  <string-name xmlns:xlink="http://www.w3.org/1999/xlink">
                     <surname>Even-Zohar</surname>
                  </string-name>
               </person-group>
               <comment content-type="section">Textual Models of Culture - The French Case: Essay in the Semiotics of Culture</comment>
               <source>The Romanistentag, Saarbriicken, 26-28 September, 1979</source>
               <year>1979</year>
            </mixed-citation>
         </ref>
         <ref id="d3422e260a1310">
            <mixed-citation id="d3422e264" publication-type="book">
HRUSHOVSKI, BENJAMIN, 1974. "Principles of a Unified Theory of the Literary Text," in: Z.
Ben-Porat and B. Hrushovski, Structuralist Poetics in Israel (Tel Aviv: Dept. of Poetics
and Comp. Lit., Tel Aviv University), 13-23.<person-group>
                  <string-name xmlns:xlink="http://www.w3.org/1999/xlink">
                     <surname>Hrushovski</surname>
                  </string-name>
               </person-group>
               <comment content-type="section">Principles of a Unified Theory of the Literary Text</comment>
               <fpage>13</fpage>
               <source>Structuralist Poetics in Israel</source>
               <year>1974</year>
            </mixed-citation>
         </ref>
         <ref id="d3422e299a1310">
            <mixed-citation id="d3422e303" publication-type="book">
LABOV. WILLIAM, 1972. Language in the Inner City: Studies in the Black English Vernacular.
(Philadelphia: Pennsylvania UP).<person-group>
                  <string-name xmlns:xlink="http://www.w3.org/1999/xlink">
                     <surname>Labov</surname>
                  </string-name>
               </person-group>
               <source>Language in the Inner City: Studies in the Black English Vernacular</source>
               <year>1972</year>
            </mixed-citation>
         </ref>
         <ref id="d3422e328a1310">
            <mixed-citation id="d3422e332" publication-type="book">
PROPP, VLADIMIR, 1968 (1928). Morphology of the Folktale (Texas UP).<person-group>
                  <string-name xmlns:xlink="http://www.w3.org/1999/xlink">
                     <surname>Propp</surname>
                  </string-name>
               </person-group>
               <source>Morphology of the Folktale</source>
               <year>1968</year>
            </mixed-citation>
         </ref>
         <ref id="d3422e354a1310">
            <mixed-citation id="d3422e358" publication-type="conference">
POLANYI BOWDITCH, LIVIA, 1976. "Why the What's are When," in: Kenneth Whistler et al., eds.,
Proceedings of the Berkeley.Linguistic Society Second Annual Meeting. Henry Thompson
(Berkeley Linguistics Society), 59-77.<person-group>
                  <string-name xmlns:xlink="http://www.w3.org/1999/xlink">
                     <surname>Bowditch</surname>
                  </string-name>
               </person-group>
               <comment content-type="section">Why the What's are When</comment>
               <fpage>59</fpage>
               <source>Proceedings of the Berkeley.Linguistic Society Second Annual Meeting. Henry Thompson (Berkeley Linguistics Society</source>
               <year>1976</year>
            </mixed-citation>
         </ref>
         <ref id="d3422e393a1310">
            <mixed-citation id="d3422e397" publication-type="book">
SKOTR. STAFFAN. 1977. "Karisson p5 taket i rysk 6versittning," in: Mary Orvig, ed., En bok om
Astrid Lindgren (Stockholm: Rabn och Sjogren), 84-132.<person-group>
                  <string-name xmlns:xlink="http://www.w3.org/1999/xlink">
                     <surname>Skotr</surname>
                  </string-name>
               </person-group>
               <comment content-type="section">Karisson p5 taket i rysk 6versittning</comment>
               <fpage>84</fpage>
               <source>Mary Orvig</source>
               <year>1977</year>
            </mixed-citation>
         </ref>
         <ref id="d3422e429a1310">
            <mixed-citation id="d3422e433" publication-type="book">
WENNERSTROM, EVA, 1964 (1935). "Expressiva anferingsverb," in: Strindberg's sprdk och stil: Valda
Studier (Lund: Gleerups), 34-46 (= Skrifter utgivna av Modersm Allirarnas Forening 99).<person-group>
                  <string-name xmlns:xlink="http://www.w3.org/1999/xlink">
                     <surname>Wennerstrom</surname>
                  </string-name>
               </person-group>
               <comment content-type="section">Expressiva anferingsverb</comment>
               <fpage>34</fpage>
               <source>Strindberg's sprdk och stil: Valda Studier</source>
               <year>1964</year>
            </mixed-citation>
         </ref>
      </ref-list>
   </back>
</article>
