<article xmlns:xsi="http://www.w3.org/2001/XMLSchema-instance"
         xmlns:xlink="http://www.w3.org/1999/xlink"
         xmlns:mml="http://www.w3.org/1998/Math/MathML"
         dtd-version="1.0"
         article-type="research-article">
   <front>
      <journal-meta>
         <journal-id journal-id-type="jstor">poeticstoday</journal-id>
         <journal-id journal-id-type="jstor">j100659</journal-id>
         <journal-title-group>
            <journal-title>Poetics Today</journal-title>
         </journal-title-group>
         <publisher>
            <publisher-name>Duke University Press</publisher-name>
         </publisher>
         <issn pub-type="ppub">03335372</issn>
         <issn pub-type="epub">15275507</issn>
      </journal-meta>
      <article-meta>
         <article-id pub-id-type="doi">10.2307/1772623</article-id>
         <title-group>
            <article-title>History's Many Cunning Passages: Paul Ricoeur's Time and Narrative</article-title>
         </title-group>
         <contrib-group>
            <contrib contrib-type="author">
               <string-name>
                  <given-names>J. P.</given-names>
                  <surname>Connerty</surname>
               </string-name>
            </contrib>
         </contrib-group>
         <pub-date>
            <day>1</day>
            <month>7</month>
            <year>1990</year>
         </pub-date>
         <volume>11</volume>
         <issue>2</issue>
         <issue-id>i303086</issue-id>
         <fpage>383</fpage>
         <lpage>403</lpage>
         <page-range>383-403</page-range>
         <permissions>
            <copyright-statement>Copyright 1990 The Porter Institute for Poetics and Semiotics, Tel Aviv University</copyright-statement>
         </permissions>
         <self-uri xlink:href="http://www.jstor.org/stable/1772623"/>
         <custom-meta-group>
            <custom-meta>
               <meta-name>lang</meta-name>
               <meta-value>eng</meta-value>
            </custom-meta>
         </custom-meta-group>
      </article-meta>
   </front>
   <back>
      <ref-list>
         <title>References</title>
         <ref id="d19043e114a1310">
            <mixed-citation id="d19043e118" publication-type="book">
Adorno, T. W.
1973 [1966] Negative Dialectics, translated by E. B. Ashton (London: Routledge).<person-group>
                  <string-name>
                     <surname>Adorno</surname>
                  </string-name>
               </person-group>
               <source>Negative Dialectics</source>
               <year>1973</year>
            </mixed-citation>
         </ref>
         <ref id="d19043e143a1310">
            <mixed-citation id="d19043e147" publication-type="book">
Bakhtin, M. M.
1981 [1934] "Forms of Time and of the Chronotope in the Novel," in The Dialogic
Imagination, edited by M. Holquist, translated by M. Holquist and C. Emerson
(Austin: University of Texas Press).<person-group>
                  <string-name>
                     <surname>Bakhtin</surname>
                  </string-name>
               </person-group>
               <comment content-type="section">Forms of Time and of the Chronotope in the Novel</comment>
               <source>The Dialogic Imagination</source>
               <year>1981</year>
            </mixed-citation>
         </ref>
         <ref id="d19043e182a1310">
            <mixed-citation id="d19043e186" publication-type="book">
Carroll, David
1982 The Subject in Question (Chicago: Chicago University Press).<person-group>
                  <string-name>
                     <surname>Carroll</surname>
                  </string-name>
               </person-group>
               <source>The Subject in Question</source>
               <year>1982</year>
            </mixed-citation>
         </ref>
         <ref id="d19043e211a1310">
            <mixed-citation id="d19043e215" publication-type="book">
Cohen, Sande
1986 Historical Culture (Berkeley: University of California Press).<person-group>
                  <string-name>
                     <surname>Cohen</surname>
                  </string-name>
               </person-group>
               <source>Historical Culture</source>
               <year>1986</year>
            </mixed-citation>
         </ref>
         <ref id="d19043e241a1310">
            <mixed-citation id="d19043e245" publication-type="book">
Danto, A. C.
1985 [1968] Narration and Knowledge, revised edition of Analytical Philosophy of
History (New York: Columbia University Press).<person-group>
                  <string-name>
                     <surname>Danto</surname>
                  </string-name>
               </person-group>
               <comment content-type="section">Narration and Knowledge</comment>
               <source>Analytical Philosophy of History</source>
               <year>1985</year>
            </mixed-citation>
         </ref>
         <ref id="d19043e277a1310">
            <mixed-citation id="d19043e281" publication-type="book">
Davis, Natalie Zemon
1988 Fiction in the Archives (Cambridge: Polity Press).<person-group>
                  <string-name>
                     <surname>Davis</surname>
                  </string-name>
               </person-group>
               <source>Fiction in the Archives</source>
               <year>1988</year>
            </mixed-citation>
         </ref>
         <ref id="d19043e306a1310">
            <mixed-citation id="d19043e310" publication-type="book">
Dray, W. H.
1957 Laws and Explanation in History (Oxford: Oxford University Press).<person-group>
                  <string-name>
                     <surname>Dray</surname>
                  </string-name>
               </person-group>
               <source>Laws and Explanation in History</source>
               <year>1957</year>
            </mixed-citation>
         </ref>
         <ref id="d19043e335a1310">
            <mixed-citation id="d19043e339" publication-type="book">
Foucault, Michel
1987 The History of Sexuality: An Introduction, translated by Robert Hurley (Lon-
don: Peregrine).<person-group>
                  <string-name>
                     <surname>Foucault</surname>
                  </string-name>
               </person-group>
               <source>The History of Sexuality: An Introduction</source>
               <year>1987</year>
            </mixed-citation>
         </ref>
         <ref id="d19043e368a1310">
            <mixed-citation id="d19043e372" publication-type="book">
Freud, Sigmund
1962 [1942] Three Essays on the History of Sexuality, translated by James Strachey
(London: Penguin).<person-group>
                  <string-name>
                     <surname>Freud</surname>
                  </string-name>
               </person-group>
               <source>Three Essays on the History of Sexuality</source>
               <year>1962</year>
            </mixed-citation>
         </ref>
         <ref id="d19043e401a1310">
            <mixed-citation id="d19043e405" publication-type="book">
Gallie, W. B.
1964 Philosophy and the Historical Understanding (London: Chatto).<person-group>
                  <string-name>
                     <surname>Gallie</surname>
                  </string-name>
               </person-group>
               <source>Philosophy and the Historical Understanding</source>
               <year>1964</year>
            </mixed-citation>
         </ref>
         <ref id="d19043e431a1310">
            <mixed-citation id="d19043e435" publication-type="book">
Gay, Peter
1975 Style in History (London: Cape).<person-group>
                  <string-name>
                     <surname>Gay</surname>
                  </string-name>
               </person-group>
               <source>Style in History</source>
               <year>1975</year>
            </mixed-citation>
         </ref>
         <ref id="d19043e460a1310">
            <mixed-citation id="d19043e464" publication-type="book">
Hempel, C. G.
1949 "The Function of General Laws in History," in Readings in Philosophical
Analysis, edited by H. Feigl and W. Sellars (New York: Appleton-Century-
Crofts).<person-group>
                  <string-name>
                     <surname>Hempel</surname>
                  </string-name>
               </person-group>
               <comment content-type="section">The Function of General Laws in History</comment>
               <source>Readings in Philosophical Analysis</source>
               <year>1949</year>
            </mixed-citation>
         </ref>
         <ref id="d19043e499a1310">
            <mixed-citation id="d19043e503" publication-type="book">
James, Henry
1957 [1888] "The Art of Fiction," in The House of Fiction, edited by Leon Edel
(London: Rupert Hart-Davis).<person-group>
                  <string-name>
                     <surname>James</surname>
                  </string-name>
               </person-group>
               <comment content-type="section">The Art of Fiction</comment>
               <source>The House of Fiction</source>
               <year>1957</year>
            </mixed-citation>
            <mixed-citation id="d19043e534" publication-type="book">
1986 [1884] "The Author of 'Beltraffio,' " in The Figure in the Carpet and Other
Stories, edited by Frank Kermode (London: Penguin).<person-group>
                  <string-name>
                     <surname>James</surname>
                  </string-name>
               </person-group>
               <comment content-type="section">The Author of 'Beltraffio</comment>
               <source>The Figure in the Carpet and Other Stories</source>
               <year>1986</year>
            </mixed-citation>
         </ref>
         <ref id="d19043e563a1310">
            <mixed-citation id="d19043e567" publication-type="book">
LaCapra, Dominick
1985 History and Criticism (Ithaca: Cornell University Press).<person-group>
                  <string-name>
                     <surname>Lacapra</surname>
                  </string-name>
               </person-group>
               <source>History and Criticism</source>
               <year>1985</year>
            </mixed-citation>
         </ref>
         <ref id="d19043e592a1310">
            <mixed-citation id="d19043e596" publication-type="book">
Mandelbaum, Maurice
1977 The Anatomy of Historical Knowledge (Baltimore: Johns Hopkins University
Press).<person-group>
                  <string-name>
                     <surname>Mandelbaum</surname>
                  </string-name>
               </person-group>
               <source>The Anatomy of Historical Knowledge</source>
               <year>1977</year>
            </mixed-citation>
         </ref>
         <ref id="d19043e625a1310">
            <mixed-citation id="d19043e629" publication-type="book">
Medvedev, P. M.
1985 [1928] The Formal Method in Literary Scholarship (Cambridge: Harvard Uni-
versity Press).<person-group>
                  <string-name>
                     <surname>Medvedev</surname>
                  </string-name>
               </person-group>
               <source>The Formal Method in Literary Scholarship</source>
               <year>1985</year>
            </mixed-citation>
         </ref>
         <ref id="d19043e659a1310">
            <mixed-citation id="d19043e663" publication-type="journal">
Miller, J. Hillis
1974 "Narrative and History," English Literary History 4(1): 455-73.<person-group>
                  <string-name>
                     <surname>Miller</surname>
                  </string-name>
               </person-group>
               <issue>1</issue>
               <fpage>455</fpage>
               <volume>4</volume>
               <source>English Literary History</source>
               <year>1974</year>
            </mixed-citation>
         </ref>
         <ref id="d19043e698a1310">
            <mixed-citation id="d19043e702" publication-type="book">
Mink, Louis O.
1978 "Narrative Form as a Cognitive Instrument," in The Writing of History,
edited by R. H. Canary and H. Kozicki (Madison: University of Wisconsin
Press).<person-group>
                  <string-name>
                     <surname>Mink</surname>
                  </string-name>
               </person-group>
               <comment content-type="section">Narrative Form as a Cognitive Instrument</comment>
               <source>The Writing of History</source>
               <year>1978</year>
            </mixed-citation>
         </ref>
         <ref id="d19043e737a1310">
            <mixed-citation id="d19043e741" publication-type="book">
Ricoeur, Paul
1984 [1983] Time and Narrative, Vol. 1, translated by K. McLaughlin and D. Pel-
lauer (Chicago: Chicago University Press).<person-group>
                  <string-name>
                     <surname>Ricoeur</surname>
                  </string-name>
               </person-group>
               <volume>1</volume>
               <source>Time and Narrative</source>
               <year>1984</year>
            </mixed-citation>
            <mixed-citation id="d19043e772" publication-type="book">
1985 [1984] Time and Narrative, Vol. 2, translated by K. McLaughlin and D. Pel-
lauer (Chicago: Chicago University Press).<person-group>
                  <string-name>
                     <surname>Ricoeur</surname>
                  </string-name>
               </person-group>
               <volume>2</volume>
               <source>Time and Narrative</source>
               <year>1985</year>
            </mixed-citation>
         </ref>
         <ref id="d19043e801a1310">
            <mixed-citation id="d19043e805" publication-type="book">
Robbe-Grillet, Alain
1965 [1961] "Pour un Nouveau Roman," in Snapshots and Towards a New Novel,
translated by Barbara Wright (London: Calder).<person-group>
                  <string-name>
                     <surname>Robbe-Grillet</surname>
                  </string-name>
               </person-group>
               <comment content-type="section">Pour un Nouveau Roman</comment>
               <source>Snapshots and Towards a New Novel</source>
               <year>1965</year>
            </mixed-citation>
         </ref>
         <ref id="d19043e837a1310">
            <mixed-citation id="d19043e841" publication-type="book">
White, Hayden
1973 Metahistory (Baltimore: Johns Hopkins University Press).<person-group>
                  <string-name>
                     <surname>White</surname>
                  </string-name>
               </person-group>
               <source>Metahistory</source>
               <year>1973</year>
            </mixed-citation>
            <mixed-citation id="d19043e865" publication-type="book">
1978 Tropics of Discourse (Baltimore: Johns Hopkins University Press).<person-group>
                  <string-name>
                     <surname>White</surname>
                  </string-name>
               </person-group>
               <source>Tropics of Discourse</source>
               <year>1978</year>
            </mixed-citation>
            <mixed-citation id="d19043e886" publication-type="book">
1987 The Content of the Form (Baltimore: Johns Hopkins University Press).<person-group>
                  <string-name>
                     <surname>White</surname>
                  </string-name>
               </person-group>
               <source>The Content of the Form</source>
               <year>1987</year>
            </mixed-citation>
         </ref>
      </ref-list>
   </back>
</article>
