<article dtd-version="1.0" article-type="research-article">
   <front>
      <journal-meta>
         <journal-id xmlns:xlink="http://www.w3.org/1999/xlink" journal-id-type="jstor">poeticstoday</journal-id>
         <journal-id xmlns:xlink="http://www.w3.org/1999/xlink" journal-id-type="jstor">j100659</journal-id>
         <journal-title-group xmlns:xlink="http://www.w3.org/1999/xlink">
            <journal-title>Poetics Today</journal-title>
         </journal-title-group>
         <publisher>
            <publisher-name>Porter Institute for Poetics and Semiotics</publisher-name>
         </publisher>
         <issn xmlns:xlink="http://www.w3.org/1999/xlink" pub-type="ppub">03335372</issn>
         <issn xmlns:xlink="http://www.w3.org/1999/xlink" pub-type="epub">15275507</issn>
      </journal-meta>
      <article-meta>
         <article-id xmlns:xlink="http://www.w3.org/1999/xlink" pub-id-type="doi">10.2307/1772134</article-id>
         <article-categories>
            <subj-group>
               <subject>Difference</subject>
            </subj-group>
         </article-categories>
         <title-group>
            <article-title>The Politics of Women's Bodies Reflections on Plato</article-title>
         </title-group>
         <contrib-group>
            <contrib contrib-type="author">
               <string-name xmlns:xlink="http://www.w3.org/1999/xlink">
                  <given-names>Monique</given-names>
                  <surname>Canto</surname>
               </string-name>
            </contrib>
            <contrib contrib-type="author">
               <string-name xmlns:xlink="http://www.w3.org/1999/xlink">
                  <given-names>Arthur</given-names>
                  <surname>Goldhammer</surname>
               </string-name>
            </contrib>
         </contrib-group>
         <pub-date xmlns:xlink="http://www.w3.org/1999/xlink">
            <day>1</day>
            <month>1</month>
            <year>1985</year>
         </pub-date>
         <volume>6</volume>
         <issue>1/2</issue>
         <issue-id xmlns:xlink="http://www.w3.org/1999/xlink">i303067</issue-id>
         <fpage>275</fpage>
         <lpage>289</lpage>
         <page-range>275-289</page-range>
         <permissions>
            <copyright-statement>Copyright The Porter Institute for Poetics and Semiotics Tel Aviv University</copyright-statement>
         </permissions>
         <self-uri xmlns:xlink="http://www.w3.org/1999/xlink"
                   xlink:href="http://www.jstor.org/stable/1772134"/>
         <custom-meta-group xmlns:xlink="http://www.w3.org/1999/xlink">
            <custom-meta>
               <meta-name>lang</meta-name>
               <meta-value>eng</meta-value>
            </custom-meta>
         </custom-meta-group>
      </article-meta>
   </front>
   <back>
      <fn-group xmlns:xlink="http://www.w3.org/1999/xlink">
         <title>[Footnotes]</title>
         <fn id="d44254e135a1310">
            <label>1</label>
            <p>
               <mixed-citation id="d44254e142" publication-type="other">
Laws VII, 805d-807c.</mixed-citation>
            </p>
            <p>
               <mixed-citation id="d44254e148" publication-type="book">
The
Collected Dialogues of Plato, eds., Edith Hamilton and Huntington Cairns (New York:
Pantheon-Bollingen, 1963)<source>The Collected Dialogues of Plato</source>
                  <year>1963</year>
               </mixed-citation>
            </p>
            <p>
               <mixed-citation id="d44254e166" publication-type="other">
Republic - Paul Shorey</mixed-citation>
            </p>
            <p>
               <mixed-citation id="d44254e173" publication-type="other">
Symposium - Michael Joyce</mixed-citation>
            </p>
            <p>
               <mixed-citation id="d44254e179" publication-type="other">
Laws - A.E. Taylor</mixed-citation>
            </p>
         </fn>
      </fn-group>
   </back>
</article>
