<article xmlns:xsi="http://www.w3.org/2001/XMLSchema-instance"
         xmlns:xlink="http://www.w3.org/1999/xlink"
         xmlns:mml="http://www.w3.org/1998/Math/MathML"
         dtd-version="1.0"
         article-type="research-article">
   <front>
      <journal-meta>
         <journal-id journal-id-type="jstor">poeticstoday</journal-id>
         <journal-id journal-id-type="jstor">j100659</journal-id>
         <journal-title-group>
            <journal-title>Poetics Today</journal-title>
         </journal-title-group>
         <publisher>
            <publisher-name>Duke University Press</publisher-name>
         </publisher>
         <issn pub-type="ppub">03335372</issn>
         <issn pub-type="epub">15275507</issn>
      </journal-meta>
      <article-meta>
         <article-id pub-id-type="doi">10.2307/1772805</article-id>
         <title-group>
            <article-title>The Sea Resists: Midrash and the (Psycho)Dynamics of Intertextuality</article-title>
         </title-group>
         <contrib-group>
            <contrib contrib-type="author">
               <string-name>
                  <given-names>Daniel</given-names>
                  <surname>Boyarin</surname>
               </string-name>
            </contrib>
         </contrib-group>
         <pub-date>
            <day>1</day>
            <month>12</month>
            <year>1989</year>
         </pub-date>
         <volume>10</volume>
         <issue>4</issue>
         <issue-id>i303084</issue-id>
         <fpage>661</fpage>
         <lpage>677</lpage>
         <page-range>661-677</page-range>
         <permissions>
            <copyright-statement>Copyright 1989 The Porter Institute for Poetics and Semiotics, Tel Aviv University</copyright-statement>
         </permissions>
         <self-uri xlink:href="http://www.jstor.org/stable/1772805"/>
         <custom-meta-group>
            <custom-meta>
               <meta-name>lang</meta-name>
               <meta-value>eng</meta-value>
            </custom-meta>
         </custom-meta-group>
      </article-meta>
   </front>
   <back>
      <fn-group>
         <title>[Footnotes]</title>
         <fn id="d20577e114a1310">
            <label>1</label>
            <p>
               <mixed-citation id="d20577e123" publication-type="book">
Cassuto
1975: 102  <fpage>102</fpage>
               </mixed-citation>
            </p>
         </fn>
         <fn id="d20577e138a1310">
            <label>2</label>
            <p>
               <mixed-citation id="d20577e145" publication-type="other">
Weiss 1984: 369-70</mixed-citation>
            </p>
         </fn>
         <fn id="d20577e152a1310">
            <label>3</label>
            <p>
               <mixed-citation id="d20577e159" publication-type="book">
Meir Sternberg's (1985) chapter
entitled "Gaps, Ambiguities, and the Reading Process."<person-group>
                     <string-name>
                        <surname>Sternberg</surname>
                     </string-name>
                  </person-group>
                  <source>Gaps, Ambiguities, and the Reading Process</source>
                  <year>1985</year>
               </mixed-citation>
            </p>
            <p>
               <mixed-citation id="d20577e183" publication-type="other">
Polzin 1980: 17</mixed-citation>
            </p>
         </fn>
         <fn id="d20577e190a1310">
            <label>4</label>
            <p>
               <mixed-citation id="d20577e197" publication-type="other">
Exodus 14:27</mixed-citation>
            </p>
         </fn>
         <fn id="d20577e205a1310">
            <label>5</label>
            <p>
               <mixed-citation id="d20577e212" publication-type="other">
Whitman 1987:
269</mixed-citation>
            </p>
         </fn>
         <fn id="d20577e222a1310">
            <label>6</label>
            <p>
               <mixed-citation id="d20577e229" publication-type="other">
Weiss 1984: 368</mixed-citation>
            </p>
         </fn>
         <fn id="d20577e236a1310">
            <label>7</label>
            <p>
               <mixed-citation id="d20577e245" publication-type="other">
Samuel 2:6</mixed-citation>
            </p>
            <p>
               <mixed-citation id="d20577e251" publication-type="other">
Babylonian Talmud Sanhedrin 92b</mixed-citation>
            </p>
         </fn>
         <fn id="d20577e258a1310">
            <label>10</label>
            <p>
               <mixed-citation id="d20577e265" publication-type="book">
Weiss (1984: 375)  </mixed-citation>
            </p>
         </fn>
         <fn id="d20577e274a1310">
            <label>11</label>
            <p>
               <mixed-citation id="d20577e281" publication-type="book">
Louis Ginzberg (1954: 19)  <fpage>19</fpage>
               </mixed-citation>
            </p>
         </fn>
         <fn id="d20577e293a1310">
            <label>13</label>
            <p>
               <mixed-citation id="d20577e300" publication-type="other">
The Prelude</mixed-citation>
            </p>
            <p>
               <mixed-citation id="d20577e306" publication-type="journal">
Ross 1987  </mixed-citation>
            </p>
         </fn>
      </fn-group>
      <ref-list>
         <title>References</title>
         <ref id="d20577e324a1310">
            <mixed-citation id="d20577e328" publication-type="journal">
Boyarin, Daniel
1986 "Voices in the Text," Revue Biblique 93: 581-98.<person-group>
                  <string-name>
                     <surname>Boyarin</surname>
                  </string-name>
               </person-group>
               <fpage>581</fpage>
               <volume>93</volume>
               <source>Revue Biblique</source>
               <year>1986</year>
            </mixed-citation>
            <mixed-citation id="d20577e359" publication-type="journal">
1989 "History Becomes Parable: A Reading of the Midrashic Mashal," Bucknell
Review 33 (2).<person-group>
                  <string-name>
                     <surname>Boyarin</surname>
                  </string-name>
               </person-group>
               <fpage>2</fpage>
               <volume>33</volume>
               <source>Bucknell Review</source>
               <year>1989</year>
            </mixed-citation>
            <mixed-citation id="d20577e390" publication-type="book">
in press Intertextuality and the Reading of Midrash (Bloomington: Indiana Univer-
sity Press).<person-group>
                  <string-name>
                     <surname>Boyarin</surname>
                  </string-name>
               </person-group>
               <source>Intertextuality and the Reading of Midrash</source>
            </mixed-citation>
         </ref>
         <ref id="d20577e412a1310">
            <mixed-citation id="d20577e416" publication-type="book">
Cassuto, Umberto
1975 Biblical and Oriental Studies (Jerusalem: Magnes).<person-group>
                  <string-name>
                     <surname>Cassuto</surname>
                  </string-name>
               </person-group>
               <source>Biblical and Oriental Studies</source>
               <year>1975</year>
            </mixed-citation>
         </ref>
         <ref id="d20577e441a1310">
            <mixed-citation id="d20577e445" publication-type="book">
Childs, Brevard
1972 The Book of Exodus (Philadelphia: Fortress).<person-group>
                  <string-name>
                     <surname>Childs</surname>
                  </string-name>
               </person-group>
               <source>Brevard 1972 The Book of Exodus</source>
            </mixed-citation>
         </ref>
         <ref id="d20577e467a1310">
            <mixed-citation id="d20577e471" publication-type="book">
Dunansky, Shimshon, ed.
1980 Shir hashirim Rabba (Tel Aviv: Dvir).<person-group>
                  <string-name>
                     <surname>Dunansky</surname>
                  </string-name>
               </person-group>
               <source>1980 Shir hashirim Rabba</source>
            </mixed-citation>
         </ref>
         <ref id="d20577e494a1310">
            <mixed-citation id="d20577e498" publication-type="book">
Freud, Sigmund
1985 Moses and Monotheism (Harmondsworth: Penguin).<person-group>
                  <string-name>
                     <surname>Freud</surname>
                  </string-name>
               </person-group>
               <source>Sigmund 1985 Moses and Monotheism</source>
            </mixed-citation>
         </ref>
         <ref id="d20577e520a1310">
            <mixed-citation id="d20577e524" publication-type="book">
Ginzberg, Louis
1954 The Legends of the Jews, III (Philadelphia: Jewish Publication Society).<person-group>
                  <string-name>
                     <surname>Ginzberg</surname>
                  </string-name>
               </person-group>
               <volume>III</volume>
               <source>1954 The Legends of the Jews</source>
            </mixed-citation>
         </ref>
         <ref id="d20577e549a1310">
            <mixed-citation id="d20577e553" publication-type="book">
Hartman, Geoffrey
1986 "The Struggle for the Text," in Midrash and Literature, edited by G. Hart-
man and S. Budick, 3-18 (New Haven: Yale University Press).<person-group>
                  <string-name>
                     <surname>Hartman</surname>
                  </string-name>
               </person-group>
               <comment content-type="section">The Struggle for the Text</comment>
               <fpage>3</fpage>
               <source>Midrash and Literature</source>
               <year>1986</year>
            </mixed-citation>
         </ref>
         <ref id="d20577e588a1310">
            <mixed-citation id="d20577e592" publication-type="book">
Heinemann, Isaak
1974 Darke ha-agadda (Jerusalem: Magnes).<person-group>
                  <string-name>
                     <surname>Heinemann</surname>
                  </string-name>
               </person-group>
               <source>Darke ha-agadda</source>
               <year>1974</year>
            </mixed-citation>
         </ref>
         <ref id="d20577e617a1310">
            <mixed-citation id="d20577e621" publication-type="book">
Jameson, Fredric
1981 The Political Unconscious (Ithaca: Cornell University Press).<person-group>
                  <string-name>
                     <surname>Jameson</surname>
                  </string-name>
               </person-group>
               <source>The Political Unconscious</source>
               <year>1981</year>
            </mixed-citation>
         </ref>
         <ref id="d20577e646a1310">
            <mixed-citation id="d20577e650" publication-type="journal">
Johnson, Christopher M.
1988 "Intertextuality and the Psychical Model," Paragraph 11: 71-90.<person-group>
                  <string-name>
                     <surname>Johnson</surname>
                  </string-name>
               </person-group>
               <fpage>71</fpage>
               <volume>11</volume>
               <source>Paragraph</source>
               <year>1988</year>
            </mixed-citation>
         </ref>
         <ref id="d20577e683a1310">
            <mixed-citation id="d20577e687" publication-type="journal">
Krieger, Murray
1979 "Poetic Presence and Illusion: Renaissance Theory and the Duplicity of
Metaphor," Critical Inquiry 5: 597-619.<object-id pub-id-type="jstor">10.2307/1343025</object-id>
               <fpage>597</fpage>
            </mixed-citation>
         </ref>
         <ref id="d20577e706a1310">
            <mixed-citation id="d20577e710" publication-type="book">
Lauterbach, Jacob, trans.
1961 [1935] The Mekhilta de-Rabbi Ishmael (Philadelphia: Jewish Publication
Society).<person-group>
                  <string-name>
                     <surname>Lauterbach</surname>
                  </string-name>
               </person-group>
               <source>The Mekhilta de-Rabbi Ishmael</source>
               <year>1961</year>
            </mixed-citation>
         </ref>
         <ref id="d20577e739a1310">
            <mixed-citation id="d20577e743" publication-type="book">
Lieberman, Saul
1950 Hellenism in Jewish Palestine (New York: Jewish Theological Seminary Press).<person-group>
                  <string-name>
                     <surname>Lieberman</surname>
                  </string-name>
               </person-group>
               <source>Hellenism in Jewish Palestine</source>
               <year>1950</year>
            </mixed-citation>
         </ref>
         <ref id="d20577e768a1310">
            <mixed-citation id="d20577e772" publication-type="book">
Loewenstamm, Samuel
1987 The Tradition of the Exodus in Its Development [Hebrew] (Jerusalem: Magnes).<person-group>
                  <string-name>
                     <surname>Loewenstamm</surname>
                  </string-name>
               </person-group>
               <source>The Tradition of the Exodus in Its Development</source>
               <year>1987</year>
            </mixed-citation>
         </ref>
         <ref id="d20577e797a1310">
            <mixed-citation id="d20577e801" publication-type="book">
Noth, Martin
1962 Exodus: A Commentary (Philadelphia: Fortress).<person-group>
                  <string-name>
                     <surname>Noth</surname>
                  </string-name>
               </person-group>
               <source>Exodus: A Commentary</source>
               <year>1962</year>
            </mixed-citation>
         </ref>
         <ref id="d20577e826a1310">
            <mixed-citation id="d20577e830" publication-type="book">
Polzin, Robert
1980 Moses and the Deuteronomist (New York: Seabury).<person-group>
                  <string-name>
                     <surname>Polzin</surname>
                  </string-name>
               </person-group>
               <source>Moses and the Deuteronomist</source>
               <year>1980</year>
            </mixed-citation>
         </ref>
         <ref id="d20577e856a1310">
            <mixed-citation id="d20577e860" publication-type="journal">
Ross, Kristin
1987 "Rimbaud and the Resistance to Work," Representations 19: 62-87.<object-id pub-id-type="jstor">10.2307/2928531</object-id>
               <fpage>62</fpage>
            </mixed-citation>
         </ref>
         <ref id="d20577e876a1310">
            <mixed-citation id="d20577e880" publication-type="book">
Scholem, Gershom G.
1961 Major Trends in Jewish Mysticism (New York: Schocken).<person-group>
                  <string-name>
                     <surname>Scholem</surname>
                  </string-name>
               </person-group>
               <source>Major Trends in Jewish Mysticism</source>
               <year>1961</year>
            </mixed-citation>
         </ref>
         <ref id="d20577e905a1310">
            <mixed-citation id="d20577e909" publication-type="book">
Sternberg, Meir
1985 Poetics of Biblical Narrative (Bloomington: Indiana University Press).<person-group>
                  <string-name>
                     <surname>Sternberg</surname>
                  </string-name>
               </person-group>
               <source>Poetics of Biblical Narrative</source>
               <year>1985</year>
            </mixed-citation>
         </ref>
         <ref id="d20577e934a1310">
            <mixed-citation id="d20577e940" publication-type="book">
Uffenheimer, Benjamin
1986 "Myth and Reality in Ancient Israel," in The Origins and Diversity of Axial
Age Civilizations, edited by S. N. Eisenstadt (Albany: State University of New
York Press).<person-group>
                  <string-name>
                     <surname>Uffenheimer</surname>
                  </string-name>
               </person-group>
               <comment content-type="section">Myth and Reality in Ancient Israel</comment>
               <source>The Origins and Diversity of Axial Age Civilizations</source>
               <year>1986</year>
            </mixed-citation>
         </ref>
         <ref id="d20577e975a1310">
            <mixed-citation id="d20577e979" publication-type="journal">
Urbach, Ephraim
1959 "The Laws of Idol Worship and Historical-Archaeological Reality," Israel
Exploration Journal 9: 149-65, 229-45.<person-group>
                  <string-name>
                     <surname>Urbach</surname>
                  </string-name>
               </person-group>
               <fpage>149</fpage>
               <volume>9</volume>
               <source>Israel Exploration Journal</source>
               <year>1959</year>
            </mixed-citation>
         </ref>
         <ref id="d20577e1014a1310">
            <mixed-citation id="d20577e1018" publication-type="book">
Weiss, Meir
1984 The Bible from Within (Jerusalem: Magnes).<person-group>
                  <string-name>
                     <surname>Weiss</surname>
                  </string-name>
               </person-group>
               <source>The Bible from Within</source>
               <year>1984</year>
            </mixed-citation>
         </ref>
         <ref id="d20577e1044a1310">
            <mixed-citation id="d20577e1048" publication-type="book">
Whitman, Jon
1987 Allegory: The Dynamics of an Ancient and Medieval Technique (Cambridge:
Harvard University Press).<person-group>
                  <string-name>
                     <surname>Whitman</surname>
                  </string-name>
               </person-group>
               <source>Allegory: The Dynamics of an Ancient and Medieval Technique</source>
               <year>1987</year>
            </mixed-citation>
         </ref>
         <ref id="d20577e1077a1310">
            <mixed-citation id="d20577e1081" publication-type="book">
Wordsworth, William
1970 The Selected Poetry and Prose of Wordsworth, edited by Geoffrey H. Hartman
(New York: New American Library).<person-group>
                  <string-name>
                     <surname>Wordsworth</surname>
                  </string-name>
               </person-group>
               <source>The Selected Poetry and Prose of Wordsworth</source>
               <year>1970</year>
            </mixed-citation>
         </ref>
      </ref-list>
   </back>
</article>
