<article dtd-version="1.0" article-type="research-article">
   <front>
      <journal-meta>
         <journal-id xmlns:xlink="http://www.w3.org/1999/xlink" journal-id-type="jstor">poeticstoday</journal-id>
         <journal-id xmlns:xlink="http://www.w3.org/1999/xlink" journal-id-type="jstor">j100659</journal-id>
         <journal-title-group xmlns:xlink="http://www.w3.org/1999/xlink">
            <journal-title>Poetics Today</journal-title>
         </journal-title-group>
         <publisher>
            <publisher-name>Porter Institute for Poetics and Semiotics</publisher-name>
         </publisher>
         <issn xmlns:xlink="http://www.w3.org/1999/xlink" pub-type="ppub">03335372</issn>
         <issn xmlns:xlink="http://www.w3.org/1999/xlink" pub-type="epub">15275507</issn>
      </journal-meta>
      <article-meta>
         <article-id xmlns:xlink="http://www.w3.org/1999/xlink" pub-id-type="doi">10.2307/1772213</article-id>
         <article-categories>
            <subj-group>
               <subject>Review Articles</subject>
            </subj-group>
         </article-categories>
         <title-group>
            <article-title>A New Paradigm for Comparative Literature</article-title>
         </title-group>
         <contrib-group>
            <contrib contrib-type="author">
               <string-name xmlns:xlink="http://www.w3.org/1999/xlink">
                  <given-names>Pierre</given-names>
                  <surname>Swiggers</surname>
               </string-name>
            </contrib>
         </contrib-group>
         <pub-date xmlns:xlink="http://www.w3.org/1999/xlink">
            <day>1</day>
            <month>1</month>
            <year>1982</year>
         </pub-date>
         <volume>3</volume>
         <issue>1</issue>
         <issue-id xmlns:xlink="http://www.w3.org/1999/xlink">i303055</issue-id>
         <fpage>181</fpage>
         <lpage>184</lpage>
         <page-range>181-184</page-range>
         <permissions>
            <copyright-statement>Copyright The Porter Institute for Poetics and Semiotics Tel Aviv University</copyright-statement>
         </permissions>
         <self-uri xmlns:xlink="http://www.w3.org/1999/xlink"
                   xlink:href="http://www.jstor.org/stable/1772213"/>
         <custom-meta-group xmlns:xlink="http://www.w3.org/1999/xlink">
            <custom-meta>
               <meta-name>lang</meta-name>
               <meta-value>eng</meta-value>
            </custom-meta>
         </custom-meta-group>
      </article-meta>
   </front>
   <back>
      <fn-group xmlns:xlink="http://www.w3.org/1999/xlink">
         <title>[Footnotes]</title>
         <fn id="d17544e123a1310">
            <label>1</label>
            <p>
               <mixed-citation id="d17544e130" publication-type="book">
Guyard (1951)  </mixed-citation>
            </p>
            <p>
               <mixed-citation id="d17544e138" publication-type="book">
Pichois and Rousseau (1967).  </mixed-citation>
            </p>
         </fn>
         <fn id="d17544e147a1310">
            <label>2</label>
            <p>
               <mixed-citation id="d17544e154" publication-type="book">
Swiggers (1981).  </mixed-citation>
            </p>
         </fn>
         <fn id="d17544e163a1310">
            <label>3</label>
            <p>
               <mixed-citation id="d17544e170" publication-type="book">
Lakatos (1970).  </mixed-citation>
            </p>
         </fn>
         <fn id="d17544e179a1310">
            <label>5</label>
            <p>
               <mixed-citation id="d17544e186" publication-type="book">
Holmes, Lambert, van
den Broeck (eds. 1978)  </mixed-citation>
            </p>
            <p>
               <mixed-citation id="d17544e197" publication-type="book">
Even-Zohar (1978a)  </mixed-citation>
            </p>
            <p>
               <mixed-citation id="d17544e205" publication-type="book">
Popovit's
work on the notion of "metatext" (Popovit 1976b)<person-group>
                     <string-name>
                        <surname>Popovit</surname>
                     </string-name>
                  </person-group>
                  <source>metatext</source>
                  <year>1976</year>
               </mixed-citation>
            </p>
            <p>
               <mixed-citation id="d17544e230" publication-type="other">
Popovié 1976a).</mixed-citation>
            </p>
         </fn>
         <fn id="d17544e238a1310">
            <label>6</label>
            <p>
               <mixed-citation id="d17544e245" publication-type="other">
Hempel in his classical expose
(Hempel 1963).</mixed-citation>
            </p>
         </fn>
      </fn-group>
      <ref-list>
         <title>References</title>
         <ref id="d17544e264a1310">
            <mixed-citation id="d17544e268" publication-type="book">
Bunge, Mario, 1974. Treatise on Basic Philosophy. Semantics I: Sense and Reference, Vol.
I (Dordrecht: Reidel).<person-group>
                  <string-name xmlns:xlink="http://www.w3.org/1999/xlink">
                     <surname>Bunge</surname>
                  </string-name>
               </person-group>
               <volume>I</volume>
               <source>Treatise on Basic Philosophy. Semantics I: Sense and Reference</source>
               <year>1974</year>
            </mixed-citation>
         </ref>
         <ref id="d17544e297a1310">
            <mixed-citation id="d17544e301" publication-type="book">
Durigin, Dionyz, 1968. "Die wichtigsten Typen literarischen Beziehungen und Zusam-
menhdinge," in: G. Ziegengeist ed. Aktuelle Probleme der vergleichenden Literaturfor-
schung (Berlin: Akademie Verlag), 47-58.<person-group>
                  <string-name xmlns:xlink="http://www.w3.org/1999/xlink">
                     <surname>Durigin</surname>
                  </string-name>
               </person-group>
               <comment content-type="section">Die wichtigsten Typen literarischen Beziehungen und Zusammenhdinge</comment>
               <fpage>47</fpage>
               <source>Aktuelle Probleme der vergleichenden Literaturforschung</source>
               <year>1968</year>
            </mixed-citation>
            <mixed-citation id="d17544e335" publication-type="book">
--- 1972 Vergleichende Literaturforschung (Berlin: Akademie Verlag).<person-group>
                  <string-name xmlns:xlink="http://www.w3.org/1999/xlink">
                     <surname>Durigin</surname>
                  </string-name>
               </person-group>
               <source>Vergleichende Literaturforschung</source>
               <year>1972</year>
            </mixed-citation>
         </ref>
         <ref id="d17544e357a1310">
            <mixed-citation id="d17544e361" publication-type="book">
Etkind, Efim, 1978. "La traduction et les courants littiraires," in: Holmes, Lambert and van
den Broeck eds. 1978, 128-141.<person-group>
                  <string-name xmlns:xlink="http://www.w3.org/1999/xlink">
                     <surname>Etkind</surname>
                  </string-name>
               </person-group>
               <fpage>128</fpage>
               <source>La traduction et les courants littiraires</source>
               <year>1978</year>
            </mixed-citation>
         </ref>
         <ref id="d17544e390a1310">
            <mixed-citation id="d17544e394" publication-type="book">
Even-Zohar, Itamar, 1978a. Papers in Historical Poetics (Tel Aviv: Tel Aviv University).<person-group>
                  <string-name xmlns:xlink="http://www.w3.org/1999/xlink">
                     <surname>Even-Zohar</surname>
                  </string-name>
               </person-group>
               <source>Papers in Historical Poetics</source>
            </mixed-citation>
            <mixed-citation id="d17544e412" publication-type="book">
1978b. "The Position of Translated Literature within the Literary Polysystem," in:
Holmes, Lambert, and van den Broeck, eds. 1978, 117-127.<person-group>
                  <string-name xmlns:xlink="http://www.w3.org/1999/xlink">
                     <surname>Even-Zohar</surname>
                  </string-name>
               </person-group>
               <fpage>117</fpage>
               <source>The Position of Translated Literature within the Literary Polysystem</source>
               <year>1978</year>
            </mixed-citation>
         </ref>
         <ref id="d17544e442a1310">
            <mixed-citation id="d17544e446" publication-type="book">
Guyard, Marius-Franqois, 1951. La littérature comparée (Paris: Presses Universitaires de
France).<person-group>
                  <string-name xmlns:xlink="http://www.w3.org/1999/xlink">
                     <surname>Guyard</surname>
                  </string-name>
               </person-group>
               <source>La littérature comparée</source>
               <year>1951</year>
            </mixed-citation>
         </ref>
         <ref id="d17544e471a1310">
            <mixed-citation id="d17544e475" publication-type="book">
Hempel, Carl G., 1963. "Reasons and Covering Laws in Historical Explanation," in: S. Hook,
ed. Philosophy and History (New York: New York UP) 143-163.<person-group>
                  <string-name xmlns:xlink="http://www.w3.org/1999/xlink">
                     <surname>Hempel</surname>
                  </string-name>
               </person-group>
               <comment content-type="section">Reasons and Covering Laws in Historical Explanation</comment>
               <fpage>143</fpage>
               <source>Philosophy and History</source>
               <year>1963</year>
            </mixed-citation>
         </ref>
         <ref id="d17544e507a1310">
            <mixed-citation id="d17544e511" publication-type="book">
Holmes, James S., José Lambert and Raymond van den Broeck, eds. 1978. Literature and
Translation: New Perspectives in Literary Studies (Leuven: Acco).<person-group>
                  <string-name xmlns:xlink="http://www.w3.org/1999/xlink">
                     <surname>Holmes</surname>
                  </string-name>
               </person-group>
               <source>Literature and Translation: New Perspectives in Literary Studies</source>
               <year>1978</year>
            </mixed-citation>
         </ref>
         <ref id="d17544e536a1310">
            <label>7</label>
            <mixed-citation id="d17544e543" publication-type="book">
Etkind (1978).  </mixed-citation>
         </ref>
         <ref id="d17544e552a1310">
            <mixed-citation id="d17544e556" publication-type="book">
Lakatos, Imre, 1970. "Falsification and the Methodology of Scientific Research Pro-
grammes," in: I. Lakatos and A. Musgrave, eds. Criticism and the Growth of Knowledge
(Cambridge: Cambridge UP), 91-195.<person-group>
                  <string-name xmlns:xlink="http://www.w3.org/1999/xlink">
                     <surname>Lakatos</surname>
                  </string-name>
               </person-group>
               <comment content-type="section">Falsification and the Methodology of Scientific Research Programmes</comment>
               <fpage>91</fpage>
               <source>Criticism and the Growth of Knowledge</source>
               <year>1970</year>
            </mixed-citation>
         </ref>
         <ref id="d17544e591a1310">
            <mixed-citation id="d17544e595" publication-type="book">
Pichois, Claude &amp; A.M. Rousseau, 1967. La littgrature comparde (Paris: A. Colin).<person-group>
                  <string-name xmlns:xlink="http://www.w3.org/1999/xlink">
                     <surname>Pichois</surname>
                  </string-name>
               </person-group>
               <source>La littgrature comparde</source>
               <year>1967</year>
            </mixed-citation>
         </ref>
         <ref id="d17544e618a1310">
            <mixed-citation id="d17544e622" publication-type="journal">
Popovit, Anton, 1976a. "Aspects of Metatexts," Canadian Review of Comparative Literature
3:3, 225-235.<person-group>
                  <string-name xmlns:xlink="http://www.w3.org/1999/xlink">
                     <surname>Popovit</surname>
                  </string-name>
               </person-group>
               <issue>3</issue>
               <fpage>225</fpage>
               <volume>3</volume>
               <source>Canadian Review of Comparative Literature</source>
               <year>1976</year>
            </mixed-citation>
            <mixed-citation id="d17544e656" publication-type="book">
--- 1976b. Dictionary for the Analysis of Literary Translations (Edmonton: University of
Alberta).<person-group>
                  <string-name xmlns:xlink="http://www.w3.org/1999/xlink">
                     <surname>Popovit</surname>
                  </string-name>
               </person-group>
               <source>Dictionary for the Analysis of Literary Translations</source>
               <year>1976</year>
            </mixed-citation>
         </ref>
         <ref id="d17544e681a1310">
            <mixed-citation id="d17544e685" publication-type="book">
Swiggers, Pierre, 1981. "Methodologische vernieuwing in de literatuurwetenschap," Com-
municatie &amp; Cognitie (in press).<person-group>
                  <string-name xmlns:xlink="http://www.w3.org/1999/xlink">
                     <surname>Swiggers</surname>
                  </string-name>
               </person-group>
               <comment content-type="section">Methodologische vernieuwing in de literatuurwetenschap</comment>
               <source>Communicatie &amp; Cognitie</source>
               <year>1981</year>
            </mixed-citation>
         </ref>
         <ref id="d17544e714a1310">
            <mixed-citation id="d17544e718" publication-type="book">
Toury, Gideon, 1978. "The Nature and Role of Norms in Literary Translation," in: Holmes,
Lambert and van den Broeck eds., 1978, 83-100.<person-group>
                  <string-name xmlns:xlink="http://www.w3.org/1999/xlink">
                     <surname>Toury</surname>
                  </string-name>
               </person-group>
               <fpage>83</fpage>
               <source>The Nature and Role of Norms in Literary Translation</source>
               <year>1978</year>
            </mixed-citation>
         </ref>
      </ref-list>
   </back>
</article>
