<article xmlns:xsi="http://www.w3.org/2001/XMLSchema-instance"
         xmlns:xlink="http://www.w3.org/1999/xlink"
         xmlns:mml="http://www.w3.org/1998/Math/MathML"
         dtd-version="1.0"
         article-type="research-article">
   <front>
      <journal-meta>
         <journal-id journal-id-type="jstor">poeticstoday</journal-id>
         <journal-id journal-id-type="jstor">j100659</journal-id>
         <journal-title-group>
            <journal-title>Poetics Today</journal-title>
         </journal-title-group>
         <publisher>
            <publisher-name>Duke University Press</publisher-name>
         </publisher>
         <issn pub-type="ppub">03335372</issn>
         <issn pub-type="epub">15275507</issn>
      </journal-meta>
      <article-meta>
         <article-id pub-id-type="doi">10.2307/1772688</article-id>
         <article-categories>
            <subj-group>
               <subject>The Rhetoric of Interpretation</subject>
            </subj-group>
         </article-categories>
         <title-group>
            <article-title>The Rhetoric of Interpretation</article-title>
         </title-group>
         <contrib-group>
            <contrib contrib-type="author">
               <string-name>
                  <given-names>Hayden</given-names>
                  <surname>White</surname>
               </string-name>
            </contrib>
         </contrib-group>
         <pub-date>
            <day>1</day>
            <month>1</month>
            <year>1988</year>
         </pub-date>
         <volume>9</volume>
         <issue>2</issue>
         <issue-id>i303078</issue-id>
         <fpage>253</fpage>
         <lpage>274</lpage>
         <page-range>253-274</page-range>
         <permissions>
            <copyright-statement>Copyright 1988 The Porter Institute for Poetics and Semiotics, Tel Aviv University</copyright-statement>
         </permissions>
         <self-uri xlink:href="http://www.jstor.org/stable/1772688"/>
         <custom-meta-group>
            <custom-meta>
               <meta-name>lang</meta-name>
               <meta-value>eng</meta-value>
            </custom-meta>
         </custom-meta-group>
      </article-meta>
   </front>
   <back>
      <fn-group>
         <title>[Footnotes]</title>
         <fn id="d962e123a1310">
            <label>1</label>
            <p>
               <mixed-citation id="d962e130" publication-type="other">
Ibid.: 712</mixed-citation>
            </p>
         </fn>
         <fn id="d962e137a1310">
            <label>3</label>
            <p>
               <mixed-citation id="d962e144" publication-type="other">
note 1.</mixed-citation>
            </p>
         </fn>
         <fn id="d962e151a1310">
            <label>5</label>
            <p>
               <mixed-citation id="d962e158" publication-type="book">
Paul Ricoeur (1984 II: 64ff).  </mixed-citation>
            </p>
         </fn>
         <fn id="d962e167a1310">
            <label>6</label>
            <p>
               <mixed-citation id="d962e174" publication-type="book">
Paul de Man (1984: 93ff)  </mixed-citation>
            </p>
         </fn>
      </fn-group>
      <ref-list>
         <title>References</title>
         <ref id="d962e192a1310">
            <mixed-citation id="d962e196" publication-type="book">
De Man, Paul
1984 The Rhetoric of Romanticism (New York: Columbia University Press).<person-group>
                  <string-name>
                     <surname>De Man</surname>
                  </string-name>
               </person-group>
               <source>The Rhetoric of Romanticism</source>
               <year>1984</year>
            </mixed-citation>
         </ref>
         <ref id="d962e221a1310">
            <mixed-citation id="d962e225" publication-type="book">
Frye, Northrop
1973 Anatomy of Criticism: Four Essays (Princeton: Princeton University Press).<person-group>
                  <string-name>
                     <surname>Frye</surname>
                  </string-name>
               </person-group>
               <source>Anatomy of Criticism: Four Essays</source>
               <year>1973</year>
            </mixed-citation>
         </ref>
         <ref id="d962e250a1310">
            <mixed-citation id="d962e254" publication-type="book">
Genette, Gerard
1972 Figures III (Paris: Seuil).<person-group>
                  <string-name>
                     <surname>Genette</surname>
                  </string-name>
               </person-group>
               <source>Figures III</source>
               <year>1972</year>
            </mixed-citation>
         </ref>
         <ref id="d962e279a1310">
            <mixed-citation id="d962e283" publication-type="book">
Greimas, A. J.
1987 On Meaning: Selected Writings in Semiotic Theory (Minneapolis: University of
Minnesota Press).<person-group>
                  <string-name>
                     <surname>Greimas</surname>
                  </string-name>
               </person-group>
               <source>On Meaning: Selected Writings in Semiotic Theory</source>
               <year>1987</year>
            </mixed-citation>
         </ref>
         <ref id="d962e313a1310">
            <mixed-citation id="d962e317" publication-type="book">
Proust, Marcel
1954 A la recherche du temps perdu, edited by Pierre Clarac and André Ferre
(Paris: Gallimard).<person-group>
                  <string-name>
                     <surname>Proust</surname>
                  </string-name>
               </person-group>
               <source>A la recherche du temps perdu</source>
               <year>1954</year>
            </mixed-citation>
            <mixed-citation id="d962e345" publication-type="book">
1970 Cities of the Plain, translated by C. K. Scott Moncrieff (New York: Vintage
Books).<person-group>
                  <string-name>
                     <surname>Proust</surname>
                  </string-name>
               </person-group>
               <source>Cities of the Plain</source>
               <year>1970</year>
            </mixed-citation>
         </ref>
         <ref id="d962e370a1310">
            <mixed-citation id="d962e374" publication-type="book">
Ricoeur, Paul
1984 Time and Narrative, translated by Kathleen McLaughlin and David Pellauer
(Chicago: University of Chicago Press).<person-group>
                  <string-name>
                     <surname>Ricoeur</surname>
                  </string-name>
               </person-group>
               <source>Time and Narrative</source>
               <year>1984</year>
            </mixed-citation>
         </ref>
      </ref-list>
   </back>
</article>
