<article xmlns:xsi="http://www.w3.org/2001/XMLSchema-instance"
         xmlns:xlink="http://www.w3.org/1999/xlink"
         xmlns:mml="http://www.w3.org/1998/Math/MathML"
         dtd-version="1.0"
         article-type="research-article">
   <front>
      <journal-meta>
         <journal-id journal-id-type="jstor">poeticstoday</journal-id>
         <journal-id journal-id-type="jstor">j100659</journal-id>
         <journal-title-group>
            <journal-title>Poetics Today</journal-title>
         </journal-title-group>
         <publisher>
            <publisher-name>Duke University Press</publisher-name>
         </publisher>
         <issn pub-type="ppub">03335372</issn>
         <issn pub-type="epub">15275507</issn>
      </journal-meta>
      <article-meta>
         <article-id pub-id-type="doi">10.2307/1772893</article-id>
         <article-categories>
            <subj-group>
               <subject>Contextual Perspectives in the Study of Man</subject>
            </subj-group>
         </article-categories>
         <title-group>
            <article-title>Thinking Machines: Some Reflections on the Turing Test</article-title>
         </title-group>
         <contrib-group>
            <contrib contrib-type="author">
               <string-name>
                  <given-names>Peter</given-names>
                  <surname>Bieri</surname>
               </string-name>
            </contrib>
         </contrib-group>
         <pub-date>
            <day>1</day>
            <month>1</month>
            <year>1988</year>
         </pub-date>
         <volume>9</volume>
         <issue>1</issue>
         <issue-id>i303077</issue-id>
         <fpage>163</fpage>
         <lpage>186</lpage>
         <page-range>163-186</page-range>
         <permissions>
            <copyright-statement>Copyright 1988 The Porter Institute for Poetics and Semiotics, Tel Aviv University</copyright-statement>
         </permissions>
         <self-uri xlink:href="http://www.jstor.org/stable/1772893"/>
         <custom-meta-group>
            <custom-meta>
               <meta-name>lang</meta-name>
               <meta-value>eng</meta-value>
            </custom-meta>
         </custom-meta-group>
      </article-meta>
   </front>
   <back>
      <fn-group>
         <title>[Footnotes]</title>
         <fn id="d19421e123a1310">
            <label>1</label>
            <p>
               <mixed-citation id="d19421e130" publication-type="book">
M. Shafto (ed.), How We
Know (1985)  </mixed-citation>
            </p>
         </fn>
         <fn id="d19421e142a1310">
            <label>2</label>
            <p>
               <mixed-citation id="d19421e149" publication-type="journal">
Douglas R.
Hofstadter, A coffeehouse conversation on the Turing Test to determine if a machine can
think (1981)  </mixed-citation>
            </p>
         </fn>
         <fn id="d19421e164a1310">
            <label>4</label>
            <p>
               <mixed-citation id="d19421e171" publication-type="book">
Dennett (1978: 278)  </mixed-citation>
            </p>
         </fn>
         <fn id="d19421e180a1310">
            <label>5</label>
            <p>
               <mixed-citation id="d19421e187" publication-type="book">
Hubert Dreyfus (1979  </mixed-citation>
            </p>
            <p>
               <mixed-citation id="d19421e195" publication-type="partial">
1981)</mixed-citation>
            </p>
            <p>
               <mixed-citation id="d19421e201" publication-type="book">
Mind Design, edited by J. Haugeland
(1979<person-group>
                     <string-name>
                        <surname>Haugeland</surname>
                     </string-name>
                  </person-group>
                  <source>Mind Design</source>
                  <year>1979</year>
               </mixed-citation>
            </p>
            <p>
               <mixed-citation id="d19421e226" publication-type="partial">
1985)</mixed-citation>
            </p>
         </fn>
         <fn id="d19421e234a1310">
            <label>6</label>
            <p>
               <mixed-citation id="d19421e241" publication-type="book">
John Haugeland (1981:
32 ff.)  <fpage>32</fpage>
               </mixed-citation>
            </p>
         </fn>
         <fn id="d19421e256a1310">
            <label>7</label>
            <p>
               <mixed-citation id="d19421e263" publication-type="book">
Robert Cummins
(1983)  </mixed-citation>
            </p>
         </fn>
         <fn id="d19421e275a1310">
            <label>8</label>
            <p>
               <mixed-citation id="d19421e282" publication-type="book">
Dennett (1981: 53 ff.)  </mixed-citation>
            </p>
            <p>
               <mixed-citation id="d19421e290" publication-type="book">
Haugeland (1981)  </mixed-citation>
            </p>
         </fn>
         <fn id="d19421e299a1310">
            <label>9</label>
            <p>
               <mixed-citation id="d19421e308" publication-type="book">
"Minds, Brains, and Programs" (1980)  </mixed-citation>
            </p>
            <p>
               <mixed-citation id="d19421e316" publication-type="book">
Haugeland (ed.), Mind Design<person-group>
                     <string-name>
                        <surname>Haugeland</surname>
                     </string-name>
                  </person-group>
                  <source>Mind Design</source>
               </mixed-citation>
            </p>
            <p>
               <mixed-citation id="d19421e335" publication-type="partial">
Haugeland: 305</mixed-citation>
            </p>
            <p>
               <mixed-citation id="d19421e341" publication-type="book">
Minds, Brains and Science (published by
BBC 1984)<source>Minds, Brains and Science</source>
                  <year>1984</year>
               </mixed-citation>
            </p>
         </fn>
         <fn id="d19421e357a1310">
            <label>10</label>
            <p>
               <mixed-citation id="d19421e366" publication-type="book">
Dennett's "Can Machines Think?"  </mixed-citation>
            </p>
            <p>
               <mixed-citation id="d19421e374" publication-type="journal">
foot-
note 2  </mixed-citation>
            </p>
            <p>
               <mixed-citation id="d19421e386" publication-type="partial">
1969</mixed-citation>
            </p>
            <p>
               <mixed-citation id="d19421e392" publication-type="partial">
1978</mixed-citation>
            </p>
            <p>
               <mixed-citation id="d19421e398" publication-type="partial">
1981</mixed-citation>
            </p>
         </fn>
         <fn id="d19421e405a1310">
            <label>11</label>
            <p>
               <mixed-citation id="d19421e412" publication-type="partial">
1978</mixed-citation>
            </p>
            <p>
               <mixed-citation id="d19421e418" publication-type="partial">
1981</mixed-citation>
            </p>
            <p>
               <mixed-citation id="d19421e424" publication-type="partial">
1981</mixed-citation>
            </p>
            <p>
               <mixed-citation id="d19421e431" publication-type="book">
Evolution, Error and Intentionality, manuscript CCM-86-1<source>Evolution, Error and Intentionality</source>
               </mixed-citation>
            </p>
            <p>
               <mixed-citation id="d19421e440" publication-type="book">
"Intentionale
Systeme," in Struktur und Erfahrung in der psychologischen Forschung (1986)  </mixed-citation>
            </p>
         </fn>
         <fn id="d19421e453a1310">
            <label>14</label>
            <p>
               <mixed-citation id="d19421e460" publication-type="book">
"Minds, Brains and Programs," in Haugeland: 293f.<source>Minds, Brains and Programs</source>
               </mixed-citation>
            </p>
            <p>
               <mixed-citation id="d19421e469" publication-type="book">
"Author's Response," in The Behavioral and Brain Sciences 1980: 454<comment content-type="section">Author's Response</comment>
                  <fpage>454</fpage>
                  <source>The Behavioral and Brain Sciences</source>
                  <year>1980</year>
               </mixed-citation>
            </p>
         </fn>
         <fn id="d19421e488a1310">
            <label>15</label>
            <p>
               <mixed-citation id="d19421e495" publication-type="book">
Robert Cummins in The Nature
of Psychological Explanationz, 1983: 111ff  <fpage>111</fpage>
               </mixed-citation>
            </p>
         </fn>
         <fn id="d19421e510a1310">
            <label>16</label>
            <p>
               <mixed-citation id="d19421e517" publication-type="book">
Gilbert Ryle's analyses in On Thinking
(1979)  </mixed-citation>
            </p>
         </fn>
      </fn-group>
      <ref-list>
         <title>References</title>
         <ref id="d19421e538a1310">
            <mixed-citation id="d19421e542" publication-type="book">
Bieri, Peter
1986 "Intentionale Systeme," in Struktur und Erfahrung in der psychologischen
Forschung, edited by J. Brandtstadter. (Berlin: de Gruyter).<person-group>
                  <string-name>
                     <surname>Bieri</surname>
                  </string-name>
               </person-group>
               <comment content-type="section">Intentionale Systeme</comment>
               <source>Struktur und Erfahrung in der psychologischen Forschung</source>
               <year>1986</year>
            </mixed-citation>
         </ref>
         <ref id="d19421e574a1310">
            <mixed-citation id="d19421e578" publication-type="journal">
Block, Ned
1981 "Psychologism and Behaviorism," Philosophical Review.<object-id pub-id-type="doi">10.2307/2184371</object-id>
            </mixed-citation>
         </ref>
         <ref id="d19421e591a1310">
            <mixed-citation id="d19421e595" publication-type="book">
Cummins, Robert
1983 The Nature of Psychological Explanation (Cambridge, MA: MIT Press).<person-group>
                  <string-name>
                     <surname>Cummins</surname>
                  </string-name>
               </person-group>
               <source>The Nature of Psychological Explanation</source>
               <year>1983</year>
            </mixed-citation>
         </ref>
         <ref id="d19421e620a1310">
            <mixed-citation id="d19421e624" publication-type="book">
Dennett, Daniel
1969 Content and Consciousness (London: Routledge and Kegan).<person-group>
                  <string-name>
                     <surname>Dennett</surname>
                  </string-name>
               </person-group>
               <source>Content and Consciousness</source>
               <year>1969</year>
            </mixed-citation>
            <mixed-citation id="d19421e648" publication-type="book">
1978 "Conditions of Personhood," in Brainstorms (Hassocks: Harvester Press).<person-group>
                  <string-name>
                     <surname>Dennett</surname>
                  </string-name>
               </person-group>
               <comment content-type="section">Conditions of Personhood</comment>
               <source>Brainstorms</source>
               <year>1978</year>
            </mixed-citation>
            <mixed-citation id="d19421e672" publication-type="book">
1981 la "Three Kinds of Intentional Psychology," in Reduction, Time and Reality,
edited by R. Healy. (Cambridge: Cambridge University Press).<person-group>
                  <string-name>
                     <surname>Dennett</surname>
                  </string-name>
               </person-group>
               <comment content-type="section">Three Kinds of Intentional Psychology</comment>
               <source>Reduction, Time and Reality</source>
               <year>1981</year>
            </mixed-citation>
            <mixed-citation id="d19421e700" publication-type="book">
1981b "True Believers: the Intentional Strategy and Why It Works," in Scientific
Explanation, edited by A. F. Heath. (Oxford: Clarendon Press).<person-group>
                  <string-name>
                     <surname>Dennett</surname>
                  </string-name>
               </person-group>
               <comment content-type="section">True Believers: the Intentional Strategy and Why It Works</comment>
               <source>Scientific Explanation</source>
               <year>1981</year>
            </mixed-citation>
            <mixed-citation id="d19421e729" publication-type="book">
1985 "Can Machines Think?" in How We Know, edited by M. Shafto. (San Fran-
cisco: Harper and Row).<person-group>
                  <string-name>
                     <surname>Dennett</surname>
                  </string-name>
               </person-group>
               <comment content-type="section">Can Machines Think?</comment>
               <source>How We Know</source>
               <year>1985</year>
            </mixed-citation>
         </ref>
         <ref id="d19421e759a1310">
            <mixed-citation id="d19421e763" publication-type="book">
Dretske, Fred
1981 Knowledge and the Flow of Information (Oxford: Blackwell).<person-group>
                  <string-name>
                     <surname>Dretske</surname>
                  </string-name>
               </person-group>
               <source>Knowledge and the Flow of Information</source>
               <year>1981</year>
            </mixed-citation>
         </ref>
         <ref id="d19421e788a1310">
            <mixed-citation id="d19421e792" publication-type="book">
Dreyfus, Hubert
1979 What Computers Can't Do (New York: Harper and Row).<person-group>
                  <string-name>
                     <surname>Dreyfus</surname>
                  </string-name>
               </person-group>
               <source>What Computers Can't Do</source>
               <year>1979</year>
            </mixed-citation>
            <mixed-citation id="d19421e816" publication-type="book">
1981 "From Micro-Worlds to Knowledge Representation: Al at an Impasse," in
Mind Design, edited by J. Haugeland. (Montgomery, VT: Bradford Books).<person-group>
                  <string-name>
                     <surname>Dreyfus</surname>
                  </string-name>
               </person-group>
               <comment content-type="section">From Micro-Worlds to Knowledge Representation: Al at an Impasse</comment>
               <source>Mind Design</source>
               <year>1981</year>
            </mixed-citation>
         </ref>
         <ref id="d19421e845a1310">
            <mixed-citation id="d19421e849" publication-type="book">
Fodor, J. A.
1980 "Searle on What Only Brains Can Do," The Behavioral and Brain Sciences.<person-group>
                  <string-name>
                     <surname>Fodor</surname>
                  </string-name>
               </person-group>
               <comment content-type="section">Searle on What Only Brains Can Do</comment>
               <source>The Behavioral and Brain Sciences</source>
               <year>1980</year>
            </mixed-citation>
            <mixed-citation id="d19421e877" publication-type="book">
1983 The Modularity of Mind (Cambridge, MA: MIT Press).<person-group>
                  <string-name>
                     <surname>Fodor</surname>
                  </string-name>
               </person-group>
               <source>The Modularity of Mind</source>
               <year>1983</year>
            </mixed-citation>
         </ref>
         <ref id="d19421e899a1310">
            <mixed-citation id="d19421e903" publication-type="journal">
Grice, Paul
1957 "Meaning," Philosophical Review.<object-id pub-id-type="doi">10.2307/2182440</object-id>
            </mixed-citation>
            <mixed-citation id="d19421e915" publication-type="journal">
1969 "Utterer's Meaning and Intentions," Philosophical Review.<person-group>
                  <string-name>
                     <surname>Grice</surname>
                  </string-name>
               </person-group>
               <source>Philosophical Review</source>
               <year>1969</year>
            </mixed-citation>
         </ref>
         <ref id="d19421e937a1310">
            <mixed-citation id="d19421e941" publication-type="journal">
Haugeland, John
1979 "Understanding Natural Language,"Journal of Philosophy.<object-id pub-id-type="doi">10.2307/2025695</object-id>
            </mixed-citation>
            <mixed-citation id="d19421e953" publication-type="book">
1981a "The Nature and Plausibility of Cognitivism," in Mind Design, edited by
J. Haugeland. (Montgomery, VT: Bradford Books).<person-group>
                  <string-name>
                     <surname>Haugeland</surname>
                  </string-name>
               </person-group>
               <comment content-type="section">The Nature and Plausibility of Cognitivism</comment>
               <source>Mind Design</source>
               <year>1981</year>
            </mixed-citation>
            <mixed-citation id="d19421e981" publication-type="book">
1981b "Semantic Engines," in Mind Design, edited by J. Haugeland. (Mont-
gomery, VT: Bradford Books).<person-group>
                  <string-name>
                     <surname>Haugeland</surname>
                  </string-name>
               </person-group>
               <comment content-type="section">Semantic Engines</comment>
               <source>Mind Design</source>
               <year>1981</year>
            </mixed-citation>
            <mixed-citation id="d19421e1009" publication-type="book">
1985 Artificial Intelligence: the Very Idea (Cambridge, MA: MIT Press).<person-group>
                  <string-name>
                     <surname>Haugeland</surname>
                  </string-name>
               </person-group>
               <source>Artificial Intelligence: the Very Idea</source>
               <year>1985</year>
            </mixed-citation>
         </ref>
         <ref id="d19421e1031a1310">
            <mixed-citation id="d19421e1035" publication-type="journal">
Hofstadter, Douglas
1981 "A Coffeehouse Conversation on the Turing Test to Determine if a Machine
Can Think," Scientific American.<person-group>
                  <string-name>
                     <surname>Hofstadter</surname>
                  </string-name>
               </person-group>
               <source>Scientific American</source>
               <year>1981</year>
            </mixed-citation>
         </ref>
         <ref id="d19421e1065a1310">
            <mixed-citation id="d19421e1069" publication-type="book">
Quine, W. V.
1960 Word and Object (Cambridge, MA: MIT Press).<person-group>
                  <string-name>
                     <surname>Quine</surname>
                  </string-name>
               </person-group>
               <source>Word and Object</source>
               <year>1960</year>
            </mixed-citation>
         </ref>
         <ref id="d19421e1094a1310">
            <mixed-citation id="d19421e1098" publication-type="book">
Ryle, Gilbert
1979 On Thinking (Oxford: Blackwell).<person-group>
                  <string-name>
                     <surname>Ryle</surname>
                  </string-name>
               </person-group>
               <source>On Thinking</source>
               <year>1979</year>
            </mixed-citation>
         </ref>
         <ref id="d19421e1123a1310">
            <mixed-citation id="d19421e1127" publication-type="book">
Searle, John
1980 "Minds, Brains, and Programs," The Behavioral and Brain Sciences 3.<person-group>
                  <string-name>
                     <surname>Searle</surname>
                  </string-name>
               </person-group>
               <comment content-type="section">Minds, Brains, and Programs</comment>
               <fpage>3</fpage>
               <source>The Behavioral and Brain Sciences</source>
               <year>1980</year>
            </mixed-citation>
         </ref>
         <ref id="d19421e1159a1310">
            <mixed-citation id="d19421e1163" publication-type="book">
Turing, Alan
1964 "Can Machines Think," in Minds and Machines, edited by A. R. Anderson.
(Englewood Cliffs: Prentice Hall).<person-group>
                  <string-name>
                     <surname>Turing</surname>
                  </string-name>
               </person-group>
               <comment content-type="section">Can Machines Think</comment>
               <source>Minds and Machines</source>
               <year>1964</year>
            </mixed-citation>
         </ref>
         <ref id="d19421e1195a1310">
            <mixed-citation id="d19421e1199" publication-type="journal">
Van Gulick, Robert
1980 "Functionalism, Information and Content," Nature and System 2: 139-162.<person-group>
                  <string-name>
                     <surname>Gulick</surname>
                  </string-name>
               </person-group>
               <fpage>139</fpage>
               <volume>2</volume>
               <source>Nature and System</source>
               <year>1980</year>
            </mixed-citation>
         </ref>
      </ref-list>
   </back>
</article>
