<article xmlns:xsi="http://www.w3.org/2001/XMLSchema-instance"
         xmlns:xlink="http://www.w3.org/1999/xlink"
         xmlns:mml="http://www.w3.org/1998/Math/MathML"
         dtd-version="1.0"
         article-type="research-article">
   <front>
      <journal-meta>
         <journal-id journal-id-type="jstor">poeticstoday</journal-id>
         <journal-id journal-id-type="jstor">j100659</journal-id>
         <journal-title-group>
            <journal-title>Poetics Today</journal-title>
         </journal-title-group>
         <publisher>
            <publisher-name>Duke University Press</publisher-name>
         </publisher>
         <issn pub-type="ppub">03335372</issn>
         <issn pub-type="epub">15275507</issn>
      </journal-meta>
      <article-meta>
         <article-id pub-id-type="doi">10.2307/1772732</article-id>
         <article-categories>
            <subj-group>
               <subject>Questions of Method</subject>
            </subj-group>
         </article-categories>
         <title-group>
            <article-title>Telling Postmodernist Stories</article-title>
         </title-group>
         <contrib-group>
            <contrib contrib-type="author">
               <string-name>
                  <given-names>Brian</given-names>
                  <surname>McHale</surname>
               </string-name>
            </contrib>
         </contrib-group>
         <pub-date>
            <day>1</day>
            <month>1</month>
            <year>1988</year>
         </pub-date>
         <volume>9</volume>
         <issue>3</issue>
         <issue-id>i303079</issue-id>
         <fpage>545</fpage>
         <lpage>571</lpage>
         <page-range>545-571</page-range>
         <permissions>
            <copyright-statement>Copyright 1988 The Porter Institute for Poetics and Semiotics, Tel Aviv University</copyright-statement>
         </permissions>
         <self-uri xlink:href="http://www.jstor.org/stable/1772732"/>
         <custom-meta-group>
            <custom-meta>
               <meta-name>lang</meta-name>
               <meta-value>eng</meta-value>
            </custom-meta>
         </custom-meta-group>
      </article-meta>
   </front>
   <back>
      <fn-group>
         <title>[Footnotes]</title>
         <fn id="d34511e123a1310">
            <label>1</label>
            <p>
               <mixed-citation id="d34511e130" publication-type="book">
Rorty 1979  </mixed-citation>
            </p>
            <p>
               <mixed-citation id="d34511e138" publication-type="partial">
1982</mixed-citation>
            </p>
            <p>
               <mixed-citation id="d34511e144" publication-type="book">
Norris 1985: 139-66  <fpage>139</fpage>
               </mixed-citation>
            </p>
         </fn>
         <fn id="d34511e156a1310">
            <label>2</label>
            <p>
               <mixed-citation id="d34511e163" publication-type="book">
White 1987: 45  <fpage>45</fpage>
               </mixed-citation>
            </p>
         </fn>
         <fn id="d34511e175a1310">
            <label>3</label>
            <p>
               <mixed-citation id="d34511e182" publication-type="book">
Wilde's in Horizons of Assent  </mixed-citation>
            </p>
         </fn>
         <fn id="d34511e191a1310">
            <label>4</label>
            <p>
               <mixed-citation id="d34511e198" publication-type="book">
Hassan 1975  </mixed-citation>
            </p>
            <p>
               <mixed-citation id="d34511e206" publication-type="partial">
1980</mixed-citation>
            </p>
            <p>
               <mixed-citation id="d34511e212" publication-type="book">
Docherty 1982  </mixed-citation>
            </p>
            <p>
               <mixed-citation id="d34511e221" publication-type="journal">
Newman 1984  </mixed-citation>
            </p>
            <p>
               <mixed-citation id="d34511e229" publication-type="partial">
West 1985</mixed-citation>
            </p>
         </fn>
         <fn id="d34511e237a1310">
            <label>5</label>
            <p>
               <mixed-citation id="d34511e244" publication-type="partial">
1985: 259</mixed-citation>
            </p>
         </fn>
         <fn id="d34511e251a1310">
            <label>6</label>
            <p>
               <mixed-citation id="d34511e258" publication-type="book">
Frank Kermode (1968)  </mixed-citation>
            </p>
            <p>
               <mixed-citation id="d34511e266" publication-type="book">
Helmut Lethen (1986)  </mixed-citation>
            </p>
         </fn>
         <fn id="d34511e275a1310">
            <label>7</label>
            <p>
               <mixed-citation id="d34511e284" publication-type="book">
Malcolm Bradbury (1983)  </mixed-citation>
            </p>
            <p>
               <mixed-citation id="d34511e292" publication-type="book">
Ron Sukenick (1985  </mixed-citation>
            </p>
            <p>
               <mixed-citation id="d34511e301" publication-type="partial">
1972</mixed-citation>
            </p>
            <p>
               <mixed-citation id="d34511e307" publication-type="book">
Ihab Ha-
san, for all his over-heated apocalypticism, treats the categories "modernist" and
"postmodernist" circumspectly. if he draws up parallel columns of modernist and
postmodernist characteristics, he also recognizes that other schemas are always
possible: "Make Your Own List," he invites us (1975: 48)  <fpage>48</fpage>
               </mixed-citation>
            </p>
            <p>
               <mixed-citation id="d34511e331" publication-type="book">
Jencks 1986  </mixed-citation>
            </p>
         </fn>
         <fn id="d34511e340a1310">
            <label>8</label>
            <p>
               <mixed-citation id="d34511e347" publication-type="partial">
Claudio Guillen</mixed-citation>
            </p>
            <p>
               <mixed-citation id="d34511e353" publication-type="partial">
1969: 433</mixed-citation>
            </p>
         </fn>
         <fn id="d34511e360a1310">
            <label>9</label>
            <p>
               <mixed-citation id="d34511e367" publication-type="book">
Barth 1984: 64  <fpage>64</fpage>
               </mixed-citation>
            </p>
         </fn>
         <fn id="d34511e379a1310">
            <label>10</label>
            <p>
               <mixed-citation id="d34511e386" publication-type="book">
Motte 1986: 143-52  <fpage>143</fpage>
               </mixed-citation>
            </p>
         </fn>
         <fn id="d34511e399a1310">
            <label>11</label>
            <p>
               <mixed-citation id="d34511e406" publication-type="book">
Borges, 1962: 17  <fpage>17</fpage>
               </mixed-citation>
            </p>
         </fn>
         <fn id="d34511e418a1310">
            <label>12</label>
            <p>
               <mixed-citation id="d34511e425" publication-type="book">
Edwin A. Abbott's Flatland (1884)<person-group>
                     <string-name>
                        <surname>Abbott</surname>
                     </string-name>
                  </person-group>
                  <source>Flatland</source>
                  <year>1884</year>
               </mixed-citation>
            </p>
            <p>
               <mixed-citation id="d34511e446" publication-type="book">
Ward Moore's Bring the Jubilee
(1955)<person-group>
                     <string-name>
                        <surname>Moore</surname>
                     </string-name>
                  </person-group>
                  <source>Bring the Jubilee</source>
                  <year>1955</year>
               </mixed-citation>
            </p>
            <p>
               <mixed-citation id="d34511e470" publication-type="book">
Philip K. Dick's The Man in the High Castle (1962).<person-group>
                     <string-name>
                        <surname>Dick</surname>
                     </string-name>
                  </person-group>
                  <source>The Man in the High Castle</source>
                  <year>1962</year>
               </mixed-citation>
            </p>
         </fn>
         <fn id="d34511e492a1310">
            <label>13</label>
            <p>
               <mixed-citation id="d34511e499" publication-type="book">
Barth, of course: in 1967  </mixed-citation>
            </p>
         </fn>
         <fn id="d34511e508a1310">
            <label>14</label>
            <p>
               <mixed-citation id="d34511e515" publication-type="book">
John Barth, in "The Literature of Exhaustion" of 1967<person-group>
                     <string-name>
                        <surname>Barth</surname>
                     </string-name>
                  </person-group>
                  <source>The Literature of Exhaustion</source>
                  <year>1967</year>
               </mixed-citation>
            </p>
            <p>
               <mixed-citation id="d34511e536" publication-type="partial">
1984: 65</mixed-citation>
            </p>
         </fn>
         <fn id="d34511e543a1310">
            <label>15</label>
            <p>
               <mixed-citation id="d34511e550" publication-type="book">
Barth is exactly right when he observes of the Something else Press publi-
cations that, in them, the "traditional notion of the artist" as "the Aristotelian
conscious agent who achieves with technique and cunning the artist effect" (1984:
65)  <fpage>65</fpage>
               </mixed-citation>
            </p>
            <p>
               <mixed-citation id="d34511e571" publication-type="book">
Higgins 1978: 3-9, 93-101, 156-66  <fpage>3</fpage>
               </mixed-citation>
            </p>
            <p>
               <mixed-citation id="d34511e582" publication-type="partial">
1984: 5-6, 71-81</mixed-citation>
            </p>
         </fn>
         <fn id="d34511e589a1310">
            <label>16</label>
            <p>
               <mixed-citation id="d34511e596" publication-type="other">
Ron Sukenick's account, in an
interview with Larry McCaffery dating from February 1981</mixed-citation>
            </p>
            <p>
               <mixed-citation id="d34511e605" publication-type="book">
Higgins's "cognition"  </mixed-citation>
            </p>
            <p>
               <mixed-citation id="d34511e613" publication-type="book">
LeClair
and McCaffery 1983: 286  <fpage>286</fpage>
               </mixed-citation>
            </p>
            <p>
               <mixed-citation id="d34511e628" publication-type="partial">
Higgins's "cognitivism"</mixed-citation>
            </p>
            <p>
               <mixed-citation id="d34511e634" publication-type="book">
Calinescu 1983: 267  <fpage>267</fpage>
               </mixed-citation>
            </p>
            <p>
               <mixed-citation id="d34511e645" publication-type="book">
McHale 1987  </mixed-citation>
            </p>
         </fn>
         <fn id="d34511e655a1310">
            <label>17</label>
            <p>
               <mixed-citation id="d34511e662" publication-type="book">
"The Lost Ones" (1971<source>The Lost Ones</source>
                  <year>1971</year>
               </mixed-citation>
            </p>
            <p>
               <mixed-citation id="d34511e674" publication-type="partial">
1972</mixed-citation>
            </p>
            <p>
               <mixed-citation id="d34511e680" publication-type="book">
"Company" (1980).<source>Company</source>
                  <year>1980</year>
               </mixed-citation>
            </p>
         </fn>
         <fn id="d34511e693a1310">
            <label>18</label>
            <p>
               <mixed-citation id="d34511e700" publication-type="book">
Higgins 1984: 71  <fpage>71</fpage>
               </mixed-citation>
            </p>
         </fn>
         <fn id="d34511e712a1310">
            <label>19</label>
            <p>
               <mixed-citation id="d34511e719" publication-type="book">
"The Oranging of America" (1976)<source>The Oranging of America</source>
                  <year>1976</year>
               </mixed-citation>
            </p>
            <p>
               <mixed-citation id="d34511e731" publication-type="book">
The Propheteers (1987)<source>The Propheteers</source>
                  <year>1987</year>
               </mixed-citation>
            </p>
         </fn>
      </fn-group>
      <ref-list>
         <title>References</title>
         <ref id="d34511e753a1310">
            <mixed-citation id="d34511e757" publication-type="book">
Apple, Max
1984 Free Agents (New York: Harper &amp; Row).<person-group>
                  <string-name>
                     <surname>Apple</surname>
                  </string-name>
               </person-group>
               <source>Free Agents</source>
               <year>1984</year>
            </mixed-citation>
         </ref>
         <ref id="d34511e782a1310">
            <mixed-citation id="d34511e786" publication-type="book">
Barker, Francis
1984 The Tremulous Private Body (London &amp; New York: Methuen).<person-group>
                  <string-name>
                     <surname>Barker</surname>
                  </string-name>
               </person-group>
               <source>The Tremulous Private Body</source>
               <year>1984</year>
            </mixed-citation>
         </ref>
         <ref id="d34511e811a1310">
            <mixed-citation id="d34511e815" publication-type="book">
Barth, John
1984 The Friday Book: Essays and Other Nonfiction (New York: Putnam's).<person-group>
                  <string-name>
                     <surname>Barth</surname>
                  </string-name>
               </person-group>
               <source>The Friday Book: Essays and Other Nonfiction</source>
               <year>1984</year>
            </mixed-citation>
         </ref>
         <ref id="d34511e840a1310">
            <mixed-citation id="d34511e844" publication-type="book">
Beckett, Samuel
1970 [1953] Watt (New York: Grove Press).<person-group>
                  <string-name>
                     <surname>Beckett</surname>
                  </string-name>
               </person-group>
               <source>Watt</source>
               <year>1970</year>
            </mixed-citation>
         </ref>
         <ref id="d34511e870a1310">
            <mixed-citation id="d34511e874" publication-type="book">
Berger, Peter L. and Thomas Luckmann
1966 The Social Construction of Reality: A Treatise in the Sociology of Knowledge
(Garden City, NY: Doubleday).<person-group>
                  <string-name>
                     <surname>Berger</surname>
                  </string-name>
               </person-group>
               <source>The Social Construction of Reality: A Treatise in the Sociology of Knowledge</source>
               <year>1966</year>
            </mixed-citation>
         </ref>
         <ref id="d34511e903a1310">
            <mixed-citation id="d34511e907" publication-type="book">
Borges, Jorge Luis
1962 Ficciones, translated by Alastair Reid (New York: Grove Press).<person-group>
                  <string-name>
                     <surname>Borges</surname>
                  </string-name>
               </person-group>
               <source>Ficciones</source>
               <year>1962</year>
            </mixed-citation>
            <mixed-citation id="d34511e931" publication-type="book">
1968 A Personal Anthology, translated by Anthony Kerrigan (London: Jonathan
Cape).<source>A Personal Anthology</source>
               <year>1968</year>
            </mixed-citation>
         </ref>
         <ref id="d34511e947a1310">
            <mixed-citation id="d34511e951" publication-type="book">
Bradbury, Malcolm
1983 "Modernisms/Postmodernisms," in Hassan and Hassan 1983, 311-27.<person-group>
                  <string-name>
                     <surname>Bradbury</surname>
                  </string-name>
               </person-group>
               <fpage>311</fpage>
               <source>Modernisms/Postmodernisms,</source>
               <year>1983</year>
            </mixed-citation>
         </ref>
         <ref id="d34511e980a1310">
            <mixed-citation id="d34511e984" publication-type="book">
Brooke-Rose, Christine
1981 A Rhetoric of the Unreal: Studies in narrative and structure, especially of the
fantastic (Cambridge: Cambridge University Press).<person-group>
                  <string-name>
                     <surname>Brooke-Rose</surname>
                  </string-name>
               </person-group>
               <source>A Rhetoric of the Unreal: Studies in narrative and structure, especially of the fantastic</source>
               <year>1981</year>
            </mixed-citation>
         </ref>
         <ref id="d34511e1013a1310">
            <mixed-citation id="d34511e1017" publication-type="book">
Bruner, Jerome
1986 Actual Minds, Possible Worlds (Cambridge, MA and London: Harvard Uni-
versity Press).<person-group>
                  <string-name>
                     <surname>Bruner</surname>
                  </string-name>
               </person-group>
               <source>Actual Minds, Possible Worlds</source>
               <year>1986</year>
            </mixed-citation>
         </ref>
         <ref id="d34511e1046a1310">
            <mixed-citation id="d34511e1050" publication-type="book">
Calinescu, Matei
1983 "From the One to the Many: Pluralism in Today's Thought," in Hassan &amp;
Hassan 1983, 263-88.<person-group>
                  <string-name>
                     <surname>Calinescu</surname>
                  </string-name>
               </person-group>
               <fpage>263</fpage>
               <source>From the One to the Many: Pluralism in Today's Thought</source>
               <year>1983</year>
            </mixed-citation>
            <mixed-citation id="d34511e1081" publication-type="book">
1987 "Introductory Remarks: Postmodernism, the Mimetic and Theatrical Fal-
lacies," in Exploring Postmodernism (Amsterdam and Philadelphia: John Benja-
mins).<person-group>
                  <string-name>
                     <surname>Calinescu</surname>
                  </string-name>
               </person-group>
               <comment content-type="section">Introductory Remarks: Postmodernism, the Mimetic and Theatrical Fallacies,</comment>
               <source>Exploring Postmodernism</source>
               <year>1987</year>
            </mixed-citation>
         </ref>
         <ref id="d34511e1114a1310">
            <mixed-citation id="d34511e1118" publication-type="book">
Calvino, Italo
1978 [1973] The Castle of Crossed Destinies, translated by William Weaver (London:
Pan).<person-group>
                  <string-name>
                     <surname>Calvino</surname>
                  </string-name>
               </person-group>
               <source>The Castle of Crossed Destinies, translated by William Weaver</source>
               <year>1978</year>
            </mixed-citation>
         </ref>
         <ref id="d34511e1147a1310">
            <mixed-citation id="d34511e1151" publication-type="book">
Dillard, Annie
1982 Living by Fiction (New York: Harper &amp; Row).<person-group>
                  <string-name>
                     <surname>Dillard</surname>
                  </string-name>
               </person-group>
               <source>Living by Fiction</source>
               <year>1982</year>
            </mixed-citation>
         </ref>
         <ref id="d34511e1176a1310">
            <mixed-citation id="d34511e1180" publication-type="book">
Docherty, Thomas
1982 Reading (Absent) Character: Towards a Theory of Characterization in Fiction
(Oxford: Oxford University Press).<person-group>
                  <string-name>
                     <surname>Docherty</surname>
                  </string-name>
               </person-group>
               <source>Reading (Absent) Character: Towards a Theory of Characterization in Fiction</source>
               <year>1982</year>
            </mixed-citation>
         </ref>
         <ref id="d34511e1209a1310">
            <mixed-citation id="d34511e1213" publication-type="book">
Fokkema, Douwe and Hans Bertens, eds.
1986 Approaching Postmodernism (Amsterdam and Philadelphia: John Benjamins).<person-group>
                  <string-name>
                     <surname>Fokkema</surname>
                  </string-name>
               </person-group>
               <source>Approaching Postmodernism</source>
               <year>1986</year>
            </mixed-citation>
         </ref>
         <ref id="d34511e1238a1310">
            <mixed-citation id="d34511e1242" publication-type="book">
Goodman, Nelson
1978 Ways of Worldmaking (Indianapolis and Cambridge: Hackett).<person-group>
                  <string-name>
                     <surname>Goodman</surname>
                  </string-name>
               </person-group>
               <source>Ways of Worldmaking</source>
               <year>1978</year>
            </mixed-citation>
         </ref>
         <ref id="d34511e1267a1310">
            <mixed-citation id="d34511e1271" publication-type="book">
Graff, Gerald
1979 Literature Against Itself: Literary Ideas in Modern Society (Chicago and London:
University of Chicago Press).<person-group>
                  <string-name>
                     <surname>Graff</surname>
                  </string-name>
               </person-group>
               <source>Literature Against Itself: Literary Ideas in Modern Society</source>
               <year>1979</year>
            </mixed-citation>
         </ref>
         <ref id="d34511e1301a1310">
            <mixed-citation id="d34511e1305" publication-type="book">
Hassan, Ihab
1975 Paracriticzsms: Seven Speculations of the Times (Urbana: University of Illinois
Press).<person-group>
                  <string-name>
                     <surname>Hassan</surname>
                  </string-name>
               </person-group>
               <source>Paracriticzsms: Seven Speculations of the Times</source>
               <year>1975</year>
            </mixed-citation>
            <mixed-citation id="d34511e1333" publication-type="book">
1980 The Right Promethean Fire: Imagination, Science, and Cultural Change (Urbana:
University of Illinois Press).<person-group>
                  <string-name>
                     <surname>Calinescu</surname>
                  </string-name>
               </person-group>
               <source>The Right Promethean Fire: Imagination, Science, and Cultural Change</source>
               <year>1980</year>
            </mixed-citation>
         </ref>
         <ref id="d34511e1358a1310">
            <mixed-citation id="d34511e1362" publication-type="book">
Hassan, Ihab and Sally Hassan, eds.
1983 Innovation/Renovation: New Perspectives on the Humanities (Madison and Lon-
don: University of Wisconsin Press).<person-group>
                  <string-name>
                     <surname>Hassan</surname>
                  </string-name>
               </person-group>
               <source>Innovation/Renovation: New Perspectives on the Humanities</source>
               <year>1983</year>
            </mixed-citation>
         </ref>
         <ref id="d34511e1391a1310">
            <mixed-citation id="d34511e1395" publication-type="book">
Higgins, Dick
1978 A Dialectic of Centuries: Notes towards a Theory of the New Arts (New York and
Barton, VT: Printed Editions).<person-group>
                  <string-name>
                     <surname>Higgins</surname>
                  </string-name>
               </person-group>
               <source>A Dialectic of Centuries: Notes towards a Theory of the New Arts</source>
               <year>1978</year>
            </mixed-citation>
            <mixed-citation id="d34511e1423" publication-type="book">
1984 Horizons: The Poetics and Theory of the Intermedia (Carbondale and Ed-
wardsville: Southern Illinois University Press).<person-group>
                  <string-name>
                     <surname>Higgins</surname>
                  </string-name>
               </person-group>
               <source>Horizons: The Poetics and Theory of the Intermedia</source>
               <year>1984</year>
            </mixed-citation>
         </ref>
         <ref id="d34511e1448a1310">
            <mixed-citation id="d34511e1452" publication-type="book">
Ingarden, Roman
1973 [1931] The Literary Work of Art (Evanston: Northwestern University Press).<person-group>
                  <string-name>
                     <surname>Ingarden</surname>
                  </string-name>
               </person-group>
               <source>The Literary Work of Art</source>
               <year>1973</year>
            </mixed-citation>
         </ref>
         <ref id="d34511e1477a1310">
            <mixed-citation id="d34511e1481" publication-type="book">
Jencks, Charles
1986 What is Post-Modernism? (London: Art and Design).<person-group>
                  <string-name>
                     <surname>Jencks</surname>
                  </string-name>
               </person-group>
               <source>What is Post-Modernism?</source>
               <year>1986</year>
            </mixed-citation>
         </ref>
         <ref id="d34511e1506a1310">
            <mixed-citation id="d34511e1510" publication-type="book">
Kenner, Hugh
1964 "Art in a Closed Field," in Learners and Discerners: A Newer Criticism, edited
by Robert Scholes (Charlottesville, vA: University Press of Virginia), 109-33.<person-group>
                  <string-name>
                     <surname>Kenner</surname>
                  </string-name>
               </person-group>
               <comment content-type="section">Art in a Closed Field</comment>
               <fpage>109</fpage>
               <source>Learners and Discerners: A Newer Criticism, edited by Robert Scholes</source>
               <year>1964</year>
            </mixed-citation>
         </ref>
         <ref id="d34511e1546a1310">
            <mixed-citation id="d34511e1550" publication-type="book">
Kermode, Frank
1968 "Modernisms," in Continuities (London: Routledge &amp; Kegan Paul), 1-27.<person-group>
                  <string-name>
                     <surname>Kermode</surname>
                  </string-name>
               </person-group>
               <comment content-type="section">Modernisms,</comment>
               <fpage>1</fpage>
               <source>Continuities</source>
               <year>1968</year>
            </mixed-citation>
         </ref>
         <ref id="d34511e1582a1310">
            <mixed-citation id="d34511e1586" publication-type="book">
LaCapra, Dominick
1985 History and Criticism (Ithaca and London: Cornell University Press).<person-group>
                  <string-name>
                     <surname>Lacapra</surname>
                  </string-name>
               </person-group>
               <source>History and Criticism</source>
               <year>1985</year>
            </mixed-citation>
         </ref>
         <ref id="d34511e1611a1310">
            <mixed-citation id="d34511e1615" publication-type="book">
LeClair, Tom and Larry McCaffery, eds.
1983 Anything Can Happen: Interviews with American Novelists (Urbana, Chicago,
London: University of Illinois Press).<person-group>
                  <string-name>
                     <surname>Leclair</surname>
                  </string-name>
               </person-group>
               <source>Anything Can Happen: Interviews with American Novelists</source>
               <year>1983</year>
            </mixed-citation>
         </ref>
         <ref id="d34511e1644a1310">
            <mixed-citation id="d34511e1648" publication-type="book">
Lethen, Helmut
1986 "Modernism Cut in Half: The Exclusion of the Avant-Garde and the De-
bate on Postmodernism," in Fokkema &amp; Bertens 1986, 233-38.<person-group>
                  <string-name>
                     <surname>Lethen</surname>
                  </string-name>
               </person-group>
               <fpage>233</fpage>
               <source>Modernism Cut in Half: The Exclusion of the Avant-Garde and the Debate on Postmodernism,</source>
               <year>1986</year>
            </mixed-citation>
         </ref>
         <ref id="d34511e1680a1310">
            <mixed-citation id="d34511e1684" publication-type="book">
Lodge, David
1977 The Modes of Modern Writing: Metaphor, Metonymy, and the Typology of Modern
Literature (London: Edward Arnold).<person-group>
                  <string-name>
                     <surname>Lodge</surname>
                  </string-name>
               </person-group>
               <source>The Modes of Modern Writing: Metaphor, Metonymy, and the Typology of Modern Literature</source>
               <year>1977</year>
            </mixed-citation>
            <mixed-citation id="d34511e1712" publication-type="book">
1981 "Modernism, Antimodernism and Postmodernism," in Working with Struc-
turalism: Essays and Reviews on Nineteenth- and Twentieth-Century Literature (Lon-
don: Routledge &amp; Kegan Paul), 3-16.<person-group>
                  <string-name>
                     <surname>Lodge</surname>
                  </string-name>
               </person-group>
               <comment content-type="section">Modernism, Antimodernism and Postmodernism,</comment>
               <fpage>3</fpage>
               <source>Working with Structuralism: Essays and Reviews on Nineteenth- and Twentieth-Century Literature</source>
               <year>1981</year>
            </mixed-citation>
         </ref>
         <ref id="d34511e1747a1310">
            <mixed-citation id="d34511e1751" publication-type="book">
Lyotard, Jean-Frangois
1984 [1979] The Postmodern Condition: A Report on Knowledge (Minneapolis: Uni-
versity of Minnesota Press).<person-group>
                  <string-name>
                     <surname>Lyotard</surname>
                  </string-name>
               </person-group>
               <source>The Postmodern Condition: A Report on Knowledge</source>
               <year>1984</year>
            </mixed-citation>
         </ref>
         <ref id="d34511e1781a1310">
            <mixed-citation id="d34511e1785" publication-type="book">
Marquez, Gabriel García
1977 [1967] One Hundred Years of Solitude (translated by Gregory Rabassa (Har-
mondsworth: Penguin).<person-group>
                  <string-name>
                     <surname>Marquez</surname>
                  </string-name>
               </person-group>
               <source>One Hundred Years of Solitude</source>
               <year>1977</year>
            </mixed-citation>
         </ref>
         <ref id="d34511e1814a1310">
            <mixed-citation id="d34511e1818" publication-type="journal">
McHale, Brian
1982 "Writing about Postmodern Writing," Poetics Today 3(3): 211-27.<object-id pub-id-type="doi">10.2307/1772400</object-id>
               <fpage>211</fpage>
            </mixed-citation>
            <mixed-citation id="d34511e1833" publication-type="book">
1986 "Change of Dominant from Modernist to Postmodernist Writing," in Fok-
kema and Bertens 1986, 53-79.<person-group>
                  <string-name>
                     <surname>McHale</surname>
                  </string-name>
               </person-group>
               <fpage>53</fpage>
               <source>Change of Dominant from Modernist to Postmodernist Writing,</source>
               <year>1986</year>
            </mixed-citation>
            <mixed-citation id="d34511e1861" publication-type="book">
1987 Postmodernist Fiction (London and New York: Methuen).<person-group>
                  <string-name>
                     <surname>McHale</surname>
                  </string-name>
               </person-group>
               <source>Postmodernist Fiction</source>
               <year>1987</year>
            </mixed-citation>
         </ref>
         <ref id="d34511e1883a1310">
            <mixed-citation id="d34511e1887" publication-type="book">
Motte, Warren F., ed. and trans.
1986 Oulipo: A Primer of Potential Literature (Lincoln and London: University of
Nebraska).<person-group>
                  <string-name>
                     <surname>Motte</surname>
                  </string-name>
               </person-group>
               <source>Oulipo: A Primer of Potential Literature</source>
               <year>1986</year>
            </mixed-citation>
         </ref>
         <ref id="d34511e1916a1310">
            <mixed-citation id="d34511e1920" publication-type="book">
Nabokov, Vladimir
1970 [1969] Ada, or Ardor: A Family Chronicle (Greenwich, cN: Fawcett Crest).<person-group>
                  <string-name>
                     <surname>Nabokov</surname>
                  </string-name>
               </person-group>
               <source>Ada, or Ardor: A Family Chronicle</source>
               <year>1970</year>
            </mixed-citation>
         </ref>
         <ref id="d34511e1945a1310">
            <mixed-citation id="d34511e1949" publication-type="journal">
Newman, Charles
1984 "The Post-Modern Aura: The Act of Fiction in an Age of Inflation," Salma-
gundi 63-64: 3-199.<person-group>
                  <string-name>
                     <surname>Newman</surname>
                  </string-name>
               </person-group>
               <fpage>3</fpage>
               <volume>63</volume>
               <source>Salmagundi</source>
               <year>1984</year>
            </mixed-citation>
         </ref>
         <ref id="d34511e1984a1310">
            <mixed-citation id="d34511e1988" publication-type="book">
Norris, Christopher
1985 The Contest of Faculties: Philosophy and Theory after Deconstruction (London
and New York: Methuen).<person-group>
                  <string-name>
                     <surname>Norris</surname>
                  </string-name>
               </person-group>
               <source>The Contest of Faculties: Philosophy and Theory after Deconstruction</source>
               <year>1985</year>
            </mixed-citation>
         </ref>
         <ref id="d34511e2018a1310">
            <mixed-citation id="d34511e2022" publication-type="journal">
Rabinowitz, Peter
1977 "Truth in Fiction: A Reexamination of Audiences," Critical Inquiry 4(1):
121-41.<object-id pub-id-type="jstor">10.2307/1343045</object-id>
               <fpage>121</fpage>
            </mixed-citation>
         </ref>
         <ref id="d34511e2041a1310">
            <mixed-citation id="d34511e2045" publication-type="book">
Rajchman, John and Cornel West, eds.
1985 Post-Analytic Philosophy (New York: Columbia University Press).<person-group>
                  <string-name>
                     <surname>Rajchman</surname>
                  </string-name>
               </person-group>
               <source>Post-Analytic Philosophy</source>
               <year>1985</year>
            </mixed-citation>
         </ref>
         <ref id="d34511e2070a1310">
            <mixed-citation id="d34511e2074" publication-type="book">
Reiss, Timothy
1982 The Discourse of Modernism (Ithaca and London: Cornell University Press).<person-group>
                  <string-name>
                     <surname>Reiss</surname>
                  </string-name>
               </person-group>
               <source>The Discourse of Modernism</source>
               <year>1982</year>
            </mixed-citation>
         </ref>
         <ref id="d34511e2099a1310">
            <mixed-citation id="d34511e2103" publication-type="book">
Rorty, Richard
1979 Philosophy and the Mirror of Nature (Princeton, NJ: Princeton University
Press).<person-group>
                  <string-name>
                     <surname>Rorty</surname>
                  </string-name>
               </person-group>
               <source>Philosophy and the Mirror of Nature</source>
               <year>1979</year>
            </mixed-citation>
            <mixed-citation id="d34511e2131" publication-type="book">
1982 Consequences of Pragmatism: Essays 1972-1980. (Minneapolis: University of
Minnesota Press).<person-group>
                  <string-name>
                     <surname>Rorty</surname>
                  </string-name>
               </person-group>
               <source>Consequences of Pragmatism: Essays 1972-1980</source>
               <year>1982</year>
            </mixed-citation>
            <mixed-citation id="d34511e2155" publication-type="book">
1985 "Solidarity or Objectivity?" in Rajchman and West 1985, 3-19.<person-group>
                  <string-name>
                     <surname>Rorty</surname>
                  </string-name>
               </person-group>
               <fpage>3</fpage>
               <source>Solidarity or Objectivity?</source>
               <year>1985</year>
            </mixed-citation>
         </ref>
         <ref id="d34511e2180a1310">
            <mixed-citation id="d34511e2184" publication-type="journal">
Schmidt, S. J.
1984 "The Fiction Is that Reality Exists: A Constructivist Model of Reality,"
Poetics Today 5(2): 253-74.<object-id pub-id-type="doi">10.2307/1771932</object-id>
               <fpage>253</fpage>
            </mixed-citation>
         </ref>
         <ref id="d34511e2203a1310">
            <mixed-citation id="d34511e2207" publication-type="book">
Sukenick, Ronald
1985 [1972] "The New Tradition," in In Form: Digressions on the Act of Fiction
(Carbondale and Edwardsville: Southern Illinois University Press), 201-213.<person-group>
                  <string-name>
                     <surname>Sukenick</surname>
                  </string-name>
               </person-group>
               <comment content-type="section">The New Tradition,</comment>
               <fpage>201</fpage>
               <source>In Form: Digressions on the Act of Fiction</source>
               <year>1985</year>
            </mixed-citation>
         </ref>
         <ref id="d34511e2243a1310">
            <mixed-citation id="d34511e2249" publication-type="book">
Vaihinger, Hans
1965 [1935] The Philosophy of "As If": A System of the Theoretical, Practical and
Religious Fictions of Mankind, translated by C. K. Ogden (London: Routledge
&amp; Kegan Paul).<person-group>
                  <string-name>
                     <surname>Vaihinger</surname>
                  </string-name>
               </person-group>
               <source>The Philosophy of "As If": A System of the Theoretical, Practical and Religious Fictions of Mankind</source>
               <year>1965</year>
            </mixed-citation>
         </ref>
         <ref id="d34511e2281a1310">
            <mixed-citation id="d34511e2285" publication-type="book">
West, Cornel
1983 "Afterword: The Politics of American Neo-Pragmatism," in Rajchman and
West 1983, 259-272.<person-group>
                  <string-name>
                     <surname>West</surname>
                  </string-name>
               </person-group>
               <fpage>259</fpage>
               <source>Afterword: The Politics of American Neo-Pragmatism,</source>
               <year>1983</year>
            </mixed-citation>
         </ref>
         <ref id="d34511e2317a1310">
            <mixed-citation id="d34511e2321" publication-type="book">
White, Hayden
1987 The Content of the Form: Narrative Discourse and Historical Representation (Bal-
timore and London: Johns Hopkins University Press).<person-group>
                  <string-name>
                     <surname>White</surname>
                  </string-name>
               </person-group>
               <source>The Content of the Form: Narrative Discourse and Historical Representation</source>
               <year>1987</year>
            </mixed-citation>
         </ref>
         <ref id="d34511e2350a1310">
            <mixed-citation id="d34511e2354" publication-type="book">
Wilde, Alan
1981 Horizons of Assent: Modernism, Postmodernism, and the Ironic Imagination. (Bal-
timore and London: Johns Hopkins University Press).<person-group>
                  <string-name>
                     <surname>Wilde</surname>
                  </string-name>
               </person-group>
               <source>Horizons of Assent: Modernism, Postmodernism, and the Ironic Imagination</source>
               <year>1981</year>
            </mixed-citation>
         </ref>
      </ref-list>
   </back>
</article>
