<article xmlns:xsi="http://www.w3.org/2001/XMLSchema-instance"
         xmlns:xlink="http://www.w3.org/1999/xlink"
         xmlns:mml="http://www.w3.org/1998/Math/MathML"
         dtd-version="1.0"
         article-type="research-article">
   <front>
      <journal-meta>
         <journal-id journal-id-type="jstor">poeticstoday</journal-id>
         <journal-id journal-id-type="jstor">j100659</journal-id>
         <journal-title-group>
            <journal-title>Poetics Today</journal-title>
         </journal-title-group>
         <publisher>
            <publisher-name>Porter Institute for Poetics and Semiotics</publisher-name>
         </publisher>
         <issn pub-type="ppub">03335372</issn>
         <issn pub-type="epub">15275507</issn>
      </journal-meta>
      <article-meta>
         <article-id pub-id-type="doi">10.2307/1772758</article-id>
         <article-categories>
            <subj-group>
               <subject>Theory of Character</subject>
            </subj-group>
         </article-categories>
         <title-group>
            <article-title>Characters and Narrators: Filter, Center, Slant, and Interest-Focus</article-title>
         </title-group>
         <contrib-group>
            <contrib contrib-type="author">
               <string-name>
                  <given-names>Seymour</given-names>
                  <surname>Chatman</surname>
               </string-name>
            </contrib>
         </contrib-group>
         <pub-date>
            <day>1</day>
            <month>1</month>
            <year>1986</year>
         </pub-date>
         <volume>7</volume>
         <issue>2</issue>
         <issue-id>i303071</issue-id>
         <fpage>189</fpage>
         <lpage>204</lpage>
         <page-range>189-204</page-range>
         <permissions>
            <copyright-statement>Copyright The Porter Institute for Poetics and Semiotics Tel Aviv University</copyright-statement>
         </permissions>
         <self-uri xlink:href="http://www.jstor.org/stable/1772758"/>
         <custom-meta-group>
            <custom-meta>
               <meta-name>lang</meta-name>
               <meta-value>eng</meta-value>
            </custom-meta>
         </custom-meta-group>
      </article-meta>
   </front>
   <back>
      <ref-list>
         <title>References</title>
         <ref id="d6041e123a1310">
            <mixed-citation id="d6041e127" publication-type="book">
Bal, Mieke, 1977. Narratologie (Paris: Klincksieck).<person-group>
                  <string-name>
                     <surname>Bal</surname>
                  </string-name>
               </person-group>
               <source>Narratologie</source>
               <year>1977</year>
            </mixed-citation>
         </ref>
         <ref id="d6041e149a1310">
            <mixed-citation id="d6041e153" publication-type="book">
Balzac, Honors de, 1962 (1834). Le pore Goriot, trans. Henry Reed (New York: Signet).<person-group>
                  <string-name>
                     <surname>Balzac</surname>
                  </string-name>
               </person-group>
               <source>Le pore Goriot</source>
               <year>1962</year>
            </mixed-citation>
         </ref>
         <ref id="d6041e175a1310">
            <mixed-citation id="d6041e179" publication-type="book">
Beyle, Marie-Henri (de Stendhal), 1926 (1831). The Red and the Black, trans. C.K. Scott-
Moncrieff (London: Boni and Liveright).<person-group>
                  <string-name>
                     <surname>Beyle</surname>
                  </string-name>
               </person-group>
               <source>The Red and the Black</source>
               <year>1926</year>
            </mixed-citation>
         </ref>
         <ref id="d6041e204a1310">
            <mixed-citation id="d6041e208" publication-type="book">
Brooks, Cleanth and Robert Penn Warren, 1959. Understanding Fiction (Englewood Cliffs,
NJ: Prentice-Hall).<person-group>
                  <string-name>
                     <surname>Brooks</surname>
                  </string-name>
               </person-group>
               <source>Understanding Fiction</source>
               <year>1959</year>
            </mixed-citation>
         </ref>
         <ref id="d6041e234a1310">
            <mixed-citation id="d6041e238" publication-type="book">
Dickens, Charles, 1969 (1839). Oliver Twist (New York: Scholastic Books).<person-group>
                  <string-name>
                     <surname>Dickens</surname>
                  </string-name>
               </person-group>
               <source>Oliver Twist</source>
               <year>1969</year>
            </mixed-citation>
         </ref>
         <ref id="d6041e260a1310">
            <mixed-citation id="d6041e264" publication-type="book">
Flaubert, Gustave, 1959 (1857). Madame Bovary, trans. Lowell Blair (New York: Bantam
Books).<person-group>
                  <string-name>
                     <surname>Flaubert</surname>
                  </string-name>
               </person-group>
               <source>Madame Bovary</source>
               <year>1959</year>
            </mixed-citation>
         </ref>
         <ref id="d6041e289a1310">
            <mixed-citation id="d6041e293" publication-type="book">
Genette, Gerard, 1980. Narrative Discourse (Ithaca: Cornell UP).<person-group>
                  <string-name>
                     <surname>Genette</surname>
                  </string-name>
               </person-group>
               <source>Narrative Discourse</source>
               <year>1980</year>
            </mixed-citation>
            <mixed-citation id="d6041e314" publication-type="book">
1983 Nouveau discours du re'cit (Paris: Seuil).<person-group>
                  <string-name>
                     <surname>Genette</surname>
                  </string-name>
               </person-group>
               <source>Nouveau discours du re'cit</source>
               <year>1983</year>
            </mixed-citation>
         </ref>
         <ref id="d6041e336a1310">
            <mixed-citation id="d6041e340" publication-type="book">
Rimmon-Kenan, Shlomith, 1983. Narrative Fiction (London: Methuen).<person-group>
                  <string-name>
                     <surname>Rimmon-Kenan</surname>
                  </string-name>
               </person-group>
               <source>Narrative Fiction</source>
               <year>1983</year>
            </mixed-citation>
         </ref>
      </ref-list>
   </back>
</article>
