<article dtd-version="1.0" article-type="research-article">
   <front>
      <journal-meta>
         <journal-id xmlns:xlink="http://www.w3.org/1999/xlink" journal-id-type="jstor">poeticstoday</journal-id>
         <journal-id xmlns:xlink="http://www.w3.org/1999/xlink" journal-id-type="jstor">j100659</journal-id>
         <journal-title-group xmlns:xlink="http://www.w3.org/1999/xlink">
            <journal-title>Poetics Today</journal-title>
         </journal-title-group>
         <publisher>
            <publisher-name>Porter Institute for Poetics and Semiotics</publisher-name>
         </publisher>
         <issn xmlns:xlink="http://www.w3.org/1999/xlink" pub-type="ppub">03335372</issn>
         <issn xmlns:xlink="http://www.w3.org/1999/xlink" pub-type="epub">15275507</issn>
      </journal-meta>
      <article-meta>
         <article-id xmlns:xlink="http://www.w3.org/1999/xlink" pub-id-type="doi">10.2307/1772192</article-id>
         <title-group>
            <article-title>What Stories Can Tell Us about Their Teller's World</article-title>
         </title-group>
         <contrib-group>
            <contrib contrib-type="author">
               <string-name xmlns:xlink="http://www.w3.org/1999/xlink">
                  <given-names>Livia</given-names>
                  <surname>Polanyi</surname>
               </string-name>
            </contrib>
         </contrib-group>
         <pub-date xmlns:xlink="http://www.w3.org/1999/xlink">
            <day>1</day>
            <month>1</month>
            <year>1981</year>
         </pub-date>
         <volume>2</volume>
         <issue>2</issue>
         <issue-id xmlns:xlink="http://www.w3.org/1999/xlink">i303052</issue-id>
         <fpage>97</fpage>
         <lpage>112</lpage>
         <page-range>97-112</page-range>
         <permissions>
            <copyright-statement>Copyright The Porter Institute for Poetics and Semiotics Tel Aviv University</copyright-statement>
         </permissions>
         <self-uri xmlns:xlink="http://www.w3.org/1999/xlink"
                   xlink:href="http://www.jstor.org/stable/1772192"/>
         <custom-meta-group xmlns:xlink="http://www.w3.org/1999/xlink">
            <custom-meta>
               <meta-name>lang</meta-name>
               <meta-value>eng</meta-value>
            </custom-meta>
         </custom-meta-group>
      </article-meta>
   </front>
   <back>
      <fn-group xmlns:xlink="http://www.w3.org/1999/xlink">
         <title>[Footnotes]</title>
         <fn id="d7805e114a1310">
            <label>*</label>
            <p>
               <mixed-citation id="d7805e121" publication-type="book">
New Impulses in
Foreign Language Teaching, ed. by A. James (Tubingen, 1980)<person-group>
                     <string-name>
                        <surname>James</surname>
                     </string-name>
                  </person-group>
                  <comment content-type="section">New Impulses</comment>
                  <source>Foreign Language Teaching</source>
                  <year>1980</year>
               </mixed-citation>
            </p>
         </fn>
         <fn id="d7805e150a1310">
            <label>1</label>
            <p>
               <mixed-citation id="d7805e157" publication-type="conference">
Polanyi-Bowditch, 1976a  </mixed-citation>
            </p>
            <p>
               <mixed-citation id="d7805e165" publication-type="other">
Polanyi, 1978b, c</mixed-citation>
            </p>
            <p>
               <mixed-citation id="d7805e171" publication-type="partial">
1979</mixed-citation>
            </p>
            <p>
               <mixed-citation id="d7805e178" publication-type="other">
Polanyi, 1978b</mixed-citation>
            </p>
         </fn>
         <fn id="d7805e185a1310">
            <label>4</label>
            <p>
               <mixed-citation id="d7805e192" publication-type="other">
Polanyi, 1978b</mixed-citation>
            </p>
            <p>
               <mixed-citation id="d7805e198" publication-type="partial">
1979</mixed-citation>
            </p>
         </fn>
      </fn-group>
      <ref-list>
         <title>REFERENCES</title>
         <ref id="d7805e214a1310">
            <mixed-citation id="d7805e218" publication-type="book">
BARTH, FREDRIK, 1975. Ritual and Knowledge Among the Baktaman of New Guinea (New Haven:
Yale University Press).<person-group>
                  <string-name xmlns:xlink="http://www.w3.org/1999/xlink">
                     <surname>Barth</surname>
                  </string-name>
               </person-group>
               <source>Ritual and Knowledge Among the Baktaman of New Guinea</source>
               <year>1975</year>
            </mixed-citation>
         </ref>
         <ref id="d7805e243a1310">
            <mixed-citation id="d7805e247" publication-type="book">
JEFFERSON, GAIL, 1978. "Sequential Aspects of Story-telling in Conversation," in: J. Schenkein, ed.,
Studies in the Organization of Conversational Interaction (New York: Academic Press),
219-48.<person-group>
                  <string-name xmlns:xlink="http://www.w3.org/1999/xlink">
                     <surname>Jefferson</surname>
                  </string-name>
               </person-group>
               <comment content-type="section">Sequential Aspects of Story-telling in Conversation</comment>
               <fpage>219</fpage>
               <source>Studies in the Organization of Conversational Interaction</source>
               <year>1978</year>
            </mixed-citation>
         </ref>
         <ref id="d7805e282a1310">
            <mixed-citation id="d7805e286" publication-type="journal">
LABOV, WILLIAM, 1972. "Transformations of experience in narrative syntax," in Language in the
Inner City: Studies in the Black English Vernacular, "Conduct and Communication" No. 3
(Philadelphia: Pennsylvania), 354-396.<person-group>
                  <string-name xmlns:xlink="http://www.w3.org/1999/xlink">
                     <surname>Labov</surname>
                  </string-name>
               </person-group>
               <issue>3</issue>
               <fpage>354</fpage>
               <source>Language in the Inner City: Studies in the Black English Vernacular</source>
               <year>1972</year>
            </mixed-citation>
            <mixed-citation id="d7805e320" publication-type="book">
AND DAVID FENSHEL, 1977. Therapeutic Discourse: Psychotherapy as Conversation (New
York: Academic Press).<person-group>
                  <string-name xmlns:xlink="http://www.w3.org/1999/xlink">
                     <surname>Fenshel</surname>
                  </string-name>
               </person-group>
               <source>Therapeutic Discourse: Psychotherapy as Conversation</source>
               <year>1977</year>
            </mixed-citation>
            <mixed-citation id="d7805e344" publication-type="book">
AND JOSHUA WALETZKY, 1967. "Narrative Analysis: Oral Versions of Personal
Experience," in: June Helms, ed., Essays on the Verbal and Visual Arts (Seattle:
Washington), 12-44.<person-group>
                  <string-name xmlns:xlink="http://www.w3.org/1999/xlink">
                     <surname>Waletzky</surname>
                  </string-name>
               </person-group>
               <comment content-type="section">Narrative Analysis: Oral Versions of Personal Experience</comment>
               <fpage>12</fpage>
               <source>Essays on the Verbal and Visual Arts</source>
               <year>1967</year>
            </mixed-citation>
         </ref>
         <ref id="d7805e379a1310">
            <mixed-citation id="d7805e383" publication-type="conference">
POLANYI-BOWDITCH, LIVIA, 1976a. "Why the Whats are When: Mutually Contextualized Realms
of Narrative," Proceedings of the Second Annual Meeting of the Berkeley Linguistic Society,
February 14-16, 1976 (Berkeley, California: Berkeley Linguistics Society), 59-78.<person-group>
                  <string-name xmlns:xlink="http://www.w3.org/1999/xlink">
                     <surname>Polanyi-Bowditch</surname>
                  </string-name>
               </person-group>
               <comment content-type="section">Why the Whats are When: Mutually Contextualized Realms of Narrative</comment>
               <fpage>59</fpage>
               <source>Proceedings of the Second Annual Meeting of the Berkeley Linguistic Society</source>
               <year>1976</year>
            </mixed-citation>
            <mixed-citation id="d7805e417" publication-type="book">
1976b "The Role of Redundancy in Cohesion and Evaluative Functioning in Narrative: A
Grab for the Referential Hierarchy,"Rackham Literary Studies 7 (Ann Arbor), 19-38.<comment content-type="section">The Role of Redundancy in Cohesion and Evaluative Functioning in Narrative: A Grab for the Referential Hierarchy</comment>
               <fpage>19</fpage>
               <volume>7</volume>
               <source>Rackham Literary Studies</source>
               <year>1976</year>
            </mixed-citation>
            <mixed-citation id="d7805e442" publication-type="book">
1977 "Not So False Starts," Texas Working Papers in Sociolinguistics 41.<comment content-type="section">Not So False Starts</comment>
               <fpage>41</fpage>
               <source>Texas Working Papers in Sociolinguistics</source>
               <year>1977</year>
            </mixed-citation>
         </ref>
         <ref id="d7805e462a1310">
            <mixed-citation id="d7805e466" publication-type="conference">
POLANYI, LIVIA, 1978a. "False Starts Can Be True," Henry Thompson and Kenneth Whistler et al.,
eds., Proceedings of the Berkeley Linguistics Society Fourth Annual Meeting (Berkeley
Linguistic Society).<person-group>
                  <string-name xmlns:xlink="http://www.w3.org/1999/xlink">
                     <surname>Polanyi</surname>
                  </string-name>
               </person-group>
               <comment content-type="section">False Starts Can Be True</comment>
               <source>Proceedings of the Berkeley Linguistics Society Fourth Annual Meeting</source>
               <year>1978</year>
            </mixed-citation>
            <mixed-citation id="d7805e497" publication-type="book">
1978b The American Story: Social and Cultural Constraints on The Meaning and Structure of
Stories in Conversation (University of Michigan Ph.D. Dissertation).<comment content-type="section">The American Story: Social and Cultural Constraints</comment>
               <source>The Meaning and Structure of Stories</source>
               <year>1978</year>
            </mixed-citation>
            <mixed-citation id="d7805e515" publication-type="conference">
1978c "The Adequate Paraphrase: The Story in all the Talk." Talk delivered at LSA Winter
Meeting. Boston, Mass. U.S.A. Dec. 30, 1978.<comment content-type="section">The Adequate Paraphrase: The Story in all the Talk</comment>
               <volume>30</volume>
               <source>Talk delivered at LSA Winter Meeting</source>
               <year>1978</year>
            </mixed-citation>
            <mixed-citation id="d7805e537" publication-type="conference">
AND WILLIAM SIMPSON, 1978. "A Tripartite Model for Story Understanding." Talk
delivered at 7th CO-LING International Meeting. Bergen, Norway, August 26.<person-group>
                  <string-name xmlns:xlink="http://www.w3.org/1999/xlink">
                     <surname>Simpson</surname>
                  </string-name>
               </person-group>
               <comment content-type="section">A Tripartite Model for Story Understanding</comment>
               <volume>26</volume>
               <source>Talk delivered at 7th CO-LING International Meeting</source>
               <year>1978</year>
            </mixed-citation>
         </ref>
         <ref id="d7805e569a1310">
            <mixed-citation id="d7805e573" publication-type="journal">
SACKS, HARVEY, 1972. "Lecture Notes: Stories in Conversation." Spring, 1970 and Fall, 1971.
Mimeo.<person-group>
                  <string-name xmlns:xlink="http://www.w3.org/1999/xlink">
                     <surname>Sacks</surname>
                  </string-name>
               </person-group>
               <issue>Fall</issue>
               <source>Spring</source>
               <year>1970</year>
            </mixed-citation>
         </ref>
         <ref id="d7805e602a1310">
            <mixed-citation id="d7805e606" publication-type="book">
SCHENKEIN, JIM, 1978. Studies in the Organization of Conversational Interaction (New York:
Academic Press).<person-group>
                  <string-name xmlns:xlink="http://www.w3.org/1999/xlink">
                     <surname>Schenkein</surname>
                  </string-name>
               </person-group>
               <source>Studies in the Organization of Conversational Interaction</source>
               <year>1978</year>
            </mixed-citation>
         </ref>
      </ref-list>
   </back>
</article>
