<article dtd-version="1.0" article-type="research-article">
   <front>
      <journal-meta>
         <journal-id xmlns:xlink="http://www.w3.org/1999/xlink" journal-id-type="jstor">poeticstoday</journal-id>
         <journal-id xmlns:xlink="http://www.w3.org/1999/xlink" journal-id-type="jstor">j100659</journal-id>
         <journal-title-group xmlns:xlink="http://www.w3.org/1999/xlink">
            <journal-title>Poetics Today</journal-title>
         </journal-title-group>
         <publisher>
            <publisher-name>Porter Institute for Poetics and Semiotics</publisher-name>
         </publisher>
         <issn xmlns:xlink="http://www.w3.org/1999/xlink" pub-type="ppub">03335372</issn>
         <issn xmlns:xlink="http://www.w3.org/1999/xlink" pub-type="epub">15275507</issn>
      </journal-meta>
      <article-meta>
         <article-id xmlns:xlink="http://www.w3.org/1999/xlink" pub-id-type="doi">10.2307/1772126</article-id>
         <article-categories>
            <subj-group>
               <subject>Mothers</subject>
            </subj-group>
         </article-categories>
         <title-group>
            <article-title>Stabat Mater</article-title>
         </title-group>
         <contrib-group>
            <contrib contrib-type="author">
               <string-name xmlns:xlink="http://www.w3.org/1999/xlink">
                  <given-names>Julia</given-names>
                  <surname>Kristeva</surname>
               </string-name>
            </contrib>
            <contrib contrib-type="author">
               <string-name xmlns:xlink="http://www.w3.org/1999/xlink">
                  <given-names>Arthur</given-names>
                  <surname>Goldhammer</surname>
               </string-name>
            </contrib>
         </contrib-group>
         <pub-date xmlns:xlink="http://www.w3.org/1999/xlink">
            <day>1</day>
            <month>1</month>
            <year>1985</year>
         </pub-date>
         <volume>6</volume>
         <issue>1/2</issue>
         <issue-id xmlns:xlink="http://www.w3.org/1999/xlink">i303067</issue-id>
         <fpage>133</fpage>
         <lpage>152</lpage>
         <page-range>133-152</page-range>
         <permissions>
            <copyright-statement>Copyright The Porter Institute for Poetics and Semiotics Tel Aviv University</copyright-statement>
         </permissions>
         <self-uri xmlns:xlink="http://www.w3.org/1999/xlink"
                   xlink:href="http://www.jstor.org/stable/1772126"/>
         <custom-meta-group xmlns:xlink="http://www.w3.org/1999/xlink">
            <custom-meta>
               <meta-name>lang</meta-name>
               <meta-value>eng</meta-value>
            </custom-meta>
         </custom-meta-group>
      </article-meta>
   </front>
   <back>
      <fn-group xmlns:xlink="http://www.w3.org/1999/xlink">
         <title>[Footnotes]</title>
         <fn id="d44163e135a1310">
            <label>1</label>
            <p>
               <mixed-citation id="d44163e142" publication-type="book">
Warner (1976)  </mixed-citation>
            </p>
            <p>
               <mixed-citation id="d44163e150" publication-type="book">
Barande (1977)  </mixed-citation>
            </p>
         </fn>
         <fn id="d44163e159a1310">
            <label>3</label>
            <p>
               <mixed-citation id="d44163e166" publication-type="book">
Jung, 1964  </mixed-citation>
            </p>
         </fn>
      </fn-group>
      <ref-list>
         <title>References</title>
         <ref id="d44163e184a1310">
            <mixed-citation id="d44163e188" publication-type="book">
Barande, Ilse, 1977. Le Maternel singulier (Paris: Aubier-Montaigne).<person-group>
                  <string-name xmlns:xlink="http://www.w3.org/1999/xlink">
                     <surname>Barande</surname>
                  </string-name>
               </person-group>
               <source>Le Maternel singulier</source>
               <year>1977</year>
            </mixed-citation>
         </ref>
         <ref id="d44163e210a1310">
            <mixed-citation id="d44163e214" publication-type="book">
Jung, Carl Gustav, 1964. Riponse a' Job, trans. Roland Cahen (Paris: Buchet-Chastel).<person-group>
                  <string-name xmlns:xlink="http://www.w3.org/1999/xlink">
                     <surname>Jung</surname>
                  </string-name>
               </person-group>
               <source>Riponse a' Job</source>
               <year>1964</year>
            </mixed-citation>
         </ref>
         <ref id="d44163e236a1310">
            <mixed-citation id="d44163e240" publication-type="book">
Warner, Marina, 1976. Alone of All Her Sex. The Myth and Cult of the Virgin Mary
(London: Weidenfeld and Nicolson).<person-group>
                  <string-name xmlns:xlink="http://www.w3.org/1999/xlink">
                     <surname>Warner</surname>
                  </string-name>
               </person-group>
               <source>Alone of All Her Sex. The Myth and Cult of the Virgin Mary</source>
               <year>1976</year>
            </mixed-citation>
         </ref>
      </ref-list>
   </back>
</article>
