<article xmlns:xsi="http://www.w3.org/2001/XMLSchema-instance"
         xmlns:xlink="http://www.w3.org/1999/xlink"
         xmlns:mml="http://www.w3.org/1998/Math/MathML"
         dtd-version="1.0"
         article-type="research-article">
   <front>
      <journal-meta>
         <journal-id journal-id-type="jstor">poeticstoday</journal-id>
         <journal-id journal-id-type="jstor">j100659</journal-id>
         <journal-title-group>
            <journal-title>Poetics Today</journal-title>
         </journal-title-group>
         <publisher>
            <publisher-name>Duke University Press</publisher-name>
         </publisher>
         <issn pub-type="ppub">03335372</issn>
         <issn pub-type="epub">15275507</issn>
      </journal-meta>
      <article-meta>
         <article-id pub-id-type="doi">10.2307/1772555</article-id>
         <title-group>
            <article-title>On Intersemiotic Transposition</article-title>
         </title-group>
         <contrib-group>
            <contrib contrib-type="author">
               <string-name>
                  <given-names>Claus</given-names>
                  <surname>Clüver</surname>
               </string-name>
            </contrib>
            <contrib contrib-type="author">
               <string-name>
                  <given-names>Burton</given-names>
                  <surname>Watson</surname>
               </string-name>
            </contrib>
         </contrib-group>
         <pub-date>
            <day>1</day>
            <month>4</month>
            <year>1989</year>
         </pub-date>
         <volume>10</volume>
         <issue>1</issue>
         <issue-id>i303081</issue-id>
         <fpage>55</fpage>
         <lpage>90</lpage>
         <page-range>55-90</page-range>
         <permissions>
            <copyright-statement>Copyright 1989 The Porter Institute for Poetics and Semiotics, Tel Aviv University</copyright-statement>
         </permissions>
         <self-uri xlink:href="http://www.jstor.org/stable/1772555"/>
         <custom-meta-group>
            <custom-meta>
               <meta-name>lang</meta-name>
               <meta-value>eng</meta-value>
            </custom-meta>
         </custom-meta-group>
      </article-meta>
   </front>
   <back>
      <fn-group>
         <title>[Footnotes]</title>
         <fn id="d30936e320a1310">
            <label>1</label>
            <p>
               <mixed-citation id="d30936e327" publication-type="book">
Burton Watson (1984: 203)  <fpage>203</fpage>
               </mixed-citation>
            </p>
         </fn>
         <fn id="d30936e339a1310">
            <label>2</label>
            <p>
               <mixed-citation id="d30936e346" publication-type="book">
1973, Das Bildgedicht in Europa  </mixed-citation>
            </p>
            <p>
               <mixed-citation id="d30936e354" publication-type="book">
Kranz 1981: 337-44  <fpage>337</fpage>
               </mixed-citation>
            </p>
         </fn>
         <fn id="d30936e366a1310">
            <label>3</label>
            <p>
               <mixed-citation id="d30936e373" publication-type="book">
Lexikon Kranz (1981: 447)  <fpage>447</fpage>
               </mixed-citation>
            </p>
            <p>
               <mixed-citation id="d30936e384" publication-type="book">
Kranz 1986: 346  <fpage>346</fpage>
               </mixed-citation>
            </p>
         </fn>
         <fn id="d30936e396a1310">
            <label>4</label>
            <p>
               <mixed-citation id="d30936e403" publication-type="other">
Kranz here follows primarily French usage (Mallarme, Tardieu, Souriau)</mixed-citation>
            </p>
            <p>
               <mixed-citation id="d30936e409" publication-type="book">
Kranz
1981: 32-34  <fpage>32</fpage>
               </mixed-citation>
            </p>
            <p>
               <mixed-citation id="d30936e423" publication-type="book">
"Comment s'effectue le passage d'un art l'autre?"
(Ponnau 1986: 7<person-group>
                     <string-name>
                        <surname>Ponnau</surname>
                     </string-name>
                  </person-group>
                  <fpage>7</fpage>
                  <source>Comment s'effectue le passage d'un art l'autre?</source>
                  <year>1986</year>
               </mixed-citation>
            </p>
            <p>
               <mixed-citation id="d30936e452" publication-type="book">
Jakobson's "transmutation"<person-group>
                     <string-name>
                        <surname>Jakobson</surname>
                     </string-name>
                  </person-group>
                  <source>transmutation</source>
               </mixed-citation>
            </p>
         </fn>
         <fn id="d30936e472a1310">
            <label>5</label>
            <p>
               <mixed-citation id="d30936e481" publication-type="other">
Cluiver 1978: 22-23</mixed-citation>
            </p>
            <p>
               <mixed-citation id="d30936e487" publication-type="book">
Kranz (1981: 1213)  </mixed-citation>
            </p>
            <p>
               <mixed-citation id="d30936e496" publication-type="book">
"The
Starry Night"  </mixed-citation>
            </p>
            <p>
               <mixed-citation id="d30936e507" publication-type="book">
ibid.: 484  <fpage>484</fpage>
               </mixed-citation>
            </p>
            <p>
               <mixed-citation id="d30936e518" publication-type="book">
Pickvance 1986: 103  <fpage>103</fpage>
               </mixed-citation>
            </p>
            <p>
               <mixed-citation id="d30936e529" publication-type="journal">
Boime
1984  </mixed-citation>
            </p>
            <p>
               <mixed-citation id="d30936e540" publication-type="journal">
Layman 1983/84  </mixed-citation>
            </p>
         </fn>
         <fn id="d30936e549a1310">
            <label>6</label>
            <p>
               <mixed-citation id="d30936e558" publication-type="book">
Meyer Scha-
piro's (1950)  </mixed-citation>
            </p>
            <p>
               <mixed-citation id="d30936e569" publication-type="book">
Revelation 12: 1ff.<fpage>1</fpage>
                  <volume>12</volume>
                  <source>Revelation</source>
               </mixed-citation>
            </p>
            <p>
               <mixed-citation id="d30936e585" publication-type="book">
Schapiro (1950: 33-34)  <fpage>33</fpage>
               </mixed-citation>
            </p>
            <p>
               <mixed-citation id="d30936e596" publication-type="book">
ibid.: 100  <fpage>100</fpage>
               </mixed-citation>
            </p>
            <p>
               <mixed-citation id="d30936e607" publication-type="book">
Elgar's (1958)  </mixed-citation>
            </p>
            <p>
               <mixed-citation id="d30936e615" publication-type="book">
ibid.: 176-77  <fpage>176</fpage>
               </mixed-citation>
            </p>
            <p>
               <mixed-citation id="d30936e626" publication-type="journal">
Boime 1984  </mixed-citation>
            </p>
         </fn>
         <fn id="d30936e635a1310">
            <label>7</label>
            <p>
               <mixed-citation id="d30936e642" publication-type="journal">
Boime 1984: 96  <fpage>96</fpage>
               </mixed-citation>
            </p>
         </fn>
         <fn id="d30936e654a1310">
            <label>8</label>
            <p>
               <mixed-citation id="d30936e661" publication-type="other">
Gogh's entire oeuvre of the years 1889-90</mixed-citation>
            </p>
            <p>
               <mixed-citation id="d30936e667" publication-type="other">
1986-87 exhibi-
tion Van Gogh in Saint-Remy and Auvers</mixed-citation>
            </p>
            <p>
               <mixed-citation id="d30936e676" publication-type="book">
The Starry Night  </mixed-citation>
            </p>
            <p>
               <mixed-citation id="d30936e685" publication-type="book">
Pickvance 1986: 106  <fpage>106</fpage>
               </mixed-citation>
            </p>
         </fn>
         <fn id="d30936e697a1310">
            <label>9</label>
            <p>
               <mixed-citation id="d30936e704" publication-type="partial">
pseudonym of Alexander L. Czoppelt, b. 1939</mixed-citation>
            </p>
            <p>
               <mixed-citation id="d30936e710" publication-type="book">
Kranz 1975: 271  <fpage>271</fpage>
               </mixed-citation>
            </p>
            <p>
               <mixed-citation id="d30936e721" publication-type="other">
Horen 17 (1972): 252.</mixed-citation>
            </p>
         </fn>
         <fn id="d30936e728a1310">
            <label>11</label>
            <p>
               <mixed-citation id="d30936e737" publication-type="other">
Homage to William Carlos Williams</mixed-citation>
            </p>
            <p>
               <mixed-citation id="d30936e743" publication-type="book">
Farnham 1971: 147  <fpage>147</fpage>
               </mixed-citation>
            </p>
            <p>
               <mixed-citation id="d30936e755" publication-type="other">
The
Figure 5 in Gold</mixed-citation>
            </p>
            <p>
               <mixed-citation id="d30936e764" publication-type="other">
American
poet William Carlos Williams . . .[and] also an illustration of a specific poem,"</mixed-citation>
            </p>
         </fn>
         <fn id="d30936e775a1310">
            <label>12</label>
            <p>
               <mixed-citation id="d30936e782" publication-type="book">
Williams's Sour Grapes. It is the ver-
sion known to Demuth<person-group>
                     <string-name>
                        <surname>Williams</surname>
                     </string-name>
                  </person-group>
                  <source>Sour Grapes</source>
               </mixed-citation>
            </p>
            <p>
               <mixed-citation id="d30936e803" publication-type="book">
Collected Poems (1938)  </mixed-citation>
            </p>
            <p>
               <mixed-citation id="d30936e811" publication-type="book">
Williams removed the line "with weight and
urgency"<person-group>
                     <string-name>
                        <surname>Williams</surname>
                     </string-name>
                  </person-group>
                  <source>Weight and urgency</source>
               </mixed-citation>
            </p>
            <p>
               <mixed-citation id="d30936e833" publication-type="book">
Dijkstra 1969: 77  <fpage>77</fpage>
               </mixed-citation>
            </p>
            <p>
               <mixed-citation id="d30936e844" publication-type="book">
Marling (1982:
172-73  <fpage>172</fpage>
               </mixed-citation>
            </p>
            <p>
               <mixed-citation id="d30936e858" publication-type="other">
Williams's (1951: 172)</mixed-citation>
            </p>
            <p>
               <mixed-citation id="d30936e864" publication-type="book">
Dijkstra (1969: 76)  <fpage>76</fpage>
               </mixed-citation>
            </p>
            <p>
               <mixed-citation id="d30936e875" publication-type="book">
Marling (1982: 174)  <fpage>174</fpage>
               </mixed-citation>
            </p>
            <p>
               <mixed-citation id="d30936e886" publication-type="book">
Kandinsky's poem "Anders," which he may have known from Hartley: "Es war
eine groBe 3-weiB auf dunkelbraun" (Kandinsky 1981: 126)<person-group>
                     <string-name>
                        <surname>Kandinsky</surname>
                     </string-name>
                  </person-group>
                  <comment content-type="section">Anders</comment>
                  <fpage>126</fpage>
                  <source>Es war eine groBe 3-weiB auf dunkelbraun</source>
                  <year>1981</year>
               </mixed-citation>
            </p>
         </fn>
         <fn id="d30936e918a1310">
            <label>13</label>
            <p>
               <mixed-citation id="d30936e925" publication-type="book">
Henry Sayre (1983)  </mixed-citation>
            </p>
            <p>
               <mixed-citation id="d30936e933" publication-type="book">
Jasper Johns's "later reworking of it in The Black Figure 5 (1960)"<person-group>
                     <string-name>
                        <surname>Johns</surname>
                     </string-name>
                  </person-group>
                  <source>The Black Figure 5</source>
                  <year>1960</year>
               </mixed-citation>
            </p>
            <p>
               <mixed-citation id="d30936e954" publication-type="book">
ibid.: 65  <fpage>65</fpage>
               </mixed-citation>
            </p>
            <p>
               <mixed-citation id="d30936e966" publication-type="journal">
Geldzahler 1965  </mixed-citation>
            </p>
            <p>
               <mixed-citation id="d30936e974" publication-type="journal">
(ibid.:
299)  <fpage>299</fpage>
               </mixed-citation>
            </p>
            <p>
               <mixed-citation id="d30936e988" publication-type="book">
"Demuth Five" (1963)<source>Demuth Five</source>
                  <year>1963</year>
               </mixed-citation>
            </p>
            <p>
               <mixed-citation id="d30936e1000" publication-type="book">
Farnham 1971  </mixed-citation>
            </p>
         </fn>
         <fn id="d30936e1009a1310">
            <label>14</label>
            <p>
               <mixed-citation id="d30936e1018" publication-type="journal">
James Breslin's (1977: 261)  <fpage>261</fpage>
               </mixed-citation>
            </p>
            <p>
               <mixed-citation id="d30936e1029" publication-type="book">
Farnham (1971: 102)  <fpage>102</fpage>
               </mixed-citation>
            </p>
            <p>
               <mixed-citation id="d30936e1041" publication-type="journal">
Breslin 1977: 262-63  <fpage>262</fpage>
               </mixed-citation>
            </p>
            <p>
               <mixed-citation id="d30936e1052" publication-type="journal">
ibid.: 251  <fpage>251</fpage>
               </mixed-citation>
            </p>
         </fn>
      </fn-group>
      <ref-list>
         <title>References</title>
         <ref id="d30936e1073a1310">
            <mixed-citation id="d30936e1077" publication-type="journal">
Behrendt, Stephen C.
1985 "Community Relations: The Roles of Artist and Audience in William
Carlos Williams' Pictures from Brueghel," American Poetry 2(2): 30-52.<person-group>
                  <string-name>
                     <surname>Behrendt</surname>
                  </string-name>
               </person-group>
               <issue>2</issue>
               <fpage>30</fpage>
               <volume>2</volume>
               <source>American Poetry</source>
               <year>1985</year>
            </mixed-citation>
         </ref>
         <ref id="d30936e1115a1310">
            <mixed-citation id="d30936e1119" publication-type="journal">
Boime, A.
1984 "Van Gogh's Starry Night: A History of Matter and a Matter of History,"
Arts Magazine 59(4): 86-103.<person-group>
                  <string-name>
                     <surname>Boime</surname>
                  </string-name>
               </person-group>
               <issue>4</issue>
               <fpage>86</fpage>
               <volume>59</volume>
               <source>Arts Magazine</source>
               <year>1984</year>
            </mixed-citation>
         </ref>
         <ref id="d30936e1157a1310">
            <mixed-citation id="d30936e1161" publication-type="book">
Bory, Jean-Francois
1970 Untitled [femme], in Concrete Poetry: A World View, edited by Mary Ellen Solt
(Bloomington: Indiana University Press).<person-group>
                  <string-name>
                     <surname>Bory</surname>
                  </string-name>
               </person-group>
               <source>Concrete Poetry: A World View</source>
               <year>1970</year>
            </mixed-citation>
         </ref>
         <ref id="d30936e1190a1310">
            <mixed-citation id="d30936e1194" publication-type="journal">
Breslin, James
1977 "William Carlos Williams and Charles Demuth: Cross-Fertilization in the
Arts,"Journal of Modern Literature 6: 248-63.<person-group>
                  <string-name>
                     <surname>Breslin</surname>
                  </string-name>
               </person-group>
               <fpage>248</fpage>
               <volume>6</volume>
               <source>Journal of Modern Literature</source>
               <year>1977</year>
            </mixed-citation>
         </ref>
         <ref id="d30936e1230a1310">
            <mixed-citation id="d30936e1234" publication-type="journal">
Brisset, Annie
1985 "La traduction comme transformation para-doxale," Texte 4: 191-207.<person-group>
                  <string-name>
                     <surname>Brisset</surname>
                  </string-name>
               </person-group>
               <fpage>191</fpage>
               <volume>4</volume>
               <source>Texte</source>
               <year>1985</year>
            </mixed-citation>
         </ref>
         <ref id="d30936e1266a1310">
            <mixed-citation id="d30936e1270" publication-type="book">
Campos, Haroldo de
1973 [1967] "De la traduction comme creation et comme critique," translated by
Ines Oseki, Change 14: 71-84.<person-group>
                  <string-name>
                     <surname>Campos</surname>
                  </string-name>
               </person-group>
               <fpage>71</fpage>
               <volume>14</volume>
               <source>De la traduction comme creation et comme critique</source>
               <year>1973</year>
            </mixed-citation>
         </ref>
         <ref id="d30936e1305a1310">
            <mixed-citation id="d30936e1309" publication-type="journal">
Cliiver, Claus
1978 "Painting into Poetry," Yearbook of Comparative and General Literature 27:
19-34.<person-group>
                  <string-name>
                     <surname>Cliiver</surname>
                  </string-name>
               </person-group>
               <fpage>19</fpage>
               <volume>27</volume>
               <source>Yearbook of Comparative and General Literature</source>
               <year>1978</year>
            </mixed-citation>
         </ref>
         <ref id="d30936e1344a1310">
            <mixed-citation id="d30936e1348" publication-type="book">
Dijkstra, Bram
1969 The Hieroglyphics of a New Speech: Cubism, Stieglitz, and the Early Poetry of
William Carlos Williams (Princeton, NJ: Princeton University Press).<person-group>
                  <string-name>
                     <surname>Dijkstra</surname>
                  </string-name>
               </person-group>
               <source>The Hieroglyphics of a New Speech: Cubism, Stieglitz, and the Early Poetry of William Carlos Williams</source>
               <year>1969</year>
            </mixed-citation>
         </ref>
         <ref id="d30936e1377a1310">
            <mixed-citation id="d30936e1381" publication-type="book">
Eco, Umberto
1979 "Introduction: The Role of the Reader" and "The Poetics of the Open
Work," in The Role of the Reader: Explorations in the Semiotics of Texts, 3-67
(Bloomington: Indiana University Press).<person-group>
                  <string-name>
                     <surname>Eco</surname>
                  </string-name>
               </person-group>
               <comment content-type="section">"Introduction: The Role of the Reader" and "The Poetics of the Open Work,"</comment>
               <fpage>3</fpage>
               <source>The Role of the Reader: Explorations in the Semiotics of Texts</source>
               <year>1979</year>
            </mixed-citation>
         </ref>
         <ref id="d30936e1419a1310">
            <mixed-citation id="d30936e1423" publication-type="book">
Eiseman, Alvord L.
1982 Charles Demuth (New York: Watson-Guptill).<person-group>
                  <string-name>
                     <surname>Eiseman</surname>
                  </string-name>
               </person-group>
               <source>Charles Demuth</source>
               <year>1982</year>
            </mixed-citation>
         </ref>
         <ref id="d30936e1449a1310">
            <mixed-citation id="d30936e1453" publication-type="book">
Elgar, Frank
1958 Van Gogh: A Study of His Life and Work, translated by James Cleugh (New
York: Praeger).<person-group>
                  <string-name>
                     <surname>Elgar</surname>
                  </string-name>
               </person-group>
               <source>Van Gogh: A Study of His Life and Work</source>
               <year>1958</year>
            </mixed-citation>
         </ref>
         <ref id="d30936e1482a1310">
            <mixed-citation id="d30936e1486" publication-type="journal">
Fairley, Irene R.
1981/82 "On Reading Poems: Visual and Verbal Icons in William Carlos Wil-
liams' 'Landscape with the Fall of Icarus,' " Studies in Twentieth-Century Litera-
ture 6: 67-97.<person-group>
                  <string-name>
                     <surname>Fairley</surname>
                  </string-name>
               </person-group>
               <fpage>67</fpage>
               <volume>6</volume>
               <source>Studies in Twentieth-Century Literature</source>
               <year>1981</year>
            </mixed-citation>
         </ref>
         <ref id="d30936e1524a1310">
            <mixed-citation id="d30936e1528" publication-type="book">
Farnham, Emily
1971 Charles Demuth: Behind a Laughing Mask (Norman: University of Oklahoma
Press).<person-group>
                  <string-name>
                     <surname>Farnham</surname>
                  </string-name>
               </person-group>
               <source>Charles Demuth: Behind a Laughing Mask</source>
               <year>1971</year>
            </mixed-citation>
         </ref>
         <ref id="d30936e1557a1310">
            <mixed-citation id="d30936e1561" publication-type="book">
Fhares, Alexander
1975 [1972] "Ikarus," in Kranz 1975: 86.<person-group>
                  <string-name>
                     <surname>Fhares</surname>
                  </string-name>
               </person-group>
               <comment content-type="section">Ikarus</comment>
               <fpage>86</fpage>
               <source>Ikarus</source>
            </mixed-citation>
         </ref>
         <ref id="d30936e1590a1310">
            <mixed-citation id="d30936e1594" publication-type="journal">
Geldzahler, Henry
1965 "Numbers in Time: Two American Paintings," Metropolitan Museum of Art
Bulletin 23: 295-99.<object-id pub-id-type="doi">10.2307/3258137</object-id>
               <fpage>295</fpage>
            </mixed-citation>
         </ref>
         <ref id="d30936e1613a1310">
            <mixed-citation id="d30936e1617" publication-type="book">
Goodman, Nelson
1976 [1968] Languages of Art: An Approach to the Theory of Symbols (Indianapolis:
Hackett).<person-group>
                  <string-name>
                     <surname>Goodman</surname>
                  </string-name>
               </person-group>
               <source>Languages of Art: An Approach to the Theory of Symbols</source>
               <year>1976</year>
            </mixed-citation>
         </ref>
         <ref id="d30936e1647a1310">
            <mixed-citation id="d30936e1651" publication-type="book">
Hughes, Robert
1982 The Shock of the New (New York: Knopf).<person-group>
                  <string-name>
                     <surname>Hughes</surname>
                  </string-name>
               </person-group>
               <source>The Shock of the New</source>
               <year>1982</year>
            </mixed-citation>
         </ref>
         <ref id="d30936e1676a1310">
            <mixed-citation id="d30936e1680" publication-type="book">
Jakobson, Roman
1971 [1959] "On Linguistic Aspects of Translation," in Selected Writings. Vol. 2,
Word and Language, 260-66 (The Hague: Mouton).<person-group>
                  <string-name>
                     <surname>Jakobson</surname>
                  </string-name>
               </person-group>
               <comment content-type="section">On Linguistic Aspects of Translation</comment>
               <fpage>260</fpage>
               <volume>2</volume>
               <source>Selected Writings</source>
               <year>1971</year>
            </mixed-citation>
         </ref>
         <ref id="d30936e1718a1310">
            <mixed-citation id="d30936e1722" publication-type="book">
Kandinsky, Wassily
1981 Sounds, translated and introduced by Elizabeth R. Napier (New Haven, cT:
Yale University Press).<person-group>
                  <string-name>
                     <surname>Kandinsky</surname>
                  </string-name>
               </person-group>
               <source>Sounds</source>
               <year>1981</year>
            </mixed-citation>
         </ref>
         <ref id="d30936e1751a1310">
            <mixed-citation id="d30936e1755" publication-type="book">
Kranz, Gisbert
1973 Das Bildgedicht in Europa: Zur Theorie und Geschichte einer literarischen Gattung
(Paderborn: Schéningh).<person-group>
                  <string-name>
                     <surname>Kranz</surname>
                  </string-name>
               </person-group>
               <source>Das Bildgedicht in Europa: Zur Theorie und Geschichte einer literarischen Gattung</source>
               <year>1973</year>
            </mixed-citation>
            <mixed-citation id="d30936e1783" publication-type="book">
1981 Das Bildgedicht: Theorie, Lexikon, Bibliographie. Literatur und Leben, N.S.
23. 2 vols. (Cologne: Béhlau).<person-group>
                  <string-name>
                     <surname>Kranz</surname>
                  </string-name>
               </person-group>
               <source>Das Bildgedicht: Theorie, Lexikon, Bibliographie. Literatur und Leben</source>
               <year>1981</year>
            </mixed-citation>
            <mixed-citation id="d30936e1807" publication-type="book">
1986 Meisterwerke in Bildgedichten: Rezeption von Kunst in der Poesie (Frankfurt am
Main: Lang).<person-group>
                  <string-name>
                     <surname>Kranz</surname>
                  </string-name>
               </person-group>
               <source>Meisterwerke in Bildgedichten: Rezeption von Kunst in der Poesie</source>
               <year>1986</year>
            </mixed-citation>
         </ref>
         <ref id="d30936e1832a1310">
            <mixed-citation id="d30936e1836" publication-type="book">
Kranz, Gisbert, ed.
1975 Gedichte auf Bilder: Anthologie und Galerie (Munich: dtv).<person-group>
                  <string-name>
                     <surname>Kranz</surname>
                  </string-name>
               </person-group>
               <source>Gedichte auf Bilder: Anthologie und Galerie</source>
               <year>1975</year>
            </mixed-citation>
         </ref>
         <ref id="d30936e1861a1310">
            <mixed-citation id="d30936e1865" publication-type="journal">
Layman, Lewis M.
1983/84 "Echoes of Walt Whitman's 'Bare-Bosomed Night' in Vincent van
Gogh's Starry Night," American Notes and Queries 12: 105-9.<person-group>
                  <string-name>
                     <surname>Layman</surname>
                  </string-name>
               </person-group>
               <fpage>105</fpage>
               <volume>12</volume>
               <source>American Notes and Queries</source>
               <year>1983</year>
            </mixed-citation>
         </ref>
         <ref id="d30936e1901a1310">
            <mixed-citation id="d30936e1905" publication-type="book">
Marling, William
1982 William Carlos Williams and the Painters (Athens: Ohio University Press).<person-group>
                  <string-name>
                     <surname>Marling</surname>
                  </string-name>
               </person-group>
               <source>William Carlos Williams and the Painters</source>
               <year>1982</year>
            </mixed-citation>
         </ref>
         <ref id="d30936e1930a1310">
            <mixed-citation id="d30936e1934" publication-type="book">
Mitchell, Breon, ed.
1981 The Complete Illustrations from Delacroix's "Faust" and Manet's "The Raven"
(Bloomington: Lilly Library of Indiana University; New York: Dover).<person-group>
                  <string-name>
                     <surname>Mitchell</surname>
                  </string-name>
               </person-group>
               <source>The Complete Illustrations from Delacroix's "Faust" and Manet's "The Raven"</source>
               <year>1981</year>
            </mixed-citation>
         </ref>
         <ref id="d30936e1963a1310">
            <mixed-citation id="d30936e1967" publication-type="book">
Pickvance, Ronald
1986 Van Gogh in Saint-Remy and Auvers (New York: Metropolitan Museum of
Art, Abrams).<person-group>
                  <string-name>
                     <surname>Pickvance</surname>
                  </string-name>
               </person-group>
               <source>Van Gogh in Saint-Remy and Auvers</source>
               <year>1986</year>
            </mixed-citation>
         </ref>
         <ref id="d30936e1996a1310">
            <mixed-citation id="d30936e2000" publication-type="other">
Plaza, Julio
1985 "Sobre traduaio inter-semiotica." Ph.D. diss., Pontificia Universidade Cat6-
lica, São Paulo.</mixed-citation>
         </ref>
         <ref id="d30936e2013a1310">
            <mixed-citation id="d30936e2017" publication-type="book">
Ponnau, Gwenhael
1986 "Avant-propos," in Transpositions, edited by Andree Mansau and G. Ponnau,
7-8. Travaux de l'Universite de Toulouse-Le Mirail, A-38 (Toulouse: Service
des Publications U.T.M.).<person-group>
                  <string-name>
                     <surname>Ponnau</surname>
                  </string-name>
               </person-group>
               <comment content-type="section">Avant-propos</comment>
               <fpage>7</fpage>
               <source>Transpositions</source>
               <year>1986</year>
            </mixed-citation>
         </ref>
         <ref id="d30936e2055a1310">
            <mixed-citation id="d30936e2059" publication-type="journal">
St.-Pierre, Paul
1985 "Translation and Writing," Texte 4: 223-33.<person-group>
                  <string-name>
                     <surname>St.-pierre</surname>
                  </string-name>
               </person-group>
               <fpage>223</fpage>
               <volume>4</volume>
               <source>Texte</source>
               <year>1985</year>
            </mixed-citation>
         </ref>
         <ref id="d30936e2092a1310">
            <mixed-citation id="d30936e2096" publication-type="book">
Sayre, Henry M.
1983 The Visual Text of William Carlos Williams (Urbana: University of Illinois
Press).<person-group>
                  <string-name>
                     <surname>Sayre</surname>
                  </string-name>
               </person-group>
               <source>The Visual Text of William Carlos Williams</source>
               <year>1983</year>
            </mixed-citation>
         </ref>
         <ref id="d30936e2125a1310">
            <mixed-citation id="d30936e2129" publication-type="book">
Schapiro, Meyer
1950 Vincent van Gogh (New York: Abram).<person-group>
                  <string-name>
                     <surname>Schapiro</surname>
                  </string-name>
               </person-group>
               <source>Vincent van Gogh</source>
               <year>1950</year>
            </mixed-citation>
         </ref>
         <ref id="d30936e2154a1310">
            <mixed-citation id="d30936e2158" publication-type="book">
Sexton, Anne
1962 "The Starry Night," in All My Pretty Ones, 9 (Boston: Houghton Mifflin;
Cambridge: Riverside Press).<person-group>
                  <string-name>
                     <surname>Sexton</surname>
                  </string-name>
               </person-group>
               <comment content-type="section">The Starry Night</comment>
               <fpage>9</fpage>
               <source>All My Pretty Ones</source>
               <year>1962</year>
            </mixed-citation>
         </ref>
         <ref id="d30936e2193a1310">
            <mixed-citation id="d30936e2197" publication-type="book">
Steiner, Wendy
1982 The Colors of Rhetoric: Problems in the Relation between Modern Literature and
Painting (Chicago: University of Chicago Press).<person-group>
                  <string-name>
                     <surname>Steiner</surname>
                  </string-name>
               </person-group>
               <source>The Colors of Rhetoric: Problems in the Relation between Modern Literature and Painting</source>
               <year>1982</year>
            </mixed-citation>
         </ref>
         <ref id="d30936e2226a1310">
            <mixed-citation id="d30936e2230" publication-type="book">
Tashjian, Dickran
1978 William Carlos Williams and the American Scene, 1920-1940 (New York: Whit-
ney Museum of American Art; Berkeley: University of California Press).<person-group>
                  <string-name>
                     <surname>Tashjian</surname>
                  </string-name>
               </person-group>
               <source>William Carlos Williams and the American Scene, 1920-1940</source>
               <year>1978</year>
            </mixed-citation>
         </ref>
         <ref id="d30936e2259a1310">
            <mixed-citation id="d30936e2263" publication-type="book">
Taylor, John F. A.
1964 Design and Expression in the Visual Arts (New York: Dover).<person-group>
                  <string-name>
                     <surname>Taylor</surname>
                  </string-name>
               </person-group>
               <source>Design and Expression in the Visual Arts</source>
               <year>1964</year>
            </mixed-citation>
         </ref>
         <ref id="d30936e2289a1310">
            <mixed-citation id="d30936e2293" publication-type="book">
Watson, Burton, trans. and ed.
1984 The Columbia Book of Chinese Poetry: From Early Times to the Thirteenth Century
(New York: Columbia University Press).<person-group>
                  <string-name>
                     <surname>Watson</surname>
                  </string-name>
               </person-group>
               <source>The Columbia Book of Chinese Poetry: From Early Times to the Thirteenth Century</source>
               <year>1984</year>
            </mixed-citation>
         </ref>
         <ref id="d30936e2322a1310">
            <mixed-citation id="d30936e2326" publication-type="journal">
Weisstein, Ulrich
1978 "Verbal Paintings, Fugal Poems, Literary Collages and the Metamorphic
Comparatist," Yearbook of Comparative and General Literature 27: 7-18.<person-group>
                  <string-name>
                     <surname>Weisstein</surname>
                  </string-name>
               </person-group>
               <fpage>7</fpage>
               <volume>27</volume>
               <source>Yearbook of Comparative and General Literature</source>
               <year>1978</year>
            </mixed-citation>
            <mixed-citation id="d30936e2360" publication-type="journal">
1982 "The Partridge without a Pear Tree: Pieter Brueghel the Elder as an
Illustrator of Ovid," Comparative Criticism 4: 55-83.<person-group>
                  <string-name>
                     <surname>Weisstein</surname>
                  </string-name>
               </person-group>
               <fpage>55</fpage>
               <volume>4</volume>
               <source>Comparative Criticism</source>
               <year>1982</year>
            </mixed-citation>
         </ref>
         <ref id="d30936e2392a1310">
            <mixed-citation id="d30936e2396" publication-type="book">
Williams, William Carlos
1921 Sour Grapes (Boston: Four Seas).<person-group>
                  <string-name>
                     <surname>Williams</surname>
                  </string-name>
               </person-group>
               <source>Sour Grapes</source>
               <year>1921</year>
            </mixed-citation>
            <mixed-citation id="d30936e2420" publication-type="book">
1938 The Complete Collected Poems of William Carlos Williams 1906-1938 (Norfolk,
CT: New Directions).<person-group>
                  <string-name>
                     <surname>Williams</surname>
                  </string-name>
               </person-group>
               <source>The Complete Collected Poems of William Carlos Williams 1906-1938</source>
               <year>1938</year>
            </mixed-citation>
            <mixed-citation id="d30936e2444" publication-type="book">
1951 The Autobiography of William Carlos Williams (New York: New Directions).<person-group>
                  <string-name>
                     <surname>Williams</surname>
                  </string-name>
               </person-group>
               <source>The Autobiography of William Carlos Williams</source>
               <year>1951</year>
            </mixed-citation>
            <mixed-citation id="d30936e2465" publication-type="book">
1962 "Landscape with the Fall of Icarus," in Pictures from Brueghel and Other
Poems: Collected Poems 1950-1962, 4 (New York: New Directions).<person-group>
                  <string-name>
                     <surname>Williams</surname>
                  </string-name>
               </person-group>
               <comment content-type="section">Landscape with the Fall of Icarus</comment>
               <volume>4</volume>
               <source>Pictures from Brueghel and Other Poems: Collected Poems 1950-1962</source>
               <year>1962</year>
            </mixed-citation>
         </ref>
         <ref id="d30936e2497a1310">
            <mixed-citation id="d30936e2501" publication-type="book">
Wilss, Wolfram
1977 Ubersetzungswissenschaft: Probleme und Methoden (Stuttgart: Klett).<person-group>
                  <string-name>
                     <surname>Wilss</surname>
                  </string-name>
               </person-group>
               <source>Ubersetzungswissenschaft: Probleme und Methoden</source>
               <year>1977</year>
            </mixed-citation>
         </ref>
      </ref-list>
   </back>
</article>
