<article dtd-version="1.0" article-type="research-article">
   <front>
      <journal-meta>
         <journal-id xmlns:xlink="http://www.w3.org/1999/xlink" journal-id-type="jstor">poeticstoday</journal-id>
         <journal-id xmlns:xlink="http://www.w3.org/1999/xlink" journal-id-type="jstor">j100659</journal-id>
         <journal-title-group xmlns:xlink="http://www.w3.org/1999/xlink">
            <journal-title>Poetics Today</journal-title>
         </journal-title-group>
         <publisher>
            <publisher-name>Porter Institute for Poetics and Semiotics</publisher-name>
         </publisher>
         <issn xmlns:xlink="http://www.w3.org/1999/xlink" pub-type="ppub">03335372</issn>
         <issn xmlns:xlink="http://www.w3.org/1999/xlink" pub-type="epub">15275507</issn>
      </journal-meta>
      <article-meta>
         <article-id xmlns:xlink="http://www.w3.org/1999/xlink" pub-id-type="doi">10.2307/1772397</article-id>
         <article-categories>
            <subj-group>
               <subject>Concrete Poetry</subject>
            </subj-group>
         </article-categories>
         <title-group>
            <article-title>The Informational Temperature of the Text</article-title>
         </title-group>
         <contrib-group>
            <contrib contrib-type="author">
               <string-name xmlns:xlink="http://www.w3.org/1999/xlink">
                  <given-names>Haroldo</given-names>
                  <surname>de Campos</surname>
               </string-name>
            </contrib>
            <contrib contrib-type="author">
               <string-name xmlns:xlink="http://www.w3.org/1999/xlink">
                  <given-names>Jon M.</given-names>
                  <surname>Tolman</surname>
               </string-name>
            </contrib>
         </contrib-group>
         <pub-date xmlns:xlink="http://www.w3.org/1999/xlink">
            <day>1</day>
            <month>7</month>
            <year>1982</year>
         </pub-date>
         <volume>3</volume>
         <issue>3</issue>
         <issue-id xmlns:xlink="http://www.w3.org/1999/xlink">i303057</issue-id>
         <fpage>177</fpage>
         <lpage>187</lpage>
         <page-range>177-187</page-range>
         <permissions>
            <copyright-statement>Copyright The Porter Institute for Poetics and Semiotics Tel Aviv University</copyright-statement>
         </permissions>
         <self-uri xmlns:xlink="http://www.w3.org/1999/xlink"
                   xlink:href="http://www.jstor.org/stable/1772397"/>
         <custom-meta-group xmlns:xlink="http://www.w3.org/1999/xlink">
            <custom-meta>
               <meta-name>lang</meta-name>
               <meta-value>eng</meta-value>
            </custom-meta>
         </custom-meta-group>
      </article-meta>
   </front>
   <back>
      <fn-group xmlns:xlink="http://www.w3.org/1999/xlink">
         <title>[Footnotes]</title>
         <fn id="d9180e135a1310">
            <label>1</label>
            <p>
               <mixed-citation id="d9180e142" publication-type="book">
B. Mandelbrot 1957: 1-78  <fpage>1</fpage>
               </mixed-citation>
            </p>
            <p>
               <mixed-citation id="d9180e153" publication-type="journal">
Augenblick 2 (1958), "Klassification
in der Literaturtheorie." [TN]<person-group>
                     <string-name>
                        <surname>Augenblick</surname>
                     </string-name>
                  </person-group>
                  <volume>2</volume>
                  <source>Klassification in der Literaturtheorie</source>
                  <year>1958</year>
               </mixed-citation>
            </p>
         </fn>
         <fn id="d9180e182a1310">
            <label>2</label>
            <p>
               <mixed-citation id="d9180e189" publication-type="book">
Max Bense (1958c)  </mixed-citation>
            </p>
         </fn>
      </fn-group>
      <ref-list>
         <title>References</title>
         <ref id="d9180e207a1310">
            <mixed-citation id="d9180e211" publication-type="book">
Bense, Max, 1958a. Aesthetica II (Baden-Baden: Agis-Verlag).<person-group>
                  <string-name xmlns:xlink="http://www.w3.org/1999/xlink">
                     <surname>Bense</surname>
                  </string-name>
               </person-group>
               <source>Aesthetica II</source>
               <year>1958</year>
            </mixed-citation>
            <mixed-citation id="d9180e232" publication-type="book">
1958b "Das Existenz-Problem der Kunst," Augenblick 1.<person-group>
                  <string-name xmlns:xlink="http://www.w3.org/1999/xlink">
                     <surname>Bense</surname>
                  </string-name>
               </person-group>
               <comment content-type="section">Das Existenz-Problem der Kunst</comment>
               <source>Augenblick 1</source>
               <year>1958</year>
            </mixed-citation>
            <mixed-citation id="d9180e256" publication-type="book">
1958c "Klassification in der Literaturtheorie," Augenblick 2.<person-group>
                  <string-name xmlns:xlink="http://www.w3.org/1999/xlink">
                     <surname>Bense</surname>
                  </string-name>
               </person-group>
               <comment content-type="section">Klassification in der Literaturtheorie</comment>
               <source>Augenblick 2</source>
               <year>1958</year>
            </mixed-citation>
            <mixed-citation id="d9180e280" publication-type="book">
1958d "Konkrete Malerei," Aesthetica III (Baden-Baden: Agis-Verlag)<person-group>
                  <string-name xmlns:xlink="http://www.w3.org/1999/xlink">
                     <surname>Bense</surname>
                  </string-name>
               </person-group>
               <comment content-type="section">Konkrete Malerei</comment>
               <source>Aesthetica III</source>
               <year>1958</year>
            </mixed-citation>
            <mixed-citation id="d9180e305" publication-type="book">
1962 Theorie der Texte (K61n: Kiepenheuer &amp; Witsch).<person-group>
                  <string-name xmlns:xlink="http://www.w3.org/1999/xlink">
                     <surname>Bense</surname>
                  </string-name>
               </person-group>
               <source>Theorie der Texte</source>
               <year>1962</year>
            </mixed-citation>
         </ref>
         <ref id="d9180e327a1310">
            <mixed-citation id="d9180e331" publication-type="book">
Fenollosa, Ernest, 1936. The Chinese Written Character as a Medium for Poetry (New York:
Arrow Editions).<person-group>
                  <string-name xmlns:xlink="http://www.w3.org/1999/xlink">
                     <surname>Fenollosa</surname>
                  </string-name>
               </person-group>
               <source>The Chinese Written Character as a Medium for Poetry</source>
               <year>1936</year>
            </mixed-citation>
         </ref>
         <ref id="d9180e356a1310">
            <mixed-citation id="d9180e360" publication-type="book">
Ferlinghetti, Lawrence, 1956. The Pound Newsletter (Mimeo).<person-group>
                  <string-name xmlns:xlink="http://www.w3.org/1999/xlink">
                     <surname>Ferlinghetti</surname>
                  </string-name>
               </person-group>
               <source>The Pound Newsletter</source>
               <year>1956</year>
            </mixed-citation>
         </ref>
         <ref id="d9180e382a1310">
            <mixed-citation id="d9180e386" publication-type="book">
Levin, Harry, 1960. James Joyce (New York: New Directions).<person-group>
                  <string-name xmlns:xlink="http://www.w3.org/1999/xlink">
                     <surname>Levin</surname>
                  </string-name>
               </person-group>
               <source>James Joyce</source>
               <year>1960</year>
            </mixed-citation>
         </ref>
         <ref id="d9180e409a1310">
            <mixed-citation id="d9180e413" publication-type="book">
Mandelbrot, B., 1957. Linguistique Statistique Macroscopique, in: Etudes d'Epistemologie
GMnitique, Vol. III (Logique, Langage et Thdorie de I'Information) (Paris: Presses Univer-
sitaires de France).<person-group>
                  <string-name xmlns:xlink="http://www.w3.org/1999/xlink">
                     <surname>Mandelbrot</surname>
                  </string-name>
               </person-group>
               <comment content-type="section">Linguistique Statistique Macroscopique</comment>
               <volume>III</volume>
               <source>Etudes d'Epistemologie GMnitique</source>
               <year>1957</year>
            </mixed-citation>
         </ref>
         <ref id="d9180e448a1310">
            <mixed-citation id="d9180e452" publication-type="book">
Miller, G. A., 1951. Language and Communication (New York: McGraw-Hill).<person-group>
                  <string-name xmlns:xlink="http://www.w3.org/1999/xlink">
                     <surname>Miller</surname>
                  </string-name>
               </person-group>
               <source>Language and Communication</source>
               <year>1951</year>
            </mixed-citation>
         </ref>
         <ref id="d9180e474a1310">
            <mixed-citation id="d9180e478" publication-type="book">
Obradovic, Adelheid, 1934. Die Behandlung der Raumlichkeit im spaeteren Werk des James
Joyce (Marburg).<person-group>
                  <string-name xmlns:xlink="http://www.w3.org/1999/xlink">
                     <surname>Obradovic</surname>
                  </string-name>
               </person-group>
               <source>Die Behandlung der Raumlichkeit im spaeteren Werk des James Joyce</source>
               <year>1934</year>
            </mixed-citation>
         </ref>
         <ref id="d9180e503a1310">
            <mixed-citation id="d9180e507" publication-type="book">
Pignatari, D&amp;cio, 1975. "New Poetry: Concrete," in Campos, et al. Teoria da Poesia Concreta,
2nd ed. (Sao Paulo: Duas Cidades).<person-group>
                  <string-name xmlns:xlink="http://www.w3.org/1999/xlink">
                     <surname>Pignatari</surname>
                  </string-name>
               </person-group>
               <edition>2</edition>
               <comment content-type="section">New Poetry: Concrete</comment>
               <source>Teoria da Poesia Concreta</source>
               <year>1975</year>
            </mixed-citation>
         </ref>
         <ref id="d9180e539a1310">
            <mixed-citation id="d9180e543" publication-type="book">
Pound, Ezra, 1951. Letters 1907-1941, ed. D. D. Paige (London: Faber and Faber).<person-group>
                  <string-name xmlns:xlink="http://www.w3.org/1999/xlink">
                     <surname>Pound</surname>
                  </string-name>
               </person-group>
               <source>Letters 1907-1941</source>
               <year>1951</year>
            </mixed-citation>
         </ref>
         <ref id="d9180e565a1310">
            <mixed-citation id="d9180e569" publication-type="book">
Rothenberg, Jerome, 1968. The Book of Hours and Constellations. Poems of Eugen Gomringer
(New York: Something Else Press).<person-group>
                  <string-name xmlns:xlink="http://www.w3.org/1999/xlink">
                     <surname>Rothenberg</surname>
                  </string-name>
               </person-group>
               <source>The Book of Hours and Constellations</source>
               <year>1968</year>
            </mixed-citation>
         </ref>
         <ref id="d9180e595a1310">
            <mixed-citation id="d9180e599" publication-type="book">
Shannon, Claude E. and Warren Weaver, 1964. The Mathematical Theory of Communication
(Urbana: The University of Illinois Press).<person-group>
                  <string-name xmlns:xlink="http://www.w3.org/1999/xlink">
                     <surname>Shannon</surname>
                  </string-name>
               </person-group>
               <source>The Mathematical Theory of Communication</source>
               <year>1964</year>
            </mixed-citation>
         </ref>
         <ref id="d9180e624a1310">
            <mixed-citation id="d9180e628" publication-type="book">
Zipf, George K., 1949. Human Behavior and the Principle of Least Effort (Cambridge:
Addison).<person-group>
                  <string-name xmlns:xlink="http://www.w3.org/1999/xlink">
                     <surname>Zipf</surname>
                  </string-name>
               </person-group>
               <source>Human Behavior and the Principle of Least Effort</source>
               <year>1949</year>
            </mixed-citation>
         </ref>
      </ref-list>
   </back>
</article>
