<article dtd-version="1.0" article-type="research-article">
   <front>
      <journal-meta>
         <journal-id xmlns:xlink="http://www.w3.org/1999/xlink" journal-id-type="jstor">poeticstoday</journal-id>
         <journal-id xmlns:xlink="http://www.w3.org/1999/xlink" journal-id-type="jstor">j100659</journal-id>
         <journal-title-group xmlns:xlink="http://www.w3.org/1999/xlink">
            <journal-title>Poetics Today</journal-title>
         </journal-title-group>
         <publisher>
            <publisher-name>Porter Institute for Poetics and Semiotics</publisher-name>
         </publisher>
         <issn xmlns:xlink="http://www.w3.org/1999/xlink" pub-type="ppub">03335372</issn>
         <issn xmlns:xlink="http://www.w3.org/1999/xlink" pub-type="epub">15275507</issn>
      </journal-meta>
      <article-meta>
         <article-id xmlns:xlink="http://www.w3.org/1999/xlink" pub-id-type="doi">10.2307/1772255</article-id>
         <title-group>
            <article-title>Some Functions of Figures in Novelistic Description</article-title>
         </title-group>
         <contrib-group>
            <contrib contrib-type="author">
               <string-name xmlns:xlink="http://www.w3.org/1999/xlink">
                  <given-names>Raymonde</given-names>
                  <surname>Debray-Genette</surname>
               </string-name>
            </contrib>
            <contrib contrib-type="author">
               <string-name xmlns:xlink="http://www.w3.org/1999/xlink">
                  <given-names>Barbara</given-names>
                  <surname>Benavie</surname>
               </string-name>
            </contrib>
         </contrib-group>
         <pub-date xmlns:xlink="http://www.w3.org/1999/xlink">
            <day>1</day>
            <month>1</month>
            <year>1984</year>
         </pub-date>
         <volume>5</volume>
         <issue>4</issue>
         <issue-id xmlns:xlink="http://www.w3.org/1999/xlink">i303066</issue-id>
         <fpage>677</fpage>
         <lpage>688</lpage>
         <page-range>677-688</page-range>
         <permissions>
            <copyright-statement>Copyright The Porter Institute for Poetics and Semiotics Tel Aviv University</copyright-statement>
         </permissions>
         <self-uri xmlns:xlink="http://www.w3.org/1999/xlink"
                   xlink:href="http://www.jstor.org/stable/1772255"/>
         <custom-meta-group xmlns:xlink="http://www.w3.org/1999/xlink">
            <custom-meta>
               <meta-name>lang</meta-name>
               <meta-value>eng</meta-value>
            </custom-meta>
         </custom-meta-group>
      </article-meta>
   </front>
   <back>
      <fn-group xmlns:xlink="http://www.w3.org/1999/xlink">
         <title>[Footnotes]</title>
         <fn id="d27094e126a1310">
            <label>1</label>
            <p>
               <mixed-citation id="d27094e133" publication-type="journal">
Debray-Genette (1980).  </mixed-citation>
            </p>
         </fn>
         <fn id="d27094e142a1310">
            <label>3</label>
            <p>
               <mixed-citation id="d27094e149" publication-type="book">
Manet is said to have been inspired by the Rural Concert of Giorgione (1477-1510)<person-group>
                     <string-name>
                        <surname>Manet</surname>
                     </string-name>
                  </person-group>
                  <source>Rural Concert</source>
                  <year>1510</year>
               </mixed-citation>
            </p>
         </fn>
         <fn id="d27094e171a1310">
            <label>4</label>
            <p>
               <mixed-citation id="d27094e178" publication-type="book">
Sandoz, "the writer who, in spite of himself,
was sometimes tempted to introduce literature into painting" (Zola 1973:33, 47).<person-group>
                     <string-name>
                        <surname>Sandoz</surname>
                     </string-name>
                  </person-group>
                  <fpage>47</fpage>
                  <volume>33</volume>
                  <source>the writer who, in spite of himself, was sometimes tempted to introduce literature into painting</source>
                  <year>1973</year>
               </mixed-citation>
            </p>
         </fn>
      </fn-group>
      <ref-list>
         <title>References</title>
         <ref id="d27094e219a1310">
            <mixed-citation id="d27094e223" publication-type="book">
Beaujour, Michel, 1980. Miroirs d'encre (Paris: Seuil).<person-group>
                  <string-name xmlns:xlink="http://www.w3.org/1999/xlink">
                     <surname>Beaujour</surname>
                  </string-name>
               </person-group>
               <source>Miroirs d'encre</source>
               <year>1980</year>
            </mixed-citation>
         </ref>
         <ref id="d27094e245a1310">
            <mixed-citation id="d27094e249" publication-type="journal">
Debray-Genette, Raymonde, 1980. "La Pierre descriptive," Poétique 48.<person-group>
                  <string-name xmlns:xlink="http://www.w3.org/1999/xlink">
                     <surname>Debray-Genette</surname>
                  </string-name>
               </person-group>
               <volume>48</volume>
               <source>Poétique</source>
               <year>1980</year>
            </mixed-citation>
         </ref>
         <ref id="d27094e274a1310">
            <mixed-citation id="d27094e278" publication-type="book">
Flaubert, Gustave, 1976. Madame Bovary, ed. C. Gothot-Mersch (Paris: Garnier).<person-group>
                  <string-name xmlns:xlink="http://www.w3.org/1999/xlink">
                     <surname>Flaubert</surname>
                  </string-name>
               </person-group>
               <source>Madame Bovary</source>
               <year>1976</year>
            </mixed-citation>
            <mixed-citation id="d27094e299" publication-type="book">
1980 Flaubert: Correspondance, vol. II, ed. Jean Bruneau (Paris: Bibliothèque de la
Pleiade).<person-group>
                  <string-name xmlns:xlink="http://www.w3.org/1999/xlink">
                     <surname>Flaubert</surname>
                  </string-name>
               </person-group>
               <volume>II</volume>
               <source>Correspondance</source>
               <year>1980</year>
            </mixed-citation>
         </ref>
         <ref id="d27094e328a1310">
            <mixed-citation id="d27094e332" publication-type="book">
Fumaroli, Marc, 1980. L 'âge de l'eloquence (Paris: Droz).<person-group>
                  <string-name xmlns:xlink="http://www.w3.org/1999/xlink">
                     <surname>Fumaroli</surname>
                  </string-name>
               </person-group>
               <source>L ''âge de l'eloquence</source>
               <year>1980</year>
            </mixed-citation>
         </ref>
         <ref id="d27094e355a1310">
            <mixed-citation id="d27094e359" publication-type="book">
Gombrich, Ernst, 1969. Art and Illusion: A Study in the Psychology of Pictorial Repre-
sentation (Princeton, NJ.: Princeton UP).<person-group>
                  <string-name xmlns:xlink="http://www.w3.org/1999/xlink">
                     <surname>Gombrich</surname>
                  </string-name>
               </person-group>
               <source>Art and Illusion: A Study in the Psychology of Pictorial Representation</source>
               <year>1969</year>
            </mixed-citation>
         </ref>
         <ref id="d27094e384a1310">
            <mixed-citation id="d27094e388" publication-type="book">
Goncourt, E. and J., 1979. Germinie Lacerteux (Paris: 10/18).<person-group>
                  <string-name xmlns:xlink="http://www.w3.org/1999/xlink">
                     <surname>Goncourt</surname>
                  </string-name>
               </person-group>
               <source>Germinie Lacerteux</source>
               <year>1979</year>
            </mixed-citation>
         </ref>
         <ref id="d27094e410a1310">
            <mixed-citation id="d27094e414" publication-type="book">
Hamon, Philippe, 1981. Introduction à l'analyse du descriptif (Paris: Hachette).<person-group>
                  <string-name xmlns:xlink="http://www.w3.org/1999/xlink">
                     <surname>Hamon</surname>
                  </string-name>
               </person-group>
               <source>Introduction à l'analyse du descriptif</source>
               <year>1981</year>
            </mixed-citation>
         </ref>
         <ref id="d27094e436a1310">
            <mixed-citation id="d27094e440" publication-type="journal">
Kittay, Jeffrey, ed., 1981. "Toward a Theory of Description," Yale French Studies 6.<person-group>
                  <string-name xmlns:xlink="http://www.w3.org/1999/xlink">
                     <surname>Kittay</surname>
                  </string-name>
               </person-group>
               <volume>6</volume>
               <source>Yale French Studies</source>
               <year>1981</year>
            </mixed-citation>
         </ref>
         <ref id="d27094e465a1310">
            <mixed-citation id="d27094e469" publication-type="book">
Lyotard, Jean-Franqois, 1971. Discours, Figures (Paris: Klincksieck).<person-group>
                  <string-name xmlns:xlink="http://www.w3.org/1999/xlink">
                     <surname>Lyotard</surname>
                  </string-name>
               </person-group>
               <source>Discours, Figures</source>
               <year>1971</year>
            </mixed-citation>
         </ref>
         <ref id="d27094e491a1310">
            <mixed-citation id="d27094e495" publication-type="book">
Riffaterre, Michael, 1979. La production du texte (Paris: Seuil).<person-group>
                  <string-name xmlns:xlink="http://www.w3.org/1999/xlink">
                     <surname>Riffaterre</surname>
                  </string-name>
               </person-group>
               <source>La production du texte</source>
               <year>1979</year>
            </mixed-citation>
         </ref>
         <ref id="d27094e518a1310">
            <mixed-citation id="d27094e522" publication-type="book">
Tatius, Achille, 1958. Leucippé et Clitophon, Romans grecs et latins (Paris: Bibliothèque de
la Pléiade).<person-group>
                  <string-name xmlns:xlink="http://www.w3.org/1999/xlink">
                     <surname>Tatius</surname>
                  </string-name>
               </person-group>
               <source>Leucippeé et Clitophon, Romans grecs et latins</source>
               <year>1958</year>
            </mixed-citation>
         </ref>
         <ref id="d27094e547a1310">
            <mixed-citation id="d27094e551" publication-type="book">
Zola, Emile, 1973. Les Rougon-Macquart, vol. IV (Paris: Bibliothèque de la Pléiade).<person-group>
                  <string-name xmlns:xlink="http://www.w3.org/1999/xlink">
                     <surname>Zola</surname>
                  </string-name>
               </person-group>
               <volume>IV</volume>
               <source>Les Rougon-Macquart</source>
               <year>1973</year>
            </mixed-citation>
         </ref>
      </ref-list>
   </back>
</article>
