<article xmlns:xsi="http://www.w3.org/2001/XMLSchema-instance"
         xmlns:xlink="http://www.w3.org/1999/xlink"
         xmlns:mml="http://www.w3.org/1998/Math/MathML"
         dtd-version="1.0"
         article-type="research-article">
   <front>
      <journal-meta>
         <journal-id journal-id-type="jstor">poeticstoday</journal-id>
         <journal-id journal-id-type="jstor">j100659</journal-id>
         <journal-title-group>
            <journal-title>Poetics Today</journal-title>
         </journal-title-group>
         <publisher>
            <publisher-name>Duke University Press</publisher-name>
         </publisher>
         <issn pub-type="ppub">03335372</issn>
         <issn pub-type="epub">15275507</issn>
      </journal-meta>
      <article-meta>
         <article-id pub-id-type="doi">10.2307/1772827</article-id>
         <title-group>
            <article-title>The Problem of History in the Fiction of J. M. Coetzee</article-title>
         </title-group>
         <contrib-group>
            <contrib contrib-type="author">
               <string-name>
                  <given-names>David</given-names>
                  <surname>Attwell</surname>
               </string-name>
            </contrib>
         </contrib-group>
         <pub-date>
            <day>1</day>
            <month>10</month>
            <year>1990</year>
         </pub-date>
         <volume>11</volume>
         <issue>3</issue>
         <issue-id>i303087</issue-id>
         <fpage>579</fpage>
         <lpage>615</lpage>
         <page-range>579-615</page-range>
         <permissions>
            <copyright-statement>Copyright 1990 The Porter Institute for Poetics and Semiotics, Tel Aviv University</copyright-statement>
         </permissions>
         <self-uri xlink:href="http://www.jstor.org/stable/1772827"/>
         <custom-meta-group>
            <custom-meta>
               <meta-name>lang</meta-name>
               <meta-value>eng</meta-value>
            </custom-meta>
         </custom-meta-group>
      </article-meta>
   </front>
   <back>
      <fn-group>
         <title>[Footnotes]</title>
         <fn id="d24831e114a1310">
            <label>2</label>
            <p>
               <mixed-citation id="d24831e121" publication-type="other">
footnote 6</mixed-citation>
            </p>
         </fn>
         <fn id="d24831e128a1310">
            <label>4</label>
            <p>
               <mixed-citation id="d24831e135" publication-type="book">
Gramsci's Prison Notebooks in her epi-
graph toJuly's People (1981)<person-group>
                     <string-name>
                        <surname>Gramsci</surname>
                     </string-name>
                  </person-group>
                  <comment content-type="section">Prison Notebooks</comment>
                  <source>July's People</source>
                  <year>1981</year>
               </mixed-citation>
            </p>
         </fn>
         <fn id="d24831e164a1310">
            <label>5</label>
            <p>
               <mixed-citation id="d24831e173" publication-type="journal">
Morris 1987  </mixed-citation>
            </p>
         </fn>
         <fn id="d24831e182a1310">
            <label>6</label>
            <p>
               <mixed-citation id="d24831e191" publication-type="other">
Press 1988: 36-
37</mixed-citation>
            </p>
         </fn>
         <fn id="d24831e202a1310">
            <label>7</label>
            <p>
               <mixed-citation id="d24831e209" publication-type="book">
White Writing (1988b)<source>White Writing</source>
                  <year>1988</year>
               </mixed-citation>
            </p>
         </fn>
         <fn id="d24831e222a1310">
            <label>10</label>
            <p>
               <mixed-citation id="d24831e229" publication-type="journal">
Menan Du Plessis's (1981)  </mixed-citation>
            </p>
            <p>
               <mixed-citation id="d24831e237" publication-type="book">
Lacan's The Language of the Self<person-group>
                     <string-name>
                        <surname>Lacan</surname>
                     </string-name>
                  </person-group>
                  <source>The Language of the Self</source>
               </mixed-citation>
            </p>
            <p>
               <mixed-citation id="d24831e255" publication-type="book">
Hegel's Phenomenology of Mind<person-group>
                     <string-name>
                        <surname>Hegel</surname>
                     </string-name>
                  </person-group>
                  <source>Phenomenology of Mind</source>
               </mixed-citation>
            </p>
         </fn>
         <fn id="d24831e274a1310">
            <label>11</label>
            <p>
               <mixed-citation id="d24831e281" publication-type="journal">
Stephen Watson (1986)  </mixed-citation>
            </p>
            <p>
               <mixed-citation id="d24831e289" publication-type="journal">
Neil Lazarus (1987)  </mixed-citation>
            </p>
         </fn>
      </fn-group>
      <ref-list>
         <title>References</title>
         <ref id="d24831e307a1310">
            <mixed-citation id="d24831e311" publication-type="book">
Arnold, Matthew
1932 [1869] Culture and Anarchy (Cambridge: Cambridge University Press).<person-group>
                  <string-name>
                     <surname>Arnold</surname>
                  </string-name>
               </person-group>
               <source>Culture and Anarchy</source>
               <year>1932</year>
            </mixed-citation>
         </ref>
         <ref id="d24831e336a1310">
            <mixed-citation id="d24831e340" publication-type="book">
Banfield, Ann
1982 Unspeakable Sentences: Narration and Representation in the Language of Fiction
(Boston: Routledge and Kegan Paul).<person-group>
                  <string-name>
                     <surname>Banfield</surname>
                  </string-name>
               </person-group>
               <source>Unspeakable Sentences: Narration and Representation in the Language of Fiction</source>
               <year>1982</year>
            </mixed-citation>
         </ref>
         <ref id="d24831e369a1310">
            <label>13</label>
            <mixed-citation id="d24831e376" publication-type="book">
Unspeakable Sentences: Narration and Representation in the Language of Fiction
(1982)<source>Unspeakable Sentences: Narration and Representation in the Language of Fiction</source>
               <year>1982</year>
            </mixed-citation>
         </ref>
         <ref id="d24831e392a1310">
            <mixed-citation id="d24831e396" publication-type="book">
Barthes, Roland
1977 [1966] "Introduction to the Structural Analysis of Narratives," in Image-
Music-Text, 79-124 (London: Fontana).<person-group>
                  <string-name>
                     <surname>Barthes</surname>
                  </string-name>
               </person-group>
               <comment content-type="section">Introduction to the Structural Analysis of Narratives</comment>
               <fpage>79</fpage>
               <source>Image Music-Text</source>
               <year>1977</year>
            </mixed-citation>
         </ref>
         <ref id="d24831e432a1310">
            <mixed-citation id="d24831e436" publication-type="book">
Beckett, Samuel
1965 [ 1955] Three Novels by Samuel Beckett: Molloy, Malone Dies and The Unnamable
(New York: Grove Press).<person-group>
                  <string-name>
                     <surname>Beckett</surname>
                  </string-name>
               </person-group>
               <source>Three Novels by Samuel Beckett: Molloy, Malone Dies and The Unnamable</source>
               <year>1965</year>
            </mixed-citation>
         </ref>
         <ref id="d24831e465a1310">
            <mixed-citation id="d24831e469" publication-type="book">
Chomsky, Noam
1969 American Power and the New Mandarins (Harmondsworth: Penguin).<person-group>
                  <string-name>
                     <surname>Chomsky</surname>
                  </string-name>
               </person-group>
               <source>American Power and the New Mandarins</source>
               <year>1969</year>
            </mixed-citation>
         </ref>
         <ref id="d24831e494a1310">
            <mixed-citation id="d24831e498" publication-type="book">
Clingman, Stephen
1986 The Novels of Nadine Gordimer: History from the Inside (London: Allen and
Unwin).<person-group>
                  <string-name>
                     <surname>Clingman</surname>
                  </string-name>
               </person-group>
               <source>The Novels of Nadine Gordimer: History from the Inside</source>
               <year>1986</year>
            </mixed-citation>
         </ref>
         <ref id="d24831e527a1310">
            <mixed-citation id="d24831e531" publication-type="other">
Coetzee, J. M.
1969 "The English Fiction of Samuel Beckett: An Essay in Stylistic Analysis."
Ph. D. diss., University of Texas at Austin.</mixed-citation>
            <mixed-citation id="d24831e543" publication-type="book">
1973 "Alex La Guma and the Responsibilities of the South African Writer," in
New African Literature and the Arts, Vol. 3, edited by Joseph Okpaku, 116-24
(New York: Third World).<person-group>
                  <string-name>
                     <surname>Coetzee</surname>
                  </string-name>
               </person-group>
               <comment content-type="section">Alex La Guma and the Responsibilities of the South African Writer</comment>
               <fpage>116</fpage>
               <volume>3</volume>
               <source>New African Literature and the Arts</source>
               <year>1973</year>
            </mixed-citation>
            <mixed-citation id="d24831e580" publication-type="book">
1974a Dusklands (Johannesburg: Ravan).<person-group>
                  <string-name>
                     <surname>Coetzee</surname>
                  </string-name>
               </person-group>
               <source>Dusklands</source>
               <year>1974</year>
            </mixed-citation>
            <mixed-citation id="d24831e601" publication-type="journal">
1974b "Man's Fate in the Novels of Alex La Guma," Studies in Black Literature
5(1): 16-23.<person-group>
                  <string-name>
                     <surname>Coetzee</surname>
                  </string-name>
               </person-group>
               <fpage>16</fpage>
               <volume>5</volume>
               <source>Studies in Black Literature</source>
               <year>1974</year>
            </mixed-citation>
            <mixed-citation id="d24831e633" publication-type="book">
1978a In the Heart of the Country (Johannesburg: Ravan).<person-group>
                  <string-name>
                     <surname>Coetzee</surname>
                  </string-name>
               </person-group>
               <source>In the Heart of the Country</source>
               <year>1978</year>
            </mixed-citation>
            <mixed-citation id="d24831e654" publication-type="other">
1978b "Speaking: J. M. Coetzee," interview with Stephen Watson, Speak 1(3):
23-24.</mixed-citation>
            <mixed-citation id="d24831e663" publication-type="book">
1981 Waiting for the Barbarians (Johannesburg: Ravan).<person-group>
                  <string-name>
                     <surname>Coetzee</surname>
                  </string-name>
               </person-group>
               <source>Waiting for the Barbarians</source>
               <year>1981</year>
            </mixed-citation>
            <mixed-citation id="d24831e684" publication-type="journal">
1983 Life and Times of Michael K (Johannesburg: Ravan).<source>Life and Times of Michael K</source>
               <year>1983</year>
            </mixed-citation>
            <mixed-citation id="d24831e696" publication-type="journal">
1984 "How I Learned About America-And Africa-in Texas," New York Times
Book Review (15 April 1984): 9.<person-group>
                  <string-name>
                     <surname>Coetzee</surname>
                  </string-name>
               </person-group>
               <issue>15 April</issue>
               <fpage>9</fpage>
               <source>New York Times Book Review</source>
            </mixed-citation>
            <mixed-citation id="d24831e724" publication-type="other">
1985 "Interview de J. M. Coetzee," interview with J. Sevry. Société des angli-
cistes de l'enseignement superieur. Atelier commonwealth. Colloque de Brest
(9-11 May: 43-53).</mixed-citation>
            <mixed-citation id="d24831e737" publication-type="book">
1986 Foe (Johannesburg: Ravan).<person-group>
                  <string-name>
                     <surname>Coetzee</surname>
                  </string-name>
               </person-group>
               <source>Foe</source>
               <year>1986</year>
            </mixed-citation>
            <mixed-citation id="d24831e758" publication-type="other">
1987 [1983, 1987] "Two Interviews with J. M. Coetzee, 1983 and 1987," inter-
view with Tony Morphet, Triquarterly 69: 454-64.</mixed-citation>
            <mixed-citation id="d24831e767" publication-type="journal">
1988a "The Novel Today," Upstream 6(1): 2-5.<person-group>
                  <string-name>
                     <surname>Coetzee</surname>
                  </string-name>
               </person-group>
               <fpage>2</fpage>
               <volume>6</volume>
               <source>Upstream</source>
               <year>1988</year>
            </mixed-citation>
            <mixed-citation id="d24831e795" publication-type="book">
1988b White Writing: On the Culture of Letters in South Africa (New Haven and
London: Yale University Press).<person-group>
                  <string-name>
                     <surname>Coetzee</surname>
                  </string-name>
               </person-group>
               <source>White Writing: On the Culture of Letters in South Africa</source>
               <year>1988</year>
            </mixed-citation>
            <mixed-citation id="d24831e819" publication-type="other">
n.d. "Grubbing for the Ideological Implications: A Clash (More or Less) with
J. M. Coetzee," interview by A. Thorold and R. Wicksteed, Sjambok (a Varsity
publication, SRC, University of Cape Town, 3-15).</mixed-citation>
         </ref>
         <ref id="d24831e832a1310">
            <mixed-citation id="d24831e836" publication-type="journal">
Derrida, Jacques
1985 "Racism's Last Word" [orig. "Le Dernier Mot du Racisme"] Critical Inquiry
12(1): 290-99.<object-id pub-id-type="jstor">10.2307/1343472</object-id>
               <fpage>290</fpage>
            </mixed-citation>
            <mixed-citation id="d24831e854" publication-type="journal">
1986 "But, beyond ... (Open Letter to Anne McClintock and Rob Nixon),"
Critical Inquiry 13(1): 155-70.<object-id pub-id-type="jstor">10.2307/1343560</object-id>
               <fpage>155</fpage>
            </mixed-citation>
         </ref>
         <ref id="d24831e870a1310">
            <mixed-citation id="d24831e874" publication-type="journal">
Dovey, Teresa
1987 "Coetzee and His Critics: The Case of Dusklands," English in Africa 14(2):
15-30.<person-group>
                  <string-name>
                     <surname>Dovey</surname>
                  </string-name>
               </person-group>
               <fpage>15</fpage>
               <volume>14</volume>
               <source>English in Africa</source>
               <year>1987</year>
            </mixed-citation>
            <mixed-citation id="d24831e908" publication-type="book">
1988 The Novels of J. M. Coetzee: Lacanian Allegories (Johannesburg: Ad Donker).<person-group>
                  <string-name>
                     <surname>Dovey</surname>
                  </string-name>
               </person-group>
               <source>The Novels of J. M. Coetzee: Lacanian Allegories</source>
               <year>1988</year>
            </mixed-citation>
         </ref>
         <ref id="d24831e931a1310">
            <mixed-citation id="d24831e935" publication-type="journal">
Du Plessis, Menan
1981 "Towards a True Materialism," review of Waiting for the Barbarians, Contrast
52: 77-87.<person-group>
                  <string-name>
                     <surname>Du Plessis</surname>
                  </string-name>
               </person-group>
               <fpage>77</fpage>
               <volume>52</volume>
               <source>review of Waiting for the Barbarians, Contrast</source>
               <year>1981</year>
            </mixed-citation>
         </ref>
         <ref id="d24831e970a1310">
            <mixed-citation id="d24831e974" publication-type="book">
Fanon, Frantz
1968 [1961] The Wretched of the Earth, translated by Constance Farrington (New
York: Grove Press).<person-group>
                  <string-name>
                     <surname>Fanon</surname>
                  </string-name>
               </person-group>
               <source>The Wretched of the Earth</source>
               <year>1968</year>
            </mixed-citation>
         </ref>
         <ref id="d24831e1003a1310">
            <mixed-citation id="d24831e1007" publication-type="book">
Galan, F. W.
1985 Historic Structures: The Prague School Project, 1928-1948 (Austin: University
of Texas Press).<person-group>
                  <string-name>
                     <surname>Galan</surname>
                  </string-name>
               </person-group>
               <source>Historic Structures: The Prague School Project, 1928-1948</source>
               <year>1985</year>
            </mixed-citation>
         </ref>
         <ref id="d24831e1036a1310">
            <mixed-citation id="d24831e1040" publication-type="book">
Gordimer, Nadine
1979 Burger's Daughter (New York: Viking).<person-group>
                  <string-name>
                     <surname>Gordimer</surname>
                  </string-name>
               </person-group>
               <source>Burger's Daughter</source>
               <year>1979</year>
            </mixed-citation>
            <mixed-citation id="d24831e1064" publication-type="book">
1981July's People (New York: Viking).<person-group>
                  <string-name>
                     <surname>Gordimer</surname>
                  </string-name>
               </person-group>
               <source>July's People</source>
               <year>1981</year>
            </mixed-citation>
         </ref>
         <ref id="d24831e1086a1310">
            <mixed-citation id="d24831e1090" publication-type="book">
Hutcheon, Linda
1980 Narcissistic Narrative: The Metafictional Paradox (New York: Methuen).<person-group>
                  <string-name>
                     <surname>Hutcheon</surname>
                  </string-name>
               </person-group>
               <source>Narcissistic Narrative: The Metafictional Paradox</source>
               <year>1980</year>
            </mixed-citation>
         </ref>
         <ref id="d24831e1115a1310">
            <mixed-citation id="d24831e1119" publication-type="book">
Jameson, Fredric
1972 The Prison-House of Language: A Critical Account of Structuralism and Russian
Formalism (Princeton: Princeton University Press).<person-group>
                  <string-name>
                     <surname>Jameson</surname>
                  </string-name>
               </person-group>
               <source>The Prison-House of Language: A Critical Account of Structuralism and Russian Formalism</source>
               <year>1972</year>
            </mixed-citation>
            <mixed-citation id="d24831e1147" publication-type="book">
1981 The Political Unconscious: Narrative as a Socially Symbolic Act (London:
Methuen).<person-group>
                  <string-name>
                     <surname>Jameson</surname>
                  </string-name>
               </person-group>
               <source>The Political Unconscious: Narrative as a Socially Symbolic Act</source>
               <year>1981</year>
            </mixed-citation>
         </ref>
         <ref id="d24831e1173a1310">
            <mixed-citation id="d24831e1177" publication-type="book">
Kenner, Hugh
1968 [1961] Samuel Beckett: A Critical Study (Berkeley, Los Angeles, and London:
University of California Press).<person-group>
                  <string-name>
                     <surname>Kenner</surname>
                  </string-name>
               </person-group>
               <source>Samuel Beckett: A Critical Study</source>
               <year>1968</year>
            </mixed-citation>
         </ref>
         <ref id="d24831e1206a1310">
            <mixed-citation id="d24831e1210" publication-type="book">
Kirkwood, Mike
1976 "The Colonizer: A Critique of the English South African Culture Theory,"
in Poetry South Africa: Selected Papers from Poetry '74, edited by Peter Wilhelm
and James A. Polley, 102-33 (Cape Town: Ad Donker).<person-group>
                  <string-name>
                     <surname>Kirkwood</surname>
                  </string-name>
               </person-group>
               <comment content-type="section">The Colonizer: A Critique of the English South African Culture Theory</comment>
               <fpage>102</fpage>
               <source>Poetry South Africa: Selected Papers from Poetry '74</source>
               <year>1976</year>
            </mixed-citation>
         </ref>
         <ref id="d24831e1248a1310">
            <mixed-citation id="d24831e1252" publication-type="book">
Kohler, Peter
1987 "Freeburghers, the Nama and the Politics of the Frontier Tradition: An
Analysis of Social Relations in the Second Narrative of J. M. Coetzee's Dusk-
lands. Towards an Historiography of South African Literature." Paper pre-
sented at the History Workshop on "The Making of Class," University of the
Witwatersrand.<person-group>
                  <string-name>
                     <surname>Kohler</surname>
                  </string-name>
               </person-group>
               <comment content-type="section">Freeburghers, the Nama and the Politics of the Frontier Tradition: An Analysis of Social Relations in the Second Narrative of J. M. Coetzee's Dusklands. Towards an Historiography of South African Literature</comment>
               <source>The Making of Class</source>
               <year>1987</year>
            </mixed-citation>
         </ref>
         <ref id="d24831e1293a1310">
            <mixed-citation id="d24831e1297" publication-type="book">
Kuhn, Thomas S.
1979 [1962] The Structure of Scientific Revolutions, Vol. 2, no. 2 of the International
Encyclopædia of Unified Science (Chicago: University of Chicago Press).<person-group>
                  <string-name>
                     <surname>Kuhn</surname>
                  </string-name>
               </person-group>
               <volume>2</volume>
               <source>The Structure of Scientific Revolutions</source>
               <year>1979</year>
            </mixed-citation>
         </ref>
         <ref id="d24831e1329a1310">
            <mixed-citation id="d24831e1333" publication-type="journal">
Lazarus, Neil
1987 "Modernism and Modernity: T. W. Adorno and Contemporary White
South African Literature," Cultural Critique 5: 131-55.<object-id pub-id-type="doi">10.2307/1354359</object-id>
               <fpage>131</fpage>
            </mixed-citation>
         </ref>
         <ref id="d24831e1352a1310">
            <mixed-citation id="d24831e1356" publication-type="book">
Marcuse, Herbert
1972 [1964] One Dimensional Man (London: Abacus).<person-group>
                  <string-name>
                     <surname>Marcuse</surname>
                  </string-name>
               </person-group>
               <source>One Dimensional Man</source>
               <year>1972</year>
            </mixed-citation>
         </ref>
         <ref id="d24831e1382a1310">
            <mixed-citation id="d24831e1386" publication-type="book">
Marks, Shula
1986 "The Historiography of South Africa: Recent Developments," in African
Historiographies: What History for Which Africa?, edited by Bogumil Jewsiewicki
and David Newbury, 165-76 (Beverly Hills: Sage).<person-group>
                  <string-name>
                     <surname>Marks</surname>
                  </string-name>
               </person-group>
               <comment content-type="section">The Historiography of South Africa: Recent Developments,</comment>
               <fpage>165</fpage>
               <source>African Historiographies: What History for Which Africa</source>
               <year>1986</year>
            </mixed-citation>
         </ref>
         <ref id="d24831e1424a1310">
            <mixed-citation id="d24831e1428" publication-type="journal">
McClintock, Anne, and Rob Nixon
1986 "No Names Apart: The Separation of Word and History in Derrida's 'Le
Dernier Mot du Racisme'," Critical Inquiry 13(1): 140-54.<object-id pub-id-type="jstor">10.2307/1343559</object-id>
               <fpage>140</fpage>
            </mixed-citation>
         </ref>
         <ref id="d24831e1447a1310">
            <mixed-citation id="d24831e1451" publication-type="book">
Memmi, Albert
1965 [1957] The Colonizer and the Colonized (New York: Orion Press).<person-group>
                  <string-name>
                     <surname>Memmi</surname>
                  </string-name>
               </person-group>
               <source>The Colonizer and the Colonized</source>
               <year>1965</year>
            </mixed-citation>
         </ref>
         <ref id="d24831e1476a1310">
            <mixed-citation id="d24831e1480" publication-type="journal">
Morris, Mike
1987 "Social History and the Transition to Capitalism in South Africa," Africa
Perspective 1(5/6): 7-24.<person-group>
                  <string-name>
                     <surname>Morris</surname>
                  </string-name>
               </person-group>
               <fpage>7</fpage>
               <volume>1</volume>
               <source>Africa Perspective</source>
               <year>1987</year>
            </mixed-citation>
         </ref>
         <ref id="d24831e1515a1310">
            <mixed-citation id="d24831e1519" publication-type="journal">
Ndebele, Njabulo
1984 "Turkish Tales, and Some Thoughts on S. A. Fiction," Review of Yashar
Kemal's Anatolian Tales, Staffrider 6(1): 24-25, 42-48.<person-group>
                  <string-name>
                     <surname>Ndebele</surname>
                  </string-name>
               </person-group>
               <fpage>24</fpage>
               <volume>6</volume>
               <source>Review of Yashar Kemal's Anatolian Tales, Staffrider</source>
               <year>1984</year>
            </mixed-citation>
         </ref>
         <ref id="d24831e1554a1310">
            <mixed-citation id="d24831e1560" publication-type="book">
Nkosi, Lewis
1979 [1967] "Fiction by Black South Africans: Richard Rive, Bloke Modisane,
Ezekiel Mphahlele, Alex La Guma," in Introduction to African Literature: An
Anthology of Critical Writing, edited by Ulli Beier, 221-27 (London: Longman).<person-group>
                  <string-name>
                     <surname>Nkosi</surname>
                  </string-name>
               </person-group>
               <comment content-type="section">Fiction by Black South Africans: Richard Rive, Bloke Modisane, Ezekiel Mphahlele, Alex La Guma</comment>
               <fpage>221</fpage>
               <source>Introduction to African Literature: An Anthology of Critical Writing</source>
               <year>1979</year>
            </mixed-citation>
            <mixed-citation id="d24831e1597" publication-type="journal">
1988 "Resistance and the Crisis of Representation," in South African Literature:
From Popular Culture to the Written Artefact. Second Conference on South Afri-
can Literature (11-13 December 1987). Evangelische Akademie Bad Boll,
West Germany.<person-group>
                  <string-name>
                     <surname>Nkosi</surname>
                  </string-name>
               </person-group>
               <issue>11 December</issue>
               <source>South African Literature: From Popular Culture to the Written Artefact</source>
            </mixed-citation>
         </ref>
         <ref id="d24831e1630a1310">
            <mixed-citation id="d24831e1634" publication-type="other">
Press, Karen
1988 "Towards a Revolutionary Artistic Practice in South Africa." Ph.D. Diss.,
Centre for African Studies, University of Cape Town.</mixed-citation>
         </ref>
         <ref id="d24831e1647a1310">
            <mixed-citation id="d24831e1651" publication-type="journal">
Rich, Paul
1984 "Apartheid and the Decline of the Civilization Idea: An Essay on Nadine
Gordimer's July's People and J. M. Coetzee's Waiting for the Barbarians," Research
in African Literatures 15(3): 365-93.<person-group>
                  <string-name>
                     <surname>Rich</surname>
                  </string-name>
               </person-group>
               <fpage>365</fpage>
               <volume>15</volume>
               <source>Research in African Literatures</source>
               <year>1984</year>
            </mixed-citation>
         </ref>
         <ref id="d24831e1689a1310">
            <mixed-citation id="d24831e1693" publication-type="book">
Ricoeur, Paul
1975 History and Truth, translated by Charles B. Kelbley (Evanston: Northwestern
University Press).<person-group>
                  <string-name>
                     <surname>Ricoeur</surname>
                  </string-name>
               </person-group>
               <source>History and Truth</source>
               <year>1975</year>
            </mixed-citation>
            <mixed-citation id="d24831e1721" publication-type="book">
1981 "The Narrative Function," in Hermeneutics and the Human Sciences: Essays on
Language, Action and Interpretation, translated and edited by John B. Thomp-
son, 274-96 (Cambridge: Cambridge University Press).<person-group>
                  <string-name>
                     <surname>Recoeur</surname>
                  </string-name>
               </person-group>
               <comment content-type="section">The Narrative Function</comment>
               <fpage>274</fpage>
               <source>Hermeneutics and the Human Sciences: Essays on Language, Action and Interpretation</source>
               <year>1981</year>
            </mixed-citation>
         </ref>
         <ref id="d24831e1756a1310">
            <mixed-citation id="d24831e1760" publication-type="book">
Said, Edward W.
1978 Orientalism (New York: Vintage).<person-group>
                  <string-name>
                     <surname>Said</surname>
                  </string-name>
               </person-group>
               <source>Orientalism</source>
               <year>1978</year>
            </mixed-citation>
            <mixed-citation id="d24831e1784" publication-type="book">
1983 The World, the Text, and the Critic (Cambridge, MA: Harvard University Press).<person-group>
                  <string-name>
                     <surname>Said</surname>
                  </string-name>
               </person-group>
               <source>The World, the Text, and the Critic</source>
               <year>1983</year>
            </mixed-citation>
         </ref>
         <ref id="d24831e1806a1310">
            <mixed-citation id="d24831e1810" publication-type="book">
Saussure, Ferdinand de
1966 [1959] Course in General Linguistics, edited by Charles Bally and Albert Se-
chehaye, in collaboration with Albert Riedlinger, translated, with introduction
and notes, by Wade Baskin (New York: McGraw-Hill).<person-group>
                  <string-name>
                     <surname>Saussure</surname>
                  </string-name>
               </person-group>
               <source>Course in General Linguistics</source>
               <year>1966</year>
            </mixed-citation>
         </ref>
         <ref id="d24831e1842a1310">
            <mixed-citation id="d24831e1846" publication-type="book">
Schlebusch Commission
1974 Fourth Interim Report of the Commission of Inquiry into Certain Organizations
(Pretoria: Government Printer).<person-group>
                  <string-name>
                     <surname>Schlebusch</surname>
                  </string-name>
               </person-group>
               <source>Fourth Interim Report of the Commission of Inquiry into Certain Organizations</source>
               <year>1974</year>
            </mixed-citation>
         </ref>
         <ref id="d24831e1876a1310">
            <mixed-citation id="d24831e1880" publication-type="book">
Searle, John
1974 "Chomsky's Revolution in Linguistics," in On Noam Chomsky, edited by
Gilbert Harman, 1-33 (New York: Anchor Books/Doubleday).<person-group>
                  <string-name>
                     <surname>Searle</surname>
                  </string-name>
               </person-group>
               <comment content-type="section">Chomsky's Revolution in Linguistics</comment>
               <fpage>1</fpage>
               <source>On Noam Chomsky</source>
               <year>1974</year>
            </mixed-citation>
         </ref>
         <ref id="d24831e1915a1310">
            <mixed-citation id="d24831e1919" publication-type="book">
Sepamla, Sipho
1981 A Ride on the Whirlwind: A Novel of Soweto (Johannesburg: Ad Donker).<person-group>
                  <string-name>
                     <surname>Sepamla</surname>
                  </string-name>
               </person-group>
               <source>A Ride on the Whirlwind: A Novel of Soweto</source>
               <year>1981</year>
            </mixed-citation>
         </ref>
         <ref id="d24831e1944a1310">
            <mixed-citation id="d24831e1948" publication-type="book">
Serote, Mongane
1981 To Every Birth Its Blood (Johannesburg: Ravan).<person-group>
                  <string-name>
                     <surname>Serote</surname>
                  </string-name>
               </person-group>
               <source>To Every Birth Its Blood</source>
               <year>1981</year>
            </mixed-citation>
         </ref>
         <ref id="d24831e1973a1310">
            <mixed-citation id="d24831e1977" publication-type="book">
Siegle, Robert
1986 The Politics of Reflexivity: Narrative and the Constitutive Poetics of Culture (Balti-
more: Johns Hopkins University Press).<person-group>
                  <string-name>
                     <surname>Siegle</surname>
                  </string-name>
               </person-group>
               <source>The Politics of Reflexivity: Narrative and the Constitutive Poetics of Culture</source>
               <year>1986</year>
            </mixed-citation>
         </ref>
         <ref id="d24831e2006a1310">
            <mixed-citation id="d24831e2010" publication-type="book">
Stadler, Alf
1987 The Political Economy of Modern South Africa (Cape Town: David Philip).<person-group>
                  <string-name>
                     <surname>Stadler</surname>
                  </string-name>
               </person-group>
               <source>The Political Economy of Modern South Africa</source>
               <year>1987</year>
            </mixed-citation>
         </ref>
         <ref id="d24831e2035a1310">
            <mixed-citation id="d24831e2039" publication-type="book">
Study Project on Christianity in Apartheid Society (SPRO-CAS)
1973 South Africa's Political Alternatives, Report of the Political Commission of
SPRO-CAS (Johannesburg: Ravan).<source>South Africa's Political Alternatives</source>
               <year>1973</year>
            </mixed-citation>
         </ref>
         <ref id="d24831e2059a1310">
            <mixed-citation id="d24831e2063" publication-type="journal">
Turner, Richard
1970 "Marcuse: The Power of Negative Thinking," Radical 1: 29-33.<person-group>
                  <string-name>
                     <surname>Turner</surname>
                  </string-name>
               </person-group>
               <fpage>29</fpage>
               <volume>1</volume>
               <source>Radical</source>
               <year>1970</year>
            </mixed-citation>
            <mixed-citation id="d24831e2094" publication-type="book">
1980 [1972] The Eye of the Needle (Johannesburg: Ravan).<person-group>
                  <string-name>
                     <surname>Turner</surname>
                  </string-name>
               </person-group>
               <source>The Eye of the Needle</source>
               <year>1980</year>
            </mixed-citation>
         </ref>
         <ref id="d24831e2116a1310">
            <mixed-citation id="d24831e2120" publication-type="journal">
Vaughan, Michael
1982 "Literature and Politics: Currents in South African Writing in the Seven-
ties," Journal of Southern African Studies 9(1): 118-38.<object-id pub-id-type="jstor">10.2307/2636735</object-id>
               <fpage>118</fpage>
            </mixed-citation>
         </ref>
         <ref id="d24831e2139a1310">
            <mixed-citation id="d24831e2143" publication-type="journal">
Watson, Stephen
1986 "Colonialism and the Novels ofJ. M. Coetzee," Research in African Literatures
17(3): 370-92.<person-group>
                  <string-name>
                     <surname>Watson</surname>
                  </string-name>
               </person-group>
               <fpage>370</fpage>
               <volume>17</volume>
               <source>Research in African Literatures</source>
               <year>1986</year>
            </mixed-citation>
         </ref>
         <ref id="d24831e2178a1310">
            <mixed-citation id="d24831e2182" publication-type="book">
Waugh, Patricia
1984 Metafiction: The Theory and Practice of Self-Conscious Fiction (London:
Methuen).<person-group>
                  <string-name>
                     <surname>Waugh</surname>
                  </string-name>
               </person-group>
               <source>Metafiction: The Theory and Practice of Self-Conscious Fiction</source>
               <year>1984</year>
            </mixed-citation>
         </ref>
         <ref id="d24831e2211a1310">
            <mixed-citation id="d24831e2215" publication-type="book">
White, Hayden
1973 Metahistory: The Historical Imagination in Nineteenth-Century Europe (Balti-
more: Johns Hopkins University Press).<person-group>
                  <string-name>
                     <surname>White</surname>
                  </string-name>
               </person-group>
               <source>Metahistory: The Historical Imagination in Nineteenth-Century Europe</source>
               <year>1973</year>
            </mixed-citation>
         </ref>
         <ref id="d24831e2244a1310">
            <mixed-citation id="d24831e2248" publication-type="book">
Wilson, Monica, and Leonard Thompson
1969-1971 The Oxford History of South Africa. 2 vols. (New York and Oxford:
Oxford University Press).<person-group>
                  <string-name>
                     <surname>Wilson</surname>
                  </string-name>
               </person-group>
               <volume>2</volume>
               <source>The Oxford History of South Africa</source>
               <year>1971</year>
            </mixed-citation>
         </ref>
      </ref-list>
   </back>
</article>
