<article xmlns:xsi="http://www.w3.org/2001/XMLSchema-instance"
         xmlns:xlink="http://www.w3.org/1999/xlink"
         xmlns:mml="http://www.w3.org/1998/Math/MathML"
         dtd-version="1.0"
         article-type="research-article">
   <front>
      <journal-meta>
         <journal-id journal-id-type="jstor">poeticstoday</journal-id>
         <journal-id journal-id-type="jstor">j100659</journal-id>
         <journal-title-group>
            <journal-title>Poetics Today</journal-title>
         </journal-title-group>
         <publisher>
            <publisher-name>Duke University Press</publisher-name>
         </publisher>
         <issn pub-type="ppub">03335372</issn>
         <issn pub-type="epub">15275507</issn>
      </journal-meta>
      <article-meta>
         <article-id pub-id-type="doi">10.2307/1772690</article-id>
         <article-categories>
            <subj-group>
               <subject>The Rhetoric of Interpretation</subject>
            </subj-group>
         </article-categories>
         <title-group>
            <article-title>Of Ants and Grasshoppers: Two Ways (Or More) to Link Texts and Power</article-title>
         </title-group>
         <contrib-group>
            <contrib contrib-type="author">
               <string-name>
                  <given-names>Edward</given-names>
                  <surname>Pechter</surname>
               </string-name>
            </contrib>
         </contrib-group>
         <pub-date>
            <day>1</day>
            <month>1</month>
            <year>1988</year>
         </pub-date>
         <volume>9</volume>
         <issue>2</issue>
         <issue-id>i303078</issue-id>
         <fpage>291</fpage>
         <lpage>306</lpage>
         <page-range>291-306</page-range>
         <permissions>
            <copyright-statement>Copyright 1988 The Porter Institute for Poetics and Semiotics, Tel Aviv University</copyright-statement>
         </permissions>
         <self-uri xlink:href="http://www.jstor.org/stable/1772690"/>
         <custom-meta-group>
            <custom-meta>
               <meta-name>lang</meta-name>
               <meta-value>eng</meta-value>
            </custom-meta>
         </custom-meta-group>
      </article-meta>
   </front>
   <back>
      <fn-group>
         <title>[Footnotes]</title>
         <fn id="d941e123a1310">
            <label>1</label>
            <p>
               <mixed-citation id="d941e130" publication-type="journal">
Kuriyama's summary (1987:
10).  </mixed-citation>
            </p>
         </fn>
         <fn id="d941e142a1310">
            <label>2</label>
            <p>
               <mixed-citation id="d941e149" publication-type="book">
John Webster, edited by the
Hunters (1969: 31-32<person-group>
                     <string-name>
                        <surname>Hunters</surname>
                     </string-name>
                  </person-group>
                  <fpage>31</fpage>
                  <source>John Webster</source>
                  <year>1969</year>
               </mixed-citation>
            </p>
            <p>
               <mixed-citation id="d941e177" publication-type="book">
Moore (1981: 34)  <fpage>34</fpage>
               </mixed-citation>
            </p>
            <p>
               <mixed-citation id="d941e188" publication-type="book">
Chambers (1951: 511)  <fpage>511</fpage>
               </mixed-citation>
            </p>
            <p>
               <mixed-citation id="d941e200" publication-type="book">
E. E. Stoll (1967: 29)  <fpage>29</fpage>
               </mixed-citation>
            </p>
         </fn>
         <fn id="d941e212a1310">
            <label>3</label>
            <p>
               <mixed-citation id="d941e219" publication-type="book">
Chambers 1951: 423  <fpage>423</fpage>
               </mixed-citation>
            </p>
         </fn>
         <fn id="d941e231a1310">
            <label>4</label>
            <p>
               <mixed-citation id="d941e238" publication-type="book">
Endicott 1968: 9  <fpage>9</fpage>
               </mixed-citation>
            </p>
         </fn>
      </fn-group>
      <ref-list>
         <title>References</title>
         <ref id="d941e259a1310">
            <mixed-citation id="d941e263" publication-type="book">
Barthes, Roland
1975 The Pleasure of the Text, translated by Richard Miller (New York: Hill and
Wang).<person-group>
                  <string-name>
                     <surname>Barthes</surname>
                  </string-name>
               </person-group>
               <source>The Pleasure of the Text</source>
               <year>1975</year>
            </mixed-citation>
         </ref>
         <ref id="d941e292a1310">
            <mixed-citation id="d941e296" publication-type="book">
Bradbrook, Muriel
1964 The Rise of the Common Player (London: Chatto and Windus).<person-group>
                  <string-name>
                     <surname>Bradbrook</surname>
                  </string-name>
               </person-group>
               <source>The Rise of the Common Player</source>
               <year>1964</year>
            </mixed-citation>
         </ref>
         <ref id="d941e321a1310">
            <mixed-citation id="d941e325" publication-type="book">
Bruce, Lenny
1963 How to Talk Dirty and Influence People: An Autobiography (Chicago: The Play-
boy Press).<person-group>
                  <string-name>
                     <surname>Bruce</surname>
                  </string-name>
               </person-group>
               <source>How to Talk Dirty and Influence People: An Autobiography</source>
               <year>1963</year>
            </mixed-citation>
         </ref>
         <ref id="d941e354a1310">
            <mixed-citation id="d941e358" publication-type="book">
Burke, Kenneth
1973 The Philosophy of Literary Form (Berkeley: University of California Press).<person-group>
                  <string-name>
                     <surname>Burke</surname>
                  </string-name>
               </person-group>
               <source>The Philosophy of Literary Form</source>
               <year>1973</year>
            </mixed-citation>
         </ref>
         <ref id="d941e384a1310">
            <mixed-citation id="d941e388" publication-type="book">
Chambers, E. K.
1951 [1923] The Elizabethan Stage, Vol. 3 (Oxford: Oxford University Press).<person-group>
                  <string-name>
                     <surname>Chambers</surname>
                  </string-name>
               </person-group>
               <volume>3</volume>
               <source>The Elizabethan Stage</source>
               <year>1951</year>
            </mixed-citation>
         </ref>
         <ref id="d941e417a1310">
            <mixed-citation id="d941e421" publication-type="book">
Endicott, Norman, ed.
1968 The Prose of Sir Thomas Browne (New York: New York University Press).<person-group>
                  <string-name>
                     <surname>Endicott</surname>
                  </string-name>
               </person-group>
               <source>The Prose of Sir Thomas Browne</source>
               <year>1968</year>
            </mixed-citation>
         </ref>
         <ref id="d941e446a1310">
            <mixed-citation id="d941e450" publication-type="book">
Foucault, Michel
1980 Power/Knowledge: Selected Interviews and Other Writings, 1972-1977, edited
by Colin Gordon (New York: Random House).<person-group>
                  <string-name>
                     <surname>Foucault</surname>
                  </string-name>
               </person-group>
               <source>Power/Knowledge: Selected Interviews and Other Writings, 1972-1977</source>
               <year>1980</year>
            </mixed-citation>
         </ref>
         <ref id="d941e479a1310">
            <mixed-citation id="d941e483" publication-type="book">
Greenblatt, Stephen
1980 Renaissance Self-Fashioning: From More to Shakespeare (Chicago: University of
Chicago Press).<person-group>
                  <string-name>
                     <surname>Greenblatt</surname>
                  </string-name>
               </person-group>
               <source>Renaissance Self-Fashioning: From More to Shakespeare</source>
               <year>1980</year>
            </mixed-citation>
         </ref>
         <ref id="d941e512a1310">
            <mixed-citation id="d941e516" publication-type="book">
Huizinga, Johan
1955 Homo Ludens: A Study of the Play-Element in Culture (Boston: The Beacon
Press).<person-group>
                  <string-name>
                     <surname>Huizinga</surname>
                  </string-name>
               </person-group>
               <source>Homo Ludens: A Study of the Play-Element in Culture</source>
               <year>1955</year>
            </mixed-citation>
         </ref>
         <ref id="d941e545a1310">
            <mixed-citation id="d941e549" publication-type="book">
Hunter, G. K. and S. K. Hunter, eds.
1969 John Webster (Harmondsworth: Penguin).<person-group>
                  <string-name>
                     <surname>Hunter</surname>
                  </string-name>
               </person-group>
               <source>John Webster</source>
               <year>1969</year>
            </mixed-citation>
         </ref>
         <ref id="d941e575a1310">
            <mixed-citation id="d941e579" publication-type="book">
Ignatieff, Michael
1985 The Needs of Strangers (New York: Viking-Elisabeth Sifton Books).<person-group>
                  <string-name>
                     <surname>Ignatieff</surname>
                  </string-name>
               </person-group>
               <source>The Needs of Strangers</source>
               <year>1985</year>
            </mixed-citation>
         </ref>
         <ref id="d941e604a1310">
            <mixed-citation id="d941e608" publication-type="book">
Jameson, Fredric
1981 The Political Unconscious: Narrative as a Socially Symbolic Act (Ithaca: Cornell
University Press).<person-group>
                  <string-name>
                     <surname>Jameson</surname>
                  </string-name>
               </person-group>
               <source>The Political Unconscious: Narrative as a Socially Symbolic Act</source>
               <year>1981</year>
            </mixed-citation>
         </ref>
         <ref id="d941e637a1310">
            <mixed-citation id="d941e641" publication-type="book">
Jardine, Lisa
1983 Still Harping on Daughters: Women and Drama in the Age of Shakespeare
(Brighton, Eng.: The Harvester Press).<person-group>
                  <string-name>
                     <surname>Jardine</surname>
                  </string-name>
               </person-group>
               <source>Still Harping on Daughters: Women and Drama in the Age of Shakespeare</source>
               <year>1983</year>
            </mixed-citation>
         </ref>
         <ref id="d941e670a1310">
            <mixed-citation id="d941e674" publication-type="journal">
Kuriyama, Constance
1987 "Marlowe, Shakespeare, and Biographical Evidence," Shakespeare Newsletter
38: 10.<person-group>
                  <string-name>
                     <surname>Kuriyama</surname>
                  </string-name>
               </person-group>
               <fpage>10</fpage>
               <volume>38</volume>
               <source>Shakespeare Newsletter</source>
               <year>1987</year>
            </mixed-citation>
         </ref>
         <ref id="d941e709a1310">
            <mixed-citation id="d941e713" publication-type="book">
Lanham, Richard
1976 The Motives of Eloquence: Literary Rhetoric in the Renaissance (New Haven:
Yale University Press).<person-group>
                  <string-name>
                     <surname>Lanham</surname>
                  </string-name>
               </person-group>
               <source>The Motives of Eloquence: Literary Rhetoric in the Renaissance</source>
               <year>1976</year>
            </mixed-citation>
         </ref>
         <ref id="d941e742a1310">
            <mixed-citation id="d941e746" publication-type="book">
MacLure, Millar, ed.
1979 Marlowe: The Critical Heritage (London: Routledge and Kegan Paul).<person-group>
                  <string-name>
                     <surname>MacLure</surname>
                  </string-name>
               </person-group>
               <source>Marlowe: The Critical Heritage</source>
               <year>1979</year>
            </mixed-citation>
         </ref>
         <ref id="d941e772a1310">
            <mixed-citation id="d941e776" publication-type="book">
Marlowe, Christopher
1962 The Tragical History of the Life and Death of Doctor Faustus, edited by John D.
Jump (London: Methuen).<person-group>
                  <string-name>
                     <surname>Marlowe</surname>
                  </string-name>
               </person-group>
               <source>The Tragical History of the Life and Death of Doctor Faustus</source>
               <year>1962</year>
            </mixed-citation>
         </ref>
         <ref id="d941e805a1310">
            <mixed-citation id="d941e809" publication-type="book">
Moore, Don D., ed.
1981 Webster: The Critical Heritage (London: Routledge and Kegan Paul).<person-group>
                  <string-name>
                     <surname>Moore</surname>
                  </string-name>
               </person-group>
               <source>Webster: The Critical Heritage</source>
               <year>1981</year>
            </mixed-citation>
         </ref>
         <ref id="d941e834a1310">
            <mixed-citation id="d941e838" publication-type="book">
Pechter, William S.
1971 Twenty-four Times a Second: Films and Film-makers (New York: Harper and
Row).<person-group>
                  <string-name>
                     <surname>Pechter</surname>
                  </string-name>
               </person-group>
               <source>Twenty-four Times a Second: Films and Film-makers</source>
               <year>1971</year>
            </mixed-citation>
         </ref>
         <ref id="d941e867a1310">
            <mixed-citation id="d941e871" publication-type="book">
Peckham, Morse
1979 Explanation and Power: The Control of Human Behavior (New York: The
Seabury Press).<person-group>
                  <string-name>
                     <surname>Peckham</surname>
                  </string-name>
               </person-group>
               <source>Explanation and Power: The Control of Human Behavior</source>
               <year>1979</year>
            </mixed-citation>
         </ref>
         <ref id="d941e900a1310">
            <mixed-citation id="d941e904" publication-type="book">
Stoll, E. E.
1967 [1905]John Webster: The Periods of His Work as Determined by His Relations to
the Drama of His Day (New York: Gordian Press).<person-group>
                  <string-name>
                     <surname>Stoll</surname>
                  </string-name>
               </person-group>
               <source>John Webster: The Periods of His Work as Determined by His Relations to the Drama of His Day</source>
               <year>1967</year>
            </mixed-citation>
         </ref>
         <ref id="d941e933a1310">
            <mixed-citation id="d941e937" publication-type="book">
Stone, Lawrence
1977 [1964] The Family, Sex and Marriage in England 1500-1800 (London: Weid-
enfeld and Nicolson).<person-group>
                  <string-name>
                     <surname>Stone</surname>
                  </string-name>
               </person-group>
               <source>The Family, Sex and Marriage in England 1500-1800</source>
               <year>1977</year>
            </mixed-citation>
         </ref>
         <ref id="d941e967a1310">
            <mixed-citation id="d941e971" publication-type="book">
Webster, John
1977 The Duchess of Malfi, edited by John Russell Brown (Manchester: Man-
chester University Press).<person-group>
                  <string-name>
                     <surname>Webster</surname>
                  </string-name>
               </person-group>
               <source>The Duchess of Malfi</source>
               <year>1977</year>
            </mixed-citation>
         </ref>
         <ref id="d941e1000a1310">
            <mixed-citation id="d941e1004" publication-type="book">
Wells, Susan
1985 The Dialectics of Representation (Baltimore: Johns Hopkins University Press).<person-group>
                  <string-name>
                     <surname>Wells</surname>
                  </string-name>
               </person-group>
               <source>The Dialectics of Representation</source>
               <year>1985</year>
            </mixed-citation>
         </ref>
         <ref id="d941e1029a1310">
            <mixed-citation id="d941e1033" publication-type="journal">
Whigham, Frank
1985 "Sexual and Social Mobility in The Duchess of Malfi." PMLA 100: 167-86.<person-group>
                  <string-name>
                     <surname>Whigham</surname>
                  </string-name>
               </person-group>
               <fpage>167</fpage>
               <volume>100</volume>
               <source>PMLA</source>
               <year>1985</year>
            </mixed-citation>
         </ref>
         <ref id="d941e1065a1310">
            <mixed-citation id="d941e1069" publication-type="book">
Wilde, Oscar
1970 "Phrases and Philosophies for the Use of the Young," in "The Soul of Man
Under Socialism" and Other Essays, edited by Philip Rieff (New York: Harper
and Row), 296-298.<person-group>
                  <string-name>
                     <surname>Wilde</surname>
                  </string-name>
               </person-group>
               <comment content-type="section">Phrases and Philosophies for the Use of the Young</comment>
               <fpage>296</fpage>
               <source>The Soul of Man Under Socialism" and Other Essays</source>
               <year>1970</year>
            </mixed-citation>
         </ref>
         <ref id="d941e1107a1310">
            <mixed-citation id="d941e1111" publication-type="book">
Williams, Raymond
1977 Marxism and Literature (Oxford: Oxford University Press).<person-group>
                  <string-name>
                     <surname>Williams</surname>
                  </string-name>
               </person-group>
               <source>Marxism and Literature</source>
               <year>1977</year>
            </mixed-citation>
         </ref>
      </ref-list>
   </back>
</article>
