<article dtd-version="1.0" article-type="research-article">
   <front>
      <journal-meta>
         <journal-id xmlns:xlink="http://www.w3.org/1999/xlink" journal-id-type="jstor">poeticstoday</journal-id>
         <journal-id xmlns:xlink="http://www.w3.org/1999/xlink" journal-id-type="jstor">j100659</journal-id>
         <journal-title-group xmlns:xlink="http://www.w3.org/1999/xlink">
            <journal-title>Poetics Today</journal-title>
         </journal-title-group>
         <publisher>
            <publisher-name>Porter Institute for Poetics and Semiotics</publisher-name>
         </publisher>
         <issn xmlns:xlink="http://www.w3.org/1999/xlink" pub-type="ppub">03335372</issn>
         <issn xmlns:xlink="http://www.w3.org/1999/xlink" pub-type="epub">15275507</issn>
      </journal-meta>
      <article-meta>
         <article-id xmlns:xlink="http://www.w3.org/1999/xlink" pub-id-type="doi">10.2307/1772470</article-id>
         <article-categories>
            <subj-group>
               <subject>The Dramatic Text</subject>
            </subj-group>
         </article-categories>
         <title-group>
            <article-title>Toward a Segmentation of the Dramatic Text</article-title>
         </title-group>
         <contrib-group>
            <contrib contrib-type="author">
               <string-name xmlns:xlink="http://www.w3.org/1999/xlink">
                  <given-names>Alessandro</given-names>
                  <surname>Serpieri</surname>
               </string-name>
            </contrib>
            <contrib contrib-type="author">
               <string-name xmlns:xlink="http://www.w3.org/1999/xlink">
                  <given-names>Keir</given-names>
                  <surname>Elam</surname>
               </string-name>
            </contrib>
            <contrib contrib-type="author">
               <string-name xmlns:xlink="http://www.w3.org/1999/xlink">
                  <given-names>Paola Gullì</given-names>
                  <surname>Publiatti</surname>
               </string-name>
            </contrib>
            <contrib contrib-type="author">
               <string-name xmlns:xlink="http://www.w3.org/1999/xlink">
                  <given-names>Tomaso</given-names>
                  <surname>Kemeny</surname>
               </string-name>
            </contrib>
            <contrib contrib-type="author">
               <string-name xmlns:xlink="http://www.w3.org/1999/xlink">
                  <given-names>Romana</given-names>
                  <surname>Rutelli</surname>
               </string-name>
            </contrib>
         </contrib-group>
         <pub-date xmlns:xlink="http://www.w3.org/1999/xlink">
            <day>1</day>
            <month>4</month>
            <year>1981</year>
         </pub-date>
         <volume>2</volume>
         <issue>3</issue>
         <issue-id xmlns:xlink="http://www.w3.org/1999/xlink">i303053</issue-id>
         <fpage>163</fpage>
         <lpage>200</lpage>
         <page-range>163-200</page-range>
         <permissions>
            <copyright-statement>Copyright The Porter Institute for Poetics and Semiotics Tel Aviv University</copyright-statement>
         </permissions>
         <self-uri xmlns:xlink="http://www.w3.org/1999/xlink"
                   xlink:href="http://www.jstor.org/stable/1772470"/>
         <custom-meta-group xmlns:xlink="http://www.w3.org/1999/xlink">
            <custom-meta>
               <meta-name>lang</meta-name>
               <meta-value>eng</meta-value>
            </custom-meta>
         </custom-meta-group>
      </article-meta>
   </front>
   <back>
      <ref-list>
         <title>References</title>
         <ref id="d26219e195a1310">
            <mixed-citation id="d26219e199" publication-type="book">
AUSTIN, J.L., 1962. How to Do Things with Words (Harvard UP).<person-group>
                  <string-name xmlns:xlink="http://www.w3.org/1999/xlink">
                     <surname>Austin</surname>
                  </string-name>
               </person-group>
               <source>How to Do Things with Words</source>
               <year>1962</year>
            </mixed-citation>
         </ref>
         <ref id="d26219e221a1310">
            <mixed-citation id="d26219e225" publication-type="book">
BENVENISTE, E., 1966. Problkmes de linguistique ginirale (Paris: Gallimard).<person-group>
                  <string-name xmlns:xlink="http://www.w3.org/1999/xlink">
                     <surname>Benveniste</surname>
                  </string-name>
               </person-group>
               <source>Problkmes de linguistique ginirale</source>
               <year>1966</year>
            </mixed-citation>
         </ref>
         <ref id="d26219e247a1310">
            <mixed-citation id="d26219e251" publication-type="book">
DUCROT, O. and TODOROV, T., 1972. Dictionnaire Encyclopddique des Sciences du Langage
(Paris).<person-group>
                  <string-name xmlns:xlink="http://www.w3.org/1999/xlink">
                     <surname>Ducrot</surname>
                  </string-name>
               </person-group>
               <source>Dictionnaire Encyclopddique des Sciences du Langage</source>
               <year>1972</year>
            </mixed-citation>
         </ref>
         <ref id="d26219e276a1310">
            <mixed-citation id="d26219e280" publication-type="book">
Eco, U., 1976. A Theory of Semiotics (Bloomington: Indiana UP).<person-group>
                  <string-name xmlns:xlink="http://www.w3.org/1999/xlink">
                     <surname>Eco</surname>
                  </string-name>
               </person-group>
               <source>A Theory of Semiotics</source>
               <year>1976</year>
            </mixed-citation>
         </ref>
         <ref id="d26219e303a1310">
            <mixed-citation id="d26219e307" publication-type="book">
FRYE, N., 1957. Anatomy of Criticism (Princeton UP).<person-group>
                  <string-name xmlns:xlink="http://www.w3.org/1999/xlink">
                     <surname>Frye</surname>
                  </string-name>
               </person-group>
               <source>Anatomy of Criticism</source>
               <year>1957</year>
            </mixed-citation>
         </ref>
         <ref id="d26219e329a1310">
            <mixed-citation id="d26219e333" publication-type="book">
GULLi PUGLIATTI, P., 1976. I Segni Latenti: Scrittura come Virtualita Scenica in King Lear
(Florence).<person-group>
                  <string-name xmlns:xlink="http://www.w3.org/1999/xlink">
                     <surname>Pugliatti</surname>
                  </string-name>
               </person-group>
               <source>I Segni Latenti: Scrittura come Virtualita Scenica in King Lear</source>
               <year>1976</year>
            </mixed-citation>
         </ref>
         <ref id="d26219e358a1310">
            <mixed-citation id="d26219e362" publication-type="book">
HJELMSLEV, L., 1953. Prolegomena to a Theory of Language, trans. F. J. Whitfield (Bloomington:
Indiana UP).<person-group>
                  <string-name xmlns:xlink="http://www.w3.org/1999/xlink">
                     <surname>Hjelmslev</surname>
                  </string-name>
               </person-group>
               <source>Prolegomena to a Theory of Language</source>
               <year>1953</year>
            </mixed-citation>
         </ref>
         <ref id="d26219e387a1310">
            <mixed-citation id="d26219e391" publication-type="book">
JAKOBSON, R., 1971. Selected Writings II (The Hague: Mouton).<person-group>
                  <string-name xmlns:xlink="http://www.w3.org/1999/xlink">
                     <surname>Jakobson</surname>
                  </string-name>
               </person-group>
               <source>Selected Writings II</source>
               <year>1971</year>
            </mixed-citation>
         </ref>
         <ref id="d26219e413a1310">
            <mixed-citation id="d26219e417" publication-type="book">
JANSEN, S., 1968. "Esquisses d'une thdorie de la forme dramatique," Languages 12, 71-93.<person-group>
                  <string-name xmlns:xlink="http://www.w3.org/1999/xlink">
                     <surname>Jansen</surname>
                  </string-name>
               </person-group>
               <comment content-type="section">Esquisses d'une thdorie de la forme dramatique</comment>
               <fpage>71</fpage>
               <volume>12</volume>
               <source>Languages</source>
               <year>1968</year>
            </mixed-citation>
         </ref>
         <ref id="d26219e449a1310">
            <mixed-citation id="d26219e453" publication-type="journal">
KOWZAN, T., 1968. "Le signe au thdiltre: Introduction a la sdmiologie de l'art du spectacle,"
Diogene 61, 59-90.<person-group>
                  <string-name xmlns:xlink="http://www.w3.org/1999/xlink">
                     <surname>Kowzan</surname>
                  </string-name>
               </person-group>
               <fpage>59</fpage>
               <volume>61</volume>
               <source>Diogene</source>
               <year>1968</year>
            </mixed-citation>
         </ref>
         <ref id="d26219e486a1310">
            <mixed-citation id="d26219e490" publication-type="book">
LARTHOMAS, P., 1972. Le Langage Dramatique (Paris).<person-group>
                  <string-name xmlns:xlink="http://www.w3.org/1999/xlink">
                     <surname>Larthomas</surname>
                  </string-name>
               </person-group>
               <source>Le Langage Dramatique</source>
               <year>1972</year>
            </mixed-citation>
         </ref>
         <ref id="d26219e512a1310">
            <mixed-citation id="d26219e516" publication-type="book">
LYONS, J., 1977. Semantics II (Cambridge UP).<person-group>
                  <string-name xmlns:xlink="http://www.w3.org/1999/xlink">
                     <surname>Lyons</surname>
                  </string-name>
               </person-group>
               <source>Semantics II</source>
               <year>1977</year>
            </mixed-citation>
         </ref>
         <ref id="d26219e538a1310">
            <mixed-citation id="d26219e542" publication-type="journal">
PAGNINI, M., 1970. "Per una semiologia del teatro classico," Strumenti Critici 12, 121-140.<person-group>
                  <string-name xmlns:xlink="http://www.w3.org/1999/xlink">
                     <surname>Pagnini</surname>
                  </string-name>
               </person-group>
               <fpage>121</fpage>
               <volume>12</volume>
               <source>Strumenti Critici</source>
               <year>1970</year>
            </mixed-citation>
         </ref>
         <ref id="d26219e571a1310">
            <mixed-citation id="d26219e575" publication-type="book">
PEIRCE, C.S., 1931. Collected Papers, ed. by C. Hartshorne and P. Weiss (Cambridge, Mass.).<person-group>
                  <string-name xmlns:xlink="http://www.w3.org/1999/xlink">
                     <surname>Peirce</surname>
                  </string-name>
               </person-group>
               <source>Collected Papers</source>
               <year>1931</year>
            </mixed-citation>
         </ref>
         <ref id="d26219e597a1310">
            <mixed-citation id="d26219e601" publication-type="journal">
RASTIER, F., 1971. "Les niveaux d'ambiguité des structures narratives,"' Semiotica 3/4, 289-342.<person-group>
                  <string-name xmlns:xlink="http://www.w3.org/1999/xlink">
                     <surname>Rastier</surname>
                  </string-name>
               </person-group>
               <fpage>289</fpage>
               <volume>3</volume>
               <source>Semiotica</source>
               <year>1971</year>
            </mixed-citation>
         </ref>
         <ref id="d26219e630a1310">
            <mixed-citation id="d26219e634" publication-type="journal">
RUFFINI, F., 1974a. "Semiotica del teatro: ricognizione degli studi," Biblioteca Teatrale 9, 34-81.<person-group>
                  <string-name xmlns:xlink="http://www.w3.org/1999/xlink">
                     <surname>Ruffini</surname>
                  </string-name>
               </person-group>
               <fpage>34</fpage>
               <volume>9</volume>
               <source>Biblioteca Teatrale</source>
               <year>1974</year>
            </mixed-citation>
         </ref>
         <ref id="d26219e664a1310">
            <mixed-citation id="d26219e668" publication-type="journal">
1974 "Semiotica del teatro: la stabilizzazione del senso; Un approccio informazionale," Biblio-
teca Teatrale 10/11, 205-239.<person-group>
                  <string-name xmlns:xlink="http://www.w3.org/1999/xlink">
                     <surname>Ruffini</surname>
                  </string-name>
               </person-group>
               <fpage>205</fpage>
               <volume>10</volume>
               <source>Biblioteca Teatrale</source>
               <year>1974</year>
            </mixed-citation>
         </ref>
         <ref id="d26219e700a1310">
            <mixed-citation id="d26219e704" publication-type="book">
SOURIAU, E., 1950. Les 200,000 Situations Dramatiques (Paris).<person-group>
                  <string-name xmlns:xlink="http://www.w3.org/1999/xlink">
                     <surname>Souriau</surname>
                  </string-name>
               </person-group>
               <source>Les 200,000 Situations Dramatiques</source>
               <year>1950</year>
            </mixed-citation>
         </ref>
         <ref id="d26219e726a1310">
            <mixed-citation id="d26219e730" publication-type="book">
SZONDI, P., 1956. Theorie des modernen Dramas (Frankfurt: Suhrkamp).<person-group>
                  <string-name xmlns:xlink="http://www.w3.org/1999/xlink">
                     <surname>Szondi</surname>
                  </string-name>
               </person-group>
               <source>Theorie des modernen Dramas</source>
               <year>1956</year>
            </mixed-citation>
         </ref>
      </ref-list>
      <ref-list>
         <title>Bibliographical Note</title>
         <ref id="d26219e761a1310">
            <mixed-citation id="d26219e765" publication-type="book">
Elam, Keir, 1980. The Semiotics of Theatre and Drama (London and New York).<person-group>
                  <string-name xmlns:xlink="http://www.w3.org/1999/xlink">
                     <surname>Elam</surname>
                  </string-name>
               </person-group>
               <source>The Semiotics of Theatre and Drama</source>
               <year>1980</year>
            </mixed-citation>
         </ref>
         <ref id="d26219e787a1310">
            <mixed-citation id="d26219e791" publication-type="journal">
Gulli Pugliatti, Paola, 1979 "Per una indogine sulla convenzione nel testo drammatico".
Strummert Critici 39/40, 428-447.<person-group>
                  <string-name xmlns:xlink="http://www.w3.org/1999/xlink">
                     <surname>Pugliatti</surname>
                  </string-name>
               </person-group>
               <fpage>428</fpage>
               <volume>39</volume>
               <source>Strummert Critici</source>
               <year>1979</year>
            </mixed-citation>
         </ref>
         <ref id="d26219e823a1310">
            <mixed-citation id="d26219e827" publication-type="book">
Rutelli, Romana, 1978 "Romeo e Guilietta": l'effabile (Milano)<person-group>
                  <string-name xmlns:xlink="http://www.w3.org/1999/xlink">
                     <surname>Rutelli</surname>
                  </string-name>
               </person-group>
               <comment content-type="section">Romeo e Guilietta</comment>
               <source>l'effabile</source>
               <year>1978</year>
            </mixed-citation>
         </ref>
         <ref id="d26219e852a1310">
            <mixed-citation id="d26219e856" publication-type="journal">
1979 "Polonio: la retorica dell'autoprediccizione ela dissoluzione di un modello culturale",
Strummerti Critici, 38, 41-72.<person-group>
                  <string-name xmlns:xlink="http://www.w3.org/1999/xlink">
                     <surname>Rutelli</surname>
                  </string-name>
               </person-group>
               <fpage>41</fpage>
               <volume>38</volume>
               <source>Strummerti Critici</source>
               <year>1979</year>
            </mixed-citation>
         </ref>
         <ref id="d26219e889a1310">
            <mixed-citation id="d26219e893" publication-type="book">
Serpieri, Allessandro, 1978, "Retorica e modelli culturali nol dramma", in Il modillo della
cultura e i codia (Pavia)<person-group>
                  <string-name xmlns:xlink="http://www.w3.org/1999/xlink">
                     <surname>Serpieri</surname>
                  </string-name>
               </person-group>
               <comment content-type="section">Retorica e modelli culturali nol dramma</comment>
               <source>Il modillo della cultura e i codia</source>
               <year>1978</year>
            </mixed-citation>
         </ref>
         <ref id="d26219e922a1310">
            <mixed-citation id="d26219e926" publication-type="journal">
1980 "Retorica a teatro", Strummerti Critici, 41, 146- 163.<fpage>146</fpage>
               <volume>41</volume>
               <source>Strummerti Critici</source>
               <year>1980</year>
            </mixed-citation>
         </ref>
         <ref id="d26219e945a1310">
            <mixed-citation id="d26219e949" publication-type="journal">
Mullini, Roberta, 1979, "Much Ado About Nothing: l'onintanaito della emmicuzione dell
'eavesdropping", Quaderni de Teatro, II, 5, 113- 153<person-group>
                  <string-name xmlns:xlink="http://www.w3.org/1999/xlink">
                     <surname>Mullini</surname>
                  </string-name>
               </person-group>
               <issue>5</issue>
               <fpage>113</fpage>
               <volume>II</volume>
               <source>Quaderni de Teatro</source>
               <year>1979</year>
            </mixed-citation>
         </ref>
      </ref-list>
   </back>
</article>
