<article xmlns:xsi="http://www.w3.org/2001/XMLSchema-instance"
         xmlns:xlink="http://www.w3.org/1999/xlink"
         xmlns:mml="http://www.w3.org/1998/Math/MathML"
         dtd-version="1.0"
         article-type="research-article">
   <front>
      <journal-meta>
         <journal-id journal-id-type="jstor">poeticstoday</journal-id>
         <journal-id journal-id-type="jstor">j100659</journal-id>
         <journal-title-group>
            <journal-title>Poetics Today</journal-title>
         </journal-title-group>
         <publisher>
            <publisher-name>Porter Institute for Poetics and Semiotics</publisher-name>
         </publisher>
         <issn pub-type="ppub">03335372</issn>
         <issn pub-type="epub">15275507</issn>
      </journal-meta>
      <article-meta>
         <article-id pub-id-type="doi">10.2307/1772760</article-id>
         <article-categories>
            <subj-group>
               <subject>Theory of Character</subject>
            </subj-group>
         </article-categories>
         <title-group>
            <article-title>Spectacle Binding: On Character</article-title>
         </title-group>
         <contrib-group>
            <contrib contrib-type="author">
               <string-name>
                  <given-names>John</given-names>
                  <surname>Frow</surname>
               </string-name>
            </contrib>
         </contrib-group>
         <pub-date>
            <day>1</day>
            <month>1</month>
            <year>1986</year>
         </pub-date>
         <volume>7</volume>
         <issue>2</issue>
         <issue-id>i303071</issue-id>
         <fpage>227</fpage>
         <lpage>250</lpage>
         <page-range>227-250</page-range>
         <permissions>
            <copyright-statement>Copyright The Porter Institute for Poetics and Semiotics Tel Aviv University</copyright-statement>
         </permissions>
         <self-uri xlink:href="http://www.jstor.org/stable/1772760"/>
         <custom-meta-group>
            <custom-meta>
               <meta-name>lang</meta-name>
               <meta-value>eng</meta-value>
            </custom-meta>
         </custom-meta-group>
      </article-meta>
   </front>
   <back>
      <ref-list>
         <title>References</title>
         <ref id="d5950e123a1310">
            <mixed-citation id="d5950e127" publication-type="book">
Barthes, Roland, 1974 (1970). S/Z, trans. Richard Miller (New York: Hill and Wang).<person-group>
                  <string-name>
                     <surname>Barthes</surname>
                  </string-name>
               </person-group>
               <source>S/Z</source>
               <year>1974</year>
            </mixed-citation>
         </ref>
         <ref id="d5950e149a1310">
            <mixed-citation id="d5950e153" publication-type="book">
Bersani, Leo, 1976. A Future for Astyanax: Character and Desire in Literature (Boston:
Little, Brown and Co.).<person-group>
                  <string-name>
                     <surname>Bersani</surname>
                  </string-name>
               </person-group>
               <source>A Future for Astyanax: Character and Desire in Literature</source>
               <year>1976</year>
            </mixed-citation>
         </ref>
         <ref id="d5950e178a1310">
            <mixed-citation id="d5950e182" publication-type="journal">
Bickerton, Derek, 1967. "Modes of Interior Monologue: A Formal Definition," Modern
Language Quarterly 28:2, 229-239.<person-group>
                  <string-name>
                     <surname>Bickerton</surname>
                  </string-name>
               </person-group>
               <fpage>229</fpage>
               <volume>28</volume>
               <source>Modern Language Quarterly</source>
               <year>1967</year>
            </mixed-citation>
         </ref>
         <ref id="d5950e214a1310">
            <mixed-citation id="d5950e218" publication-type="book">
Brecht, Bertold, 1967. "Kritik der Einfiihlung," in Schriften Zum Theater, Gesammelte
Werke, Vol. 15 (Frankfurt am Main: Surhkamp), 240-251.<person-group>
                  <string-name>
                     <surname>Brecht</surname>
                  </string-name>
               </person-group>
               <comment content-type="section">Kritik der Einfiihlung</comment>
               <fpage>240</fpage>
               <volume>15</volume>
               <source>Schriften Zum Theater, Gesammelte Werke</source>
               <year>1967</year>
            </mixed-citation>
         </ref>
         <ref id="d5950e254a1310">
            <mixed-citation id="d5950e258" publication-type="book">
Chatman, Seymour, 1978. Story and Discourse: Narrative Structure in Fiction and Film
(Ithaca: Cornell UP).<person-group>
                  <string-name>
                     <surname>Chatman</surname>
                  </string-name>
               </person-group>
               <source>Story and Discourse: Narrative Structure in Fiction and Film</source>
               <year>1978</year>
            </mixed-citation>
         </ref>
         <ref id="d5950e283a1310">
            <mixed-citation id="d5950e287" publication-type="journal">
Cixous, Helene, 1974. "The Character of Character," New Literary History 5:2 (Winter),
383-402.<object-id pub-id-type="doi">10.2307/468401</object-id>
               <fpage>383</fpage>
            </mixed-citation>
         </ref>
         <ref id="d5950e303a1310">
            <mixed-citation id="d5950e307" publication-type="book">
Corblin, Francois, 1983. "Les designateurs dans les romans,"Poetique 54, 199-211.<person-group>
                  <string-name>
                     <surname>Corblin</surname>
                  </string-name>
               </person-group>
               <comment content-type="section">Les designateurs dans les romans</comment>
               <fpage>199</fpage>
               <volume>54</volume>
               <source>Poetique</source>
               <year>1983</year>
            </mixed-citation>
         </ref>
         <ref id="d5950e339a1310">
            <mixed-citation id="d5950e343" publication-type="journal">
Coste, Didier, 1979. "Heroic Function and Interpretation of Narrative," MLN 94,
1176-1188.<object-id pub-id-type="doi">10.2307/2906572</object-id>
            </mixed-citation>
         </ref>
         <ref id="d5950e356a1310">
            <mixed-citation id="d5950e360" publication-type="book">
Culler, Jonathan, 1975. Structuralist Poetics (Ithaca: Cornell UP).<person-group>
                  <string-name>
                     <surname>Culler</surname>
                  </string-name>
               </person-group>
               <source>Structuralist Poetics</source>
               <year>1975</year>
            </mixed-citation>
         </ref>
         <ref id="d5950e382a1310">
            <mixed-citation id="d5950e386" publication-type="book">
Dayan, Daniel, 1976. "The Tutor-Code of Classical Cinema," in: Bill Nichols, ed., Movies
and Methods (Berkeley: University of California Press), 438-451.<person-group>
                  <string-name>
                     <surname>Dayan</surname>
                  </string-name>
               </person-group>
               <comment content-type="section">The Tutor-Code of Classical Cinema</comment>
               <fpage>438</fpage>
               <source>Movies and Methods</source>
               <year>1976</year>
            </mixed-citation>
         </ref>
         <ref id="d5950e419a1310">
            <mixed-citation id="d5950e423" publication-type="book">
Ellis, John, 1980. "Photography/Pornography/Art/Pornography," Screen 21: 1, 81-108.<person-group>
                  <string-name>
                     <surname>Ellis</surname>
                  </string-name>
               </person-group>
               <comment content-type="section">Photography/Pornography/Art/Pornography,</comment>
               <fpage>81</fpage>
               <volume>21</volume>
               <source>Screen</source>
               <year>1980</year>
            </mixed-citation>
         </ref>
         <ref id="d5950e455a1310">
            <mixed-citation id="d5950e459" publication-type="book">
Freud, Sigmund, 1953. The Standard Edition of the Complete Psychological Works, ed.
James Strachey et al. (London: The Hogarth Press).<person-group>
                  <string-name>
                     <surname>Freud</surname>
                  </string-name>
               </person-group>
               <source>The Standard Edition of the Complete Psychological Works</source>
               <year>1953</year>
            </mixed-citation>
            <mixed-citation id="d5950e483" publication-type="book">
1953 (1900) The Interpretation of Dreams, in Freud 1953, Vols. 4 and 5, 1-627.<person-group>
                  <string-name>
                     <surname>Freud</surname>
                  </string-name>
               </person-group>
               <fpage>1</fpage>
               <volume>4</volume>
               <source>The Interpretation of Dreams</source>
               <year>1953</year>
            </mixed-citation>
            <mixed-citation id="d5950e511" publication-type="book">
1953 (1905) Three Essays on the Theory of Sexuality, in Freud 1953, Vol. 7, 125-248.<person-group>
                  <string-name>
                     <surname>Freud</surname>
                  </string-name>
               </person-group>
               <fpage>125</fpage>
               <volume>7</volume>
               <source>Three Essays on the Theory of Sexuality</source>
               <year>1953</year>
            </mixed-citation>
            <mixed-citation id="d5950e539" publication-type="book">
1953 (1917) "Mourning and Melancholia," in Freud 1953, Vol. 14, 237-258.<person-group>
                  <string-name>
                     <surname>Freud</surname>
                  </string-name>
               </person-group>
               <fpage>237</fpage>
               <volume>14</volume>
               <source>Mourning and Melancholia</source>
            </mixed-citation>
            <mixed-citation id="d5950e564" publication-type="book">
1953 "A Child is Being Beaten," in Freud 1953, Vol. 17, 175-204.<person-group>
                  <string-name>
                     <surname>Freud</surname>
                  </string-name>
               </person-group>
               <fpage>175</fpage>
               <volume>17</volume>
               <source>A Child is Being Beaten</source>
               <year>1953</year>
            </mixed-citation>
         </ref>
         <ref id="d5950e593a1310">
            <mixed-citation id="d5950e597" publication-type="journal">
Frow, John, 1981. "Voice and Register in Little Dorrit," Comparative Literature 33:3
(Summer), 258-270.<object-id pub-id-type="doi">10.2307/1770905</object-id>
               <fpage>258</fpage>
            </mixed-citation>
         </ref>
         <ref id="d5950e613a1310">
            <mixed-citation id="d5950e617" publication-type="book">
Frye, Northrop, 1957. The Anatomy of Criticism (Princeton: Princeton UP).<person-group>
                  <string-name>
                     <surname>Frye</surname>
                  </string-name>
               </person-group>
               <source>The Anatomy of Criticism</source>
               <year>1957</year>
            </mixed-citation>
         </ref>
         <ref id="d5950e639a1310">
            <mixed-citation id="d5950e643" publication-type="book">
Garvey,James, 1978. "Characterization in Narrative," Poetics 7, 63-78.<person-group>
                  <string-name>
                     <surname>Garvey</surname>
                  </string-name>
               </person-group>
               <comment content-type="section">Characterization in Narrative</comment>
               <fpage>63</fpage>
               <volume>7</volume>
               <source>Poetics</source>
            </mixed-citation>
         </ref>
         <ref id="d5950e672a1310">
            <mixed-citation id="d5950e676" publication-type="journal">
Goode,John, 1966. "Character and Henry James," New Left Review 40, 1-21.<person-group>
                  <string-name>
                     <surname>Goode</surname>
                  </string-name>
               </person-group>
               <fpage>1</fpage>
               <volume>40</volume>
               <source>New Left Review</source>
               <year>1966</year>
            </mixed-citation>
         </ref>
         <ref id="d5950e706a1310">
            <mixed-citation id="d5950e710" publication-type="book">
Greimas, AJ., "Reflexions sur les modules actantiels," in: Semantique structurale (Paris:
Larousse), 172-191.<person-group>
                  <string-name>
                     <surname>Greimas</surname>
                  </string-name>
               </person-group>
               <comment content-type="section">Reflexions sur les modules actantiels</comment>
               <fpage>172</fpage>
               <source>Semantique structurale</source>
            </mixed-citation>
         </ref>
         <ref id="d5950e739a1310">
            <mixed-citation id="d5950e743" publication-type="book">
Grivel, Charles, 1973. Production de l'interet romanesque (The Hague: Mouton).<person-group>
                  <string-name>
                     <surname>Grivel</surname>
                  </string-name>
               </person-group>
               <source>Production de l'interet romanesque</source>
               <year>1973</year>
            </mixed-citation>
         </ref>
         <ref id="d5950e765a1310">
            <mixed-citation id="d5950e769" publication-type="book">
Hamon, Philippe, 1977. "Pour un statut simiologique du personnage," in: R. Barthes, W.
Kayser, W. Booth, Ph. Hamon Poetique du recit (Paris: Seuil), 115-180.<person-group>
                  <string-name>
                     <surname>Hamon</surname>
                  </string-name>
               </person-group>
               <comment content-type="section">Pour un statut simiologique du personnage</comment>
               <fpage>115</fpage>
               <source>Poetique du recit</source>
               <year>1977</year>
            </mixed-citation>
         </ref>
         <ref id="d5950e801a1310">
            <mixed-citation id="d5950e805" publication-type="book">
Harvey, W.J., 1965. Character and the Novel (Ithaca: Cornell UP).<person-group>
                  <string-name>
                     <surname>Harvey</surname>
                  </string-name>
               </person-group>
               <source>Character and the Novel</source>
               <year>1965</year>
            </mixed-citation>
         </ref>
         <ref id="d5950e827a1310">
            <mixed-citation id="d5950e831" publication-type="book">
Heath, Stephen, 1977-1978. "Notes on Suture," Screen 18:4, 48-76.<person-group>
                  <string-name>
                     <surname>Heath</surname>
                  </string-name>
               </person-group>
               <comment content-type="section">Notes on Suture</comment>
               <fpage>48</fpage>
               <volume>18</volume>
               <source>Screen</source>
               <year>1978</year>
            </mixed-citation>
            <mixed-citation id="d5950e862" publication-type="book">
1978 "Questions of Property," Cine-Tracts 4, 2-11.<person-group>
                  <string-name>
                     <surname>Heath</surname>
                  </string-name>
               </person-group>
               <comment content-type="section">Questions of Property</comment>
               <fpage>2</fpage>
               <volume>4</volume>
               <source>Cine-Tracts</source>
               <year>1978</year>
            </mixed-citation>
         </ref>
         <ref id="d5950e894a1310">
            <mixed-citation id="d5950e898" publication-type="journal">
Hough, Grahame, 1970. "Narrative and Dialogue in Jane Austen," Critical Quarterly 12:3,
201-229.<person-group>
                  <string-name>
                     <surname>Hough</surname>
                  </string-name>
               </person-group>
               <fpage>201</fpage>
               <volume>12</volume>
               <source>Critical Quarterly</source>
               <year>1970</year>
            </mixed-citation>
         </ref>
         <ref id="d5950e931a1310">
            <mixed-citation id="d5950e935" publication-type="journal">
Hunter, Ian, 1983. "Reading Character," Southern Review 16:2, 226-243.<person-group>
                  <string-name>
                     <surname>Hunter</surname>
                  </string-name>
               </person-group>
               <fpage>226</fpage>
               <volume>16</volume>
               <source>Southern Review</source>
               <year>1983</year>
            </mixed-citation>
         </ref>
         <ref id="d5950e964a1310">
            <mixed-citation id="d5950e968" publication-type="journal">
Jauss, Hans Robert, 1974. "Levels of Identification of Hero and Audience," New Literary
History 5:2 (Winter), 283-317.<object-id pub-id-type="doi">10.2307/468397</object-id>
               <fpage>283</fpage>
            </mixed-citation>
         </ref>
         <ref id="d5950e984a1310">
            <mixed-citation id="d5950e988" publication-type="book">
Knight, L.C., 1951. "How Many Children had Lady Macbeth?" in: Explorations (London:
Chatto and Windus), 1-39.<person-group>
                  <string-name>
                     <surname>Knight</surname>
                  </string-name>
               </person-group>
               <comment content-type="section">How Many Children had Lady Macbeth?</comment>
               <fpage>1</fpage>
               <source>Explorations</source>
               <year>1951</year>
            </mixed-citation>
         </ref>
         <ref id="d5950e1020a1310">
            <mixed-citation id="d5950e1024" publication-type="book">
Lacan, Jacques, 1977. Ecrits: A Selection, trans. Alan Sheridan (London: Tavistock).<person-group>
                  <string-name>
                     <surname>Lacan</surname>
                  </string-name>
               </person-group>
               <source>Ecrits: A Selection</source>
               <year>1977</year>
            </mixed-citation>
         </ref>
         <ref id="d5950e1046a1310">
            <mixed-citation id="d5950e1050" publication-type="book">
Laplanche, Jean, 1976 (1970). Life and Death in Psychoanalysis, trans. Jeffrey Mehlman
(Baltimore: Johns Hopkins UP).<person-group>
                  <string-name>
                     <surname>Laplanche</surname>
                  </string-name>
               </person-group>
               <source>Life and Death in Psychoanalysis</source>
               <year>1976</year>
            </mixed-citation>
         </ref>
         <ref id="d5950e1075a1310">
            <mixed-citation id="d5950e1079" publication-type="book">
Laplanche, Jean, and J.-B. Pontalis, 1980 (1967). The Language of Psychoanalysis, trans.
Donald Nicholson (London: The Hogarth Press).<person-group>
                  <string-name>
                     <surname>Laplanche</surname>
                  </string-name>
               </person-group>
               <source>The Language of Psychoanalysis</source>
               <year>1980</year>
            </mixed-citation>
         </ref>
         <ref id="d5950e1105a1310">
            <mixed-citation id="d5950e1109" publication-type="book">
MacCabe, Colin, 1979. "On Discourse," Economy and Society 8:4, 279-307.<person-group>
                  <string-name>
                     <surname>MacCabe</surname>
                  </string-name>
               </person-group>
               <comment content-type="section">On Discourse</comment>
               <fpage>279</fpage>
               <volume>8</volume>
               <source>Economy and Society</source>
               <year>1979</year>
            </mixed-citation>
         </ref>
         <ref id="d5950e1141a1310">
            <mixed-citation id="d5950e1145" publication-type="book">
McHale, Brian, 1978. "Free Indirect Discourse: A Survey of Recent Accounts," PTL 3:2,
249-287.<person-group>
                  <string-name>
                     <surname>McHale</surname>
                  </string-name>
               </person-group>
               <comment content-type="section">Free Indirect Discourse: A Survey of Recent Accounts</comment>
               <fpage>249</fpage>
               <volume>3</volume>
               <source>PTL</source>
               <year>1978</year>
            </mixed-citation>
         </ref>
         <ref id="d5950e1180a1310">
            <mixed-citation id="d5950e1184" publication-type="journal">
Miller, Jacques-Alain, 1977-1978. "Suture (Elements of the Logic of the Signifier)," Screen
18:4, 24-34.<person-group>
                  <string-name>
                     <surname>Miller</surname>
                  </string-name>
               </person-group>
               <fpage>24</fpage>
               <volume>18</volume>
               <source>Screen</source>
               <year>1977</year>
            </mixed-citation>
         </ref>
         <ref id="d5950e1216a1310">
            <mixed-citation id="d5950e1220" publication-type="journal">
Mulvey, Laura, 1975. "Visual Pleasure and Narrative Cinema," Screen 16:3, 6-18.<person-group>
                  <string-name>
                     <surname>Mulvey</surname>
                  </string-name>
               </person-group>
               <fpage>6</fpage>
               <volume>16</volume>
               <source>Screen</source>
               <year>1975</year>
            </mixed-citation>
         </ref>
         <ref id="d5950e1249a1310">
            <mixed-citation id="d5950e1253" publication-type="journal">
Oudart, Jean-Pierre, 1977-1978. "Cinema and Suture," Screen 18:4, 35-47.<person-group>
                  <string-name>
                     <surname>Oudart</surname>
                  </string-name>
               </person-group>
               <fpage>35</fpage>
               <volume>18</volume>
               <source>Screen</source>
               <year>1977</year>
            </mixed-citation>
         </ref>
         <ref id="d5950e1282a1310">
            <mixed-citation id="d5950e1286" publication-type="journal">
Pajaczkowska, Claire, 1981. "The Heterosexual Presumption: A Contribution to the Debate
on Pornography," Screen 22:1, 79-94.<person-group>
                  <string-name>
                     <surname>Pajaczkowska</surname>
                  </string-name>
               </person-group>
               <fpage>79</fpage>
               <volume>22</volume>
               <source>Screen</source>
               <year>1981</year>
            </mixed-citation>
         </ref>
         <ref id="d5950e1319a1310">
            <mixed-citation id="d5950e1323" publication-type="book">
Price, Martin, 1968. "The Other Self: Thoughts about Character in the Novel," in: Maynard
Mack and Ian Gregor, eds., Imagined Worlds: Essays on Some English Novels and
Novelists in Honour of John Butt (London: Methuen), 279-299.<person-group>
                  <string-name>
                     <surname>Price</surname>
                  </string-name>
               </person-group>
               <comment content-type="section">The Other Self: Thoughts about Character in the Novel</comment>
               <fpage>279</fpage>
               <source>Imagined Worlds: Essays on Some English Novels and Novelists in Honour of John Butt</source>
               <year>1968</year>
            </mixed-citation>
         </ref>
         <ref id="d5950e1358a1310">
            <mixed-citation id="d5950e1362" publication-type="book">
Rimmon-Kenan, Shlomith, 1983. Narrative Fiction: Contemporary Poetics (London:
Methuen).<person-group>
                  <string-name>
                     <surname>Rimmon-Kenan</surname>
                  </string-name>
               </person-group>
               <source>Narrative Fiction: Contemporary Poetics</source>
               <year>1983</year>
            </mixed-citation>
         </ref>
         <ref id="d5950e1387a1310">
            <mixed-citation id="d5950e1391" publication-type="journal">
Stern, Lesley, 1979. "Point of View: The Blind Spot," Film Reader 4, 214-236.<fpage>214</fpage>
               <volume>4</volume>
               <source>Film Reader</source>
            </mixed-citation>
         </ref>
         <ref id="d5950e1407a1310">
            <mixed-citation id="d5950e1411" publication-type="book">
Surmelian, Leon, 1968. Techniques of Fiction Writing: Measure and Madness (New York:
Doubleday).<person-group>
                  <string-name>
                     <surname>Surmelian</surname>
                  </string-name>
               </person-group>
               <source>Techniques of Fiction Writing: Measure and Madness</source>
               <year>1968</year>
            </mixed-citation>
         </ref>
         <ref id="d5950e1436a1310">
            <mixed-citation id="d5950e1440" publication-type="book">
Todorov, Tzvetan, 1969. Grammaire du Decameron (The Hague: Mouton).<person-group>
                  <string-name>
                     <surname>Todorov</surname>
                  </string-name>
               </person-group>
               <source>Grammaire du Decameron</source>
               <year>1969</year>
            </mixed-citation>
         </ref>
         <ref id="d5950e1462a1310">
            <mixed-citation id="d5950e1466" publication-type="book">
Tomashevsky, Boris, 1965 (1925). "Thematics," in: L. Lemon and M. Reis trans. and eds.,
Russian Formalist Criticism (Lincoln: University of Nebraska Press), 61-95.<person-group>
                  <string-name>
                     <surname>Tomashevsky</surname>
                  </string-name>
               </person-group>
               <comment content-type="section">Thematics,</comment>
               <fpage>61</fpage>
               <source>Russian Formalist Criticism</source>
               <year>1965</year>
            </mixed-citation>
         </ref>
         <ref id="d5950e1499a1310">
            <mixed-citation id="d5950e1503" publication-type="journal">
Weinsheimer, Joel, 1980."Theory of Character: Emma," Poetics Today 1:1--2 (Autumn),
185-211.<object-id pub-id-type="doi">10.2307/1772047</object-id>
               <fpage>185</fpage>
            </mixed-citation>
         </ref>
         <ref id="d5950e1519a1310">
            <mixed-citation id="d5950e1523" publication-type="journal">
Wilson, Rawdon, 1979. "The Bright Chimaera: Character as a Literary Term," Critical
Inquiry 5:4, 725-749.<object-id pub-id-type="jstor">10.2307/1343032</object-id>
               <fpage>725</fpage>
            </mixed-citation>
         </ref>
      </ref-list>
   </back>
</article>
