<article xmlns:xsi="http://www.w3.org/2001/XMLSchema-instance"
         xmlns:xlink="http://www.w3.org/1999/xlink"
         xmlns:mml="http://www.w3.org/1998/Math/MathML"
         dtd-version="1.0"
         article-type="research-article">
   <front>
      <journal-meta>
         <journal-id journal-id-type="jstor">poeticstoday</journal-id>
         <journal-id journal-id-type="jstor">j100659</journal-id>
         <journal-title-group>
            <journal-title>Poetics Today</journal-title>
         </journal-title-group>
         <publisher>
            <publisher-name>Porter Institute for Poetics and Semiotics</publisher-name>
         </publisher>
         <issn pub-type="ppub">03335372</issn>
         <issn pub-type="epub">15275507</issn>
      </journal-meta>
      <article-meta>
         <article-id pub-id-type="doi">10.2307/1772759</article-id>
         <article-categories>
            <subj-group>
               <subject>Theory of Character</subject>
            </subj-group>
         </article-categories>
         <title-group>
            <article-title>The Doer and the Deed: Action as a Basis for Characterization in Narrative</article-title>
         </title-group>
         <contrib-group>
            <contrib contrib-type="author">
               <string-name>
                  <given-names>Uri</given-names>
                  <surname>Margolin</surname>
               </string-name>
            </contrib>
         </contrib-group>
         <pub-date>
            <day>1</day>
            <month>1</month>
            <year>1986</year>
         </pub-date>
         <volume>7</volume>
         <issue>2</issue>
         <issue-id>i303071</issue-id>
         <fpage>205</fpage>
         <lpage>225</lpage>
         <page-range>205-225</page-range>
         <permissions>
            <copyright-statement>Copyright The Porter Institute for Poetics and Semiotics Tel Aviv University</copyright-statement>
         </permissions>
         <self-uri xlink:href="http://www.jstor.org/stable/1772759"/>
         <custom-meta-group>
            <custom-meta>
               <meta-name>lang</meta-name>
               <meta-value>eng</meta-value>
            </custom-meta>
         </custom-meta-group>
      </article-meta>
   </front>
   <back>
      <ref-list>
         <title>References</title>
         <ref id="d5915e123a1310">
            <label>1</label>
            <mixed-citation id="d5915e130" publication-type="book">
Shlomit Rimmon-
Kenan (1983:36-40)  <fpage>36</fpage>
            </mixed-citation>
         </ref>
         <ref id="d5915e145a1310">
            <label>2</label>
            <mixed-citation id="d5915e152" publication-type="other">
Margolin (1983:1-14)</mixed-citation>
            <mixed-citation id="d5915e158" publication-type="book">
"Characterisation in Narrative: Some Theoretical Prolegomena,"
Neophilologus 67, 1983, pp. 1-14<comment content-type="section">Characterisation in Narrative: Some Theoretical Prolegomena</comment>
               <fpage>1</fpage>
               <volume>67</volume>
               <source>Neophilologus</source>
               <year>1983</year>
            </mixed-citation>
         </ref>
         <ref id="d5915e184a1310">
            <label>3</label>
            <mixed-citation id="d5915e191" publication-type="book">
Nicholas Rescher's brilliant analysis,
"Aspects of Action" (1962:215-219)<person-group>
                  <string-name>
                     <surname>Rescher</surname>
                  </string-name>
               </person-group>
               <fpage>215</fpage>
               <source>Aspects of Action</source>
               <year>1962</year>
            </mixed-citation>
         </ref>
      </ref-list>
      <ref-list>
         <title>References</title>
         <ref id="d5915e229a1310">
            <mixed-citation id="d5915e233" publication-type="book">
Anscombe, G.E.M. 1970. "Pretending," in: An Introduction to Philosophical Inquiry, ed.
Joseph Margolis (New York: Alfred A. Knopf), 404-414.<person-group>
                  <string-name>
                     <surname>Anscombe</surname>
                  </string-name>
               </person-group>
               <comment content-type="section">Pretending</comment>
               <fpage>404</fpage>
               <source>An Introduction to Philosophical Inquiry</source>
               <year>1970</year>
            </mixed-citation>
         </ref>
         <ref id="d5915e265a1310">
            <mixed-citation id="d5915e269" publication-type="book">
Chatman, Seymour, 1980. Story and Discourse (Ithaca and London: Cornell UP).<person-group>
                  <string-name>
                     <surname>Chatman</surname>
                  </string-name>
               </person-group>
               <source>Story and Discourse</source>
               <year>1980</year>
            </mixed-citation>
         </ref>
         <ref id="d5915e291a1310">
            <mixed-citation id="d5915e295" publication-type="book">
Culler, Jonathan, 1974. Flaubert: The Uses of Uncertainty (London: Elek).<person-group>
                  <string-name>
                     <surname>Culler</surname>
                  </string-name>
               </person-group>
               <source>Flaubert: The Uses of Uncertainty</source>
               <year>1974</year>
            </mixed-citation>
         </ref>
         <ref id="d5915e317a1310">
            <mixed-citation id="d5915e321" publication-type="book">
Kahr, Johanna, 1977. Enterpersénlichende Personenerwdhnung im modernen franzésischen
Roman (Amsterdam: B.R. Griiner).<person-group>
                  <string-name>
                     <surname>Kahr</surname>
                  </string-name>
               </person-group>
               <source>Enterpersénlichende Personenerwdhnung im modernen franzésischen Roman</source>
               <year>1977</year>
            </mixed-citation>
         </ref>
         <ref id="d5915e347a1310">
            <mixed-citation id="d5915e351" publication-type="journal">
Martinez-Bonati, Felix, 1980. "The Act of Writing Fiction," New Literary History 11:3,
425-434.<object-id pub-id-type="doi">10.2307/468936</object-id>
               <fpage>425</fpage>
            </mixed-citation>
         </ref>
         <ref id="d5915e367a1310">
            <mixed-citation id="d5915e371" publication-type="book">
van Dijk, Teun A., 1977. Text and Context: Explorations in the Semantics and Pragmatics
of Discourse (London and New York: Longman).<person-group>
                  <string-name>
                     <surname>Dijk</surname>
                  </string-name>
               </person-group>
               <source>Text and Context: Explorations in the Semantics and Pragmatics of Discourse</source>
               <year>1977</year>
            </mixed-citation>
         </ref>
      </ref-list>
   </back>
</article>
