<article dtd-version="1.0" article-type="research-article">
   <front>
      <journal-meta>
         <journal-id xmlns:xlink="http://www.w3.org/1999/xlink" journal-id-type="jstor">poeticstoday</journal-id>
         <journal-id xmlns:xlink="http://www.w3.org/1999/xlink" journal-id-type="jstor">j100659</journal-id>
         <journal-title-group xmlns:xlink="http://www.w3.org/1999/xlink">
            <journal-title>Poetics Today</journal-title>
         </journal-title-group>
         <publisher>
            <publisher-name>Porter Institute for Poetics and Semiotics</publisher-name>
         </publisher>
         <issn xmlns:xlink="http://www.w3.org/1999/xlink" pub-type="ppub">03335372</issn>
         <issn xmlns:xlink="http://www.w3.org/1999/xlink" pub-type="epub">15275507</issn>
      </journal-meta>
      <article-meta>
         <article-id xmlns:xlink="http://www.w3.org/1999/xlink" pub-id-type="doi">10.2307/1772024</article-id>
         <article-categories>
            <subj-group>
               <subject>Literature and Language</subject>
            </subj-group>
         </article-categories>
         <title-group>
            <article-title>The Bridge and the River: Or the Ironies of Communication</article-title>
         </title-group>
         <contrib-group>
            <contrib contrib-type="author">
               <string-name xmlns:xlink="http://www.w3.org/1999/xlink">
                  <given-names>Graham Dunstan</given-names>
                  <surname>Martin</surname>
               </string-name>
            </contrib>
         </contrib-group>
         <pub-date xmlns:xlink="http://www.w3.org/1999/xlink">
            <day>1</day>
            <month>1</month>
            <year>1983</year>
         </pub-date>
         <volume>4</volume>
         <issue>3</issue>
         <issue-id xmlns:xlink="http://www.w3.org/1999/xlink">i303061</issue-id>
         <fpage>415</fpage>
         <lpage>435</lpage>
         <page-range>415-435</page-range>
         <permissions>
            <copyright-statement>Copyright The Porter Institute for Poetics and Semiotics Tel Aviv University</copyright-statement>
         </permissions>
         <self-uri xmlns:xlink="http://www.w3.org/1999/xlink"
                   xlink:href="http://www.jstor.org/stable/1772024"/>
         <custom-meta-group xmlns:xlink="http://www.w3.org/1999/xlink">
            <custom-meta>
               <meta-name>lang</meta-name>
               <meta-value>eng</meta-value>
            </custom-meta>
         </custom-meta-group>
      </article-meta>
   </front>
   <back>
      <fn-group xmlns:xlink="http://www.w3.org/1999/xlink">
         <title>[Footnotes]</title>
         <fn id="d5439e123a1310">
            <label>1</label>
            <p>
               <mixed-citation id="d5439e130" publication-type="book">
Magritte's painting The Human
Condition<person-group>
                     <string-name>
                        <surname>Magritte</surname>
                     </string-name>
                  </person-group>
                  <source>The Human Condition</source>
               </mixed-citation>
            </p>
         </fn>
      </fn-group>
      <ref-list>
         <title>References</title>
         <ref id="d5439e161a1310">
            <mixed-citation id="d5439e165" publication-type="book">
Ardener, E.W., ed., 1971. Social Anthropology and Language (London).<person-group>
                  <string-name xmlns:xlink="http://www.w3.org/1999/xlink">
                     <surname>Ardener</surname>
                  </string-name>
               </person-group>
               <source>Social Anthropology and Language</source>
               <year>1971</year>
            </mixed-citation>
         </ref>
         <ref id="d5439e187a1310">
            <mixed-citation id="d5439e191" publication-type="book">
Austin, J.L., 1962. How to Do Things with Words (Oxford).<person-group>
                  <string-name xmlns:xlink="http://www.w3.org/1999/xlink">
                     <surname>Austin</surname>
                  </string-name>
               </person-group>
               <source>How to Do Things with Words</source>
               <year>1962</year>
            </mixed-citation>
         </ref>
         <ref id="d5439e213a1310">
            <mixed-citation id="d5439e217" publication-type="book">
Black, Max, 1972. The Labyrinth of Language (Harmondsworth).<person-group>
                  <string-name xmlns:xlink="http://www.w3.org/1999/xlink">
                     <surname>Black</surname>
                  </string-name>
               </person-group>
               <source>The Labyrinth of Language</source>
               <year>1972</year>
            </mixed-citation>
         </ref>
         <ref id="d5439e239a1310">
            <mixed-citation id="d5439e243" publication-type="book">
Black, M., ed., 1972. Alice Ambrose, "The Problem of Linguistic Adequacy," in: Philoso-
phical Analysis (London).<person-group>
                  <string-name xmlns:xlink="http://www.w3.org/1999/xlink">
                     <surname>Black</surname>
                  </string-name>
               </person-group>
               <comment content-type="section">The Problem of Linguistic Adequacy</comment>
               <source>Philosophical Analysis</source>
               <year>1972</year>
            </mixed-citation>
         </ref>
         <ref id="d5439e273a1310">
            <mixed-citation id="d5439e277" publication-type="book">
Bondi, Hermann, 1967. Assumption and Myth in Physical Theory (Cambridge).<person-group>
                  <string-name xmlns:xlink="http://www.w3.org/1999/xlink">
                     <surname>Bondi</surname>
                  </string-name>
               </person-group>
               <source>Assumption and Myth in Physical Theory</source>
               <year>1967</year>
            </mixed-citation>
         </ref>
         <ref id="d5439e299a1310">
            <mixed-citation id="d5439e303" publication-type="book">
Brown, Roger, 1958. Words and Things (New York).<person-group>
                  <string-name xmlns:xlink="http://www.w3.org/1999/xlink">
                     <surname>Brown</surname>
                  </string-name>
               </person-group>
               <source>Words and Things</source>
               <year>1958</year>
            </mixed-citation>
         </ref>
         <ref id="d5439e325a1310">
            <mixed-citation id="d5439e329" publication-type="journal">
Brown, R.W. and E.H. Lenneberg, 1954. "A Study in Language and Cognition," Journal of
Abnormal and Social Psychology 49, 454-462.<person-group>
                  <string-name xmlns:xlink="http://www.w3.org/1999/xlink">
                     <surname>Brown</surname>
                  </string-name>
               </person-group>
               <fpage>454</fpage>
               <volume>49</volume>
               <source>Journal of Abnormal and Social Psychology</source>
               <year>1954</year>
            </mixed-citation>
         </ref>
         <ref id="d5439e361a1310">
            <mixed-citation id="d5439e365" publication-type="book">
Campbell, Patrick, 1976. Thirty-Five Years on the Job (Harmondsworth).<person-group>
                  <string-name xmlns:xlink="http://www.w3.org/1999/xlink">
                     <surname>Campbell</surname>
                  </string-name>
               </person-group>
               <source>Thirty-Five Years on the Job</source>
               <year>1976</year>
            </mixed-citation>
         </ref>
         <ref id="d5439e387a1310">
            <mixed-citation id="d5439e391" publication-type="journal">
Chew, Geoffrey F., 1968. "Bootstrap: A Scientific Idea?" Science 161, 762-765.<object-id pub-id-type="jstor">10.2307/1725778</object-id>
               <fpage>762</fpage>
            </mixed-citation>
         </ref>
         <ref id="d5439e404a1310">
            <mixed-citation id="d5439e408" publication-type="journal">
Conklin, H.C., 1955. "Hanunéo Color Categories," Southwestern Journal of Anthropology
11, 339-343.<object-id pub-id-type="jstor">10.2307/3628909</object-id>
               <fpage>339</fpage>
            </mixed-citation>
         </ref>
         <ref id="d5439e425a1310">
            <mixed-citation id="d5439e429" publication-type="journal">
Grice, H.P., 1957. "Meaning," Philosophical Review 46, 377-388.<object-id pub-id-type="doi">10.2307/2182440</object-id>
               <fpage>377</fpage>
            </mixed-citation>
         </ref>
         <ref id="d5439e442a1310">
            <mixed-citation id="d5439e446" publication-type="book">
Hughes, P. and G. Brecht, 1978. Vicious Circles and Infinity (Harmondsworth).<person-group>
                  <string-name xmlns:xlink="http://www.w3.org/1999/xlink">
                     <surname>Hughes</surname>
                  </string-name>
               </person-group>
               <source>Vicious Circles and Infinity</source>
               <year>1978</year>
            </mixed-citation>
         </ref>
         <ref id="d5439e468a1310">
            <mixed-citation id="d5439e472" publication-type="book">
Mallarme, Stephane, 1945. Oeuvres Completes (Paris).<person-group>
                  <string-name xmlns:xlink="http://www.w3.org/1999/xlink">
                     <surname>Mallarme</surname>
                  </string-name>
               </person-group>
               <source>Oeuvres Completes</source>
               <year>1945</year>
            </mixed-citation>
         </ref>
         <ref id="d5439e494a1310">
            <mixed-citation id="d5439e498" publication-type="book">
Margenau, Henry, 1950. The Nature of Physical Reality (New York).<person-group>
                  <string-name xmlns:xlink="http://www.w3.org/1999/xlink">
                     <surname>Margenau</surname>
                  </string-name>
               </person-group>
               <source>The Nature of Physical Reality</source>
               <year>1950</year>
            </mixed-citation>
         </ref>
         <ref id="d5439e520a1310">
            <mixed-citation id="d5439e524" publication-type="book">
Popper, Sir Karl, 1972. Objective Knowledge (Oxford).<person-group>
                  <string-name xmlns:xlink="http://www.w3.org/1999/xlink">
                     <surname>Popper</surname>
                  </string-name>
               </person-group>
               <source>Objective Knowledge</source>
               <year>1972</year>
            </mixed-citation>
         </ref>
         <ref id="d5439e546a1310">
            <mixed-citation id="d5439e550" publication-type="other">
Searle, John R., 1969. Speech Acts (Cambridge).</mixed-citation>
         </ref>
         <ref id="d5439e558a1310">
            <mixed-citation id="d5439e562" publication-type="book">
Stern, Gustaf, 1931. Meaning and Change of Meaning (Goteborg).<person-group>
                  <string-name xmlns:xlink="http://www.w3.org/1999/xlink">
                     <surname>Stern</surname>
                  </string-name>
               </person-group>
               <source>Meaning and Change of Meaning</source>
               <year>1931</year>
            </mixed-citation>
         </ref>
         <ref id="d5439e584a1310">
            <mixed-citation id="d5439e588" publication-type="journal">
Uhlenbeck, E.M., 1963. "An Appraisal of Transformation Theory," Lingua 12, 1-18.<person-group>
                  <string-name xmlns:xlink="http://www.w3.org/1999/xlink">
                     <surname>Uhlenbeck</surname>
                  </string-name>
               </person-group>
               <fpage>1</fpage>
               <volume>12</volume>
               <source>Lingua</source>
               <year>1963</year>
            </mixed-citation>
         </ref>
         <ref id="d5439e617a1310">
            <mixed-citation id="d5439e621" publication-type="book">
Valery, Paul, 1960. Oeuvres (Paris), Tome II.<person-group>
                  <string-name xmlns:xlink="http://www.w3.org/1999/xlink">
                     <surname>Valery</surname>
                  </string-name>
               </person-group>
               <source>Oeuvres</source>
               <year>1960</year>
            </mixed-citation>
         </ref>
         <ref id="d5439e643a1310">
            <mixed-citation id="d5439e647" publication-type="book">
Waismann, Friedrich, 1968. "Verifiability," in: G.H.R. Parkinson, ed. The Theory of
Meaning (Oxford), 35-60.<person-group>
                  <string-name xmlns:xlink="http://www.w3.org/1999/xlink">
                     <surname>Waismann</surname>
                  </string-name>
               </person-group>
               <comment content-type="section">Verifiability</comment>
               <fpage>35</fpage>
               <source>The Theory of Meaning</source>
               <year>1968</year>
            </mixed-citation>
         </ref>
         <ref id="d5439e679a1310">
            <mixed-citation id="d5439e683" publication-type="book">
Webb, Kaye, ed., 1978. The Crack-a-Joke Book (Harmondsworth).<person-group>
                  <string-name xmlns:xlink="http://www.w3.org/1999/xlink">
                     <surname>Webb</surname>
                  </string-name>
               </person-group>
               <source>The Crack-a-Joke Book</source>
               <year>1978</year>
            </mixed-citation>
         </ref>
         <ref id="d5439e705a1310">
            <mixed-citation id="d5439e709" publication-type="book">
Wittgenstein, Ludwig, 1969. Philosophical Investigations, ed. and trans. G.E.M. Anscombe
(Oxford).<person-group>
                  <string-name xmlns:xlink="http://www.w3.org/1999/xlink">
                     <surname>Wittgenstein</surname>
                  </string-name>
               </person-group>
               <source>Philosophical Investigations</source>
               <year>1969</year>
            </mixed-citation>
         </ref>
         <ref id="d5439e735a1310">
            <mixed-citation id="d5439e739" publication-type="journal">
Wright, Edmond, 1977a. "Perception: A New Theory," American Philosophical Quarterly
14, 273-286.<person-group>
                  <string-name xmlns:xlink="http://www.w3.org/1999/xlink">
                     <surname>Wright</surname>
                  </string-name>
               </person-group>
               <fpage>273</fpage>
               <volume>14</volume>
               <source>American Philosophical Quarterly</source>
               <year>1977</year>
            </mixed-citation>
         </ref>
         <ref id="d5439e771a1310">
            <mixed-citation id="d5439e775" publication-type="journal">
1977b "Words and Intentions," Philosophy 52, 45-62.<object-id pub-id-type="jstor">10.2307/3749943</object-id>
               <fpage>45</fpage>
            </mixed-citation>
         </ref>
         <ref id="d5439e788a1310">
            <mixed-citation id="d5439e792" publication-type="book">
Yeats, W.B., 1974. "The Second Coming," in: Poemes, trans. Y. Bonnefoy (Argile).<person-group>
                  <string-name xmlns:xlink="http://www.w3.org/1999/xlink">
                     <surname>Yeats</surname>
                  </string-name>
               </person-group>
               <comment content-type="section">The Second Coming</comment>
               <source>Poemes</source>
               <year>1974</year>
            </mixed-citation>
         </ref>
         <ref id="d5439e817a1310">
            <mixed-citation id="d5439e821" publication-type="book">
1975 "The Second Coming," in: R. Frechet, ed. and trans. Choix de pokmes (Paris).<person-group>
                  <string-name xmlns:xlink="http://www.w3.org/1999/xlink">
                     <surname>Yeats</surname>
                  </string-name>
               </person-group>
               <comment content-type="section">The Second Coming</comment>
               <source>Choix de pokmes</source>
               <year>1975</year>
            </mixed-citation>
         </ref>
      </ref-list>
   </back>
</article>
