<article dtd-version="1.0" article-type="research-article">
   <front>
      <journal-meta>
         <journal-id xmlns:xlink="http://www.w3.org/1999/xlink" journal-id-type="jstor">poeticstoday</journal-id>
         <journal-id xmlns:xlink="http://www.w3.org/1999/xlink" journal-id-type="jstor">j100659</journal-id>
         <journal-title-group xmlns:xlink="http://www.w3.org/1999/xlink">
            <journal-title>Poetics Today</journal-title>
         </journal-title-group>
         <publisher>
            <publisher-name>Porter Institute for Poetics and Semiotics</publisher-name>
         </publisher>
         <issn xmlns:xlink="http://www.w3.org/1999/xlink" pub-type="ppub">03335372</issn>
         <issn xmlns:xlink="http://www.w3.org/1999/xlink" pub-type="epub">15275507</issn>
      </journal-meta>
      <article-meta>
         <article-id xmlns:xlink="http://www.w3.org/1999/xlink" pub-id-type="doi">10.2307/1772033</article-id>
         <article-categories>
            <subj-group>
               <subject>Sociology</subject>
            </subj-group>
         </article-categories>
         <title-group>
            <article-title>Sociology as a Private Language</article-title>
         </title-group>
         <contrib-group>
            <contrib contrib-type="author">
               <string-name xmlns:xlink="http://www.w3.org/1999/xlink">
                  <given-names>Arthur</given-names>
                  <surname>Brittan</surname>
               </string-name>
            </contrib>
         </contrib-group>
         <pub-date xmlns:xlink="http://www.w3.org/1999/xlink">
            <day>1</day>
            <month>1</month>
            <year>1983</year>
         </pub-date>
         <volume>4</volume>
         <issue>3</issue>
         <issue-id xmlns:xlink="http://www.w3.org/1999/xlink">i303061</issue-id>
         <fpage>581</fpage>
         <lpage>594</lpage>
         <page-range>581-594</page-range>
         <permissions>
            <copyright-statement>Copyright The Porter Institute for Poetics and Semiotics Tel Aviv University</copyright-statement>
         </permissions>
         <self-uri xmlns:xlink="http://www.w3.org/1999/xlink"
                   xlink:href="http://www.jstor.org/stable/1772033"/>
         <custom-meta-group xmlns:xlink="http://www.w3.org/1999/xlink">
            <custom-meta>
               <meta-name>lang</meta-name>
               <meta-value>eng</meta-value>
            </custom-meta>
         </custom-meta-group>
      </article-meta>
   </front>
   <back>
      <ref-list>
         <title>References</title>
         <ref id="d5390e123a1310">
            <mixed-citation id="d5390e127" publication-type="book">
Bernstein, Richard J., 1976. The Restructuring of Social and Political Theory (Oxford).<person-group>
                  <string-name xmlns:xlink="http://www.w3.org/1999/xlink">
                     <surname>Bernstein</surname>
                  </string-name>
               </person-group>
               <source>The Restructuring of Social and Political Theory</source>
               <year>1976</year>
            </mixed-citation>
         </ref>
         <ref id="d5390e149a1310">
            <mixed-citation id="d5390e153" publication-type="book">
Brittan, Arthur, 1977. The Privatized World (London).<person-group>
                  <string-name xmlns:xlink="http://www.w3.org/1999/xlink">
                     <surname>Brittan</surname>
                  </string-name>
               </person-group>
               <source>The Privatized World</source>
               <year>1977</year>
            </mixed-citation>
         </ref>
         <ref id="d5390e175a1310">
            <mixed-citation id="d5390e179" publication-type="book">
Brown, Richard H., 1977. A Poetic for Sociology (Cambridge).<person-group>
                  <string-name xmlns:xlink="http://www.w3.org/1999/xlink">
                     <surname>Brown</surname>
                  </string-name>
               </person-group>
               <source>A Poetic for Sociology</source>
               <year>1977</year>
            </mixed-citation>
         </ref>
         <ref id="d5390e201a1310">
            <mixed-citation id="d5390e205" publication-type="book">
Burke, Kenneth, 1969. A Grammar of Motives (Berkeley).<person-group>
                  <string-name xmlns:xlink="http://www.w3.org/1999/xlink">
                     <surname>Burke</surname>
                  </string-name>
               </person-group>
               <source>A Grammar of Motives</source>
               <year>1969</year>
            </mixed-citation>
         </ref>
         <ref id="d5390e228a1310">
            <mixed-citation id="d5390e232" publication-type="book">
Habermas, Jurgen, 1970. Toward a Rational Society (Boston).<person-group>
                  <string-name xmlns:xlink="http://www.w3.org/1999/xlink">
                     <surname>Habermas</surname>
                  </string-name>
               </person-group>
               <source>Toward a Rational Society</source>
               <year>1970</year>
            </mixed-citation>
         </ref>
         <ref id="d5390e254a1310">
            <mixed-citation id="d5390e258" publication-type="book">
Popper, Sir Karl, 1976. Reason or Revolution, in the Positivist Dispute in German Sociology
(London).<person-group>
                  <string-name xmlns:xlink="http://www.w3.org/1999/xlink">
                     <surname>Popper</surname>
                  </string-name>
               </person-group>
               <source>Reason or Revolution, in the Positivist Dispute in German Sociology</source>
               <year>1976</year>
            </mixed-citation>
         </ref>
      </ref-list>
   </back>
</article>
