<article dtd-version="1.0" article-type="research-article">
   <front>
      <journal-meta>
         <journal-id xmlns:xlink="http://www.w3.org/1999/xlink" journal-id-type="jstor">poeticstoday</journal-id>
         <journal-id xmlns:xlink="http://www.w3.org/1999/xlink" journal-id-type="jstor">j100659</journal-id>
         <journal-title-group xmlns:xlink="http://www.w3.org/1999/xlink">
            <journal-title>Poetics Today</journal-title>
         </journal-title-group>
         <publisher>
            <publisher-name>Porter Institute for Poetics and Semiotics</publisher-name>
         </publisher>
         <issn xmlns:xlink="http://www.w3.org/1999/xlink" pub-type="ppub">03335372</issn>
         <issn xmlns:xlink="http://www.w3.org/1999/xlink" pub-type="epub">15275507</issn>
      </journal-meta>
      <article-meta>
         <article-id xmlns:xlink="http://www.w3.org/1999/xlink" pub-id-type="doi">10.2307/1772026</article-id>
         <article-categories>
            <subj-group>
               <subject>Literature and Language</subject>
            </subj-group>
         </article-categories>
         <title-group>
            <article-title>Irony, Interpretive Form, and the Theory of Meaning</article-title>
         </title-group>
         <contrib-group>
            <contrib contrib-type="author">
               <string-name xmlns:xlink="http://www.w3.org/1999/xlink">
                  <given-names>David S.</given-names>
                  <surname>Kaufer</surname>
               </string-name>
            </contrib>
         </contrib-group>
         <pub-date xmlns:xlink="http://www.w3.org/1999/xlink">
            <day>1</day>
            <month>1</month>
            <year>1983</year>
         </pub-date>
         <volume>4</volume>
         <issue>3</issue>
         <issue-id xmlns:xlink="http://www.w3.org/1999/xlink">i303061</issue-id>
         <fpage>451</fpage>
         <lpage>464</lpage>
         <page-range>451-464</page-range>
         <permissions>
            <copyright-statement>Copyright The Porter Institute for Poetics and Semiotics Tel Aviv University</copyright-statement>
         </permissions>
         <self-uri xmlns:xlink="http://www.w3.org/1999/xlink"
                   xlink:href="http://www.jstor.org/stable/1772026"/>
         <custom-meta-group xmlns:xlink="http://www.w3.org/1999/xlink">
            <custom-meta>
               <meta-name>lang</meta-name>
               <meta-value>eng</meta-value>
            </custom-meta>
         </custom-meta-group>
      </article-meta>
   </front>
   <back>
      <fn-group xmlns:xlink="http://www.w3.org/1999/xlink">
         <title>[Footnotes]</title>
         <fn id="d5467e123a1310">
            <label>1</label>
            <p>
               <mixed-citation id="d5467e130" publication-type="other">
see section II</mixed-citation>
            </p>
            <p>
               <mixed-citation id="d5467e136" publication-type="book">
the
causes and presuppositions<source>causes and presuppositions</source>
               </mixed-citation>
            </p>
            <p>
               <mixed-citation id="d5467e148" publication-type="book">
Muecke (1969)  </mixed-citation>
            </p>
         </fn>
         <fn id="d5467e157a1310">
            <label>3</label>
            <p>
               <mixed-citation id="d5467e164" publication-type="journal">
Kaufer (1977:
101)  <fpage>101</fpage>
               </mixed-citation>
            </p>
         </fn>
         <fn id="d5467e179a1310">
            <label>4</label>
            <p>
               <mixed-citation id="d5467e186" publication-type="other">
Grice (1975:53)</mixed-citation>
            </p>
         </fn>
         <fn id="d5467e193a1310">
            <label>5</label>
            <p>
               <mixed-citation id="d5467e200" publication-type="book">
ironic<source>ironic</source>
               </mixed-citation>
            </p>
         </fn>
         <fn id="d5467e211a1310">
            <label>8</label>
            <p>
               <mixed-citation id="d5467e218" publication-type="book">
"standard" theories, see Fodor (1977)  </mixed-citation>
            </p>
         </fn>
         <fn id="d5467e227a1310">
            <label>9</label>
            <p>
               <mixed-citation id="d5467e234" publication-type="book">
E.D.
Hirsch (1967)  </mixed-citation>
            </p>
            <p>
               <mixed-citation id="d5467e245" publication-type="book">
Donald P. Cushman and
Phillip K. Thompkins which they call "pluralism"<person-group>
                     <string-name>
                        <surname>Cushman</surname>
                     </string-name>
                  </person-group>
                  <source>pluralism</source>
               </mixed-citation>
            </p>
         </fn>
         <fn id="d5467e267a1310">
            <label>10</label>
            <p>
               <mixed-citation id="d5467e274" publication-type="book">
Schank (1975)  </mixed-citation>
            </p>
         </fn>
      </fn-group>
      <ref-list>
         <title>References</title>
         <ref id="d5467e292a1310">
            <mixed-citation id="d5467e296" publication-type="book">
Booth, Wayne C., 1974.A Rhetoric of Irony (Chicago).<person-group>
                  <string-name xmlns:xlink="http://www.w3.org/1999/xlink">
                     <surname>Booth</surname>
                  </string-name>
               </person-group>
               <source>A Rhetoric of Irony</source>
               <year>1974</year>
            </mixed-citation>
         </ref>
         <ref id="d5467e318a1310">
            <mixed-citation id="d5467e322" publication-type="book">
Burke, Kenneth, 1945. Perspectives by Incongruity (Berkeley).<person-group>
                  <string-name xmlns:xlink="http://www.w3.org/1999/xlink">
                     <surname>Burke</surname>
                  </string-name>
               </person-group>
               <source>Perspectives by Incongruity</source>
               <year>1945</year>
            </mixed-citation>
         </ref>
         <ref id="d5467e344a1310">
            <mixed-citation id="d5467e348" publication-type="book">
1965 A Grammar of Motives (Berkeley).<person-group>
                  <string-name xmlns:xlink="http://www.w3.org/1999/xlink">
                     <surname>Burke</surname>
                  </string-name>
               </person-group>
               <source>A Grammar of Motives</source>
               <year>1965</year>
            </mixed-citation>
         </ref>
         <ref id="d5467e370a1310">
            <mixed-citation id="d5467e374" publication-type="other">
Cushman, P. and Phillip K. Thompkins. "A Theory of Rhetoric for Contemporary Society"
(Unpublished manuscript).</mixed-citation>
         </ref>
         <ref id="d5467e385a1310">
            <mixed-citation id="d5467e389" publication-type="book">
Fodor, Janet, 1977. Semantics: Theories of Meaning in Generative Grammar (New York).<person-group>
                  <string-name xmlns:xlink="http://www.w3.org/1999/xlink">
                     <surname>Fodor</surname>
                  </string-name>
               </person-group>
               <source>Semantics: Theories of Meaning in Generative Grammar</source>
               <year>1977</year>
            </mixed-citation>
         </ref>
         <ref id="d5467e411a1310">
            <mixed-citation id="d5467e415" publication-type="book">
Freeman, C.E. and W.D. Lowe, eds. 1969. "How Croesus Lost His Kingdom," in: The
History of Herodotus, excerpted in A Greek Reader for Schools (Oxford).<person-group>
                  <string-name xmlns:xlink="http://www.w3.org/1999/xlink">
                     <surname>Freeman</surname>
                  </string-name>
               </person-group>
               <comment content-type="section">How Croesus Lost His Kingdom</comment>
               <source>The History of Herodotus, excerpted in A Greek Reader for Schools</source>
               <year>1969</year>
            </mixed-citation>
         </ref>
         <ref id="d5467e444a1310">
            <mixed-citation id="d5467e448" publication-type="book">
Goffman, Erving, 1974. Frame Analysis (New York).<person-group>
                  <string-name xmlns:xlink="http://www.w3.org/1999/xlink">
                     <surname>Goffman</surname>
                  </string-name>
               </person-group>
               <source>Frame Analysis</source>
               <year>1974</year>
            </mixed-citation>
         </ref>
         <ref id="d5467e470a1310">
            <mixed-citation id="d5467e474" publication-type="other">
Grice, H.P., 1975. "Logic and Conversation," in: Syntax and Semantics: Vol. 3: Speech
A cts.</mixed-citation>
         </ref>
         <ref id="d5467e484a1310">
            <mixed-citation id="d5467e488" publication-type="book">
Hegel. 1955. Hegel's Lectures on the History of Philosophy, trans. E.S. Haldane (New
York).<person-group>
                  <string-name xmlns:xlink="http://www.w3.org/1999/xlink">
                     <surname>Hegel</surname>
                  </string-name>
               </person-group>
               <source>Hegel's Lectures on the History of Philosophy</source>
               <year>1955</year>
            </mixed-citation>
         </ref>
         <ref id="d5467e513a1310">
            <mixed-citation id="d5467e517" publication-type="book">
Hirsch, E.D., 1967. Validity in Interpretation (New Haven, Conn.).<person-group>
                  <string-name xmlns:xlink="http://www.w3.org/1999/xlink">
                     <surname>Hirsch</surname>
                  </string-name>
               </person-group>
               <source>Validity in Interpretation</source>
               <year>1967</year>
            </mixed-citation>
         </ref>
         <ref id="d5467e540a1310">
            <mixed-citation id="d5467e544" publication-type="journal">
Kaufer, David S., 1977. "Irony and Rhetorical Strategy," Philosophy and Rhetoric 10,
90-110.<person-group>
                  <string-name xmlns:xlink="http://www.w3.org/1999/xlink">
                     <surname>Kaufer</surname>
                  </string-name>
               </person-group>
               <fpage>90</fpage>
               <volume>10</volume>
               <source>Philosophy and Rhetoric</source>
               <year>1977</year>
            </mixed-citation>
         </ref>
         <ref id="d5467e576a1310">
            <mixed-citation id="d5467e580" publication-type="book">
Kierkegaard, S., 1966. The Concept of Irony with Constant Reference to Socrates
(London).<person-group>
                  <string-name xmlns:xlink="http://www.w3.org/1999/xlink">
                     <surname>Kierkegaard</surname>
                  </string-name>
               </person-group>
               <source>The Concept of Irony with Constant Reference to Socrates</source>
               <year>1966</year>
            </mixed-citation>
         </ref>
         <ref id="d5467e605a1310">
            <mixed-citation id="d5467e609" publication-type="book">
Muecke, Douglas C., 1969. The Compass of Irony (London).<person-group>
                  <string-name xmlns:xlink="http://www.w3.org/1999/xlink">
                     <surname>Muecke</surname>
                  </string-name>
               </person-group>
               <source>The Compass of Irony</source>
               <year>1969</year>
            </mixed-citation>
         </ref>
         <ref id="d5467e631a1310">
            <mixed-citation id="d5467e635" publication-type="book">
1970 Irony: The Critical Idiom (London).<person-group>
                  <string-name xmlns:xlink="http://www.w3.org/1999/xlink">
                     <surname>Muecke</surname>
                  </string-name>
               </person-group>
               <source>Irony: The Critical Idiom</source>
               <year>1970</year>
            </mixed-citation>
         </ref>
         <ref id="d5467e657a1310">
            <mixed-citation id="d5467e661" publication-type="book">
Schank, R.C., 1975. Conceptual Information Processing (Amsterdam).<person-group>
                  <string-name xmlns:xlink="http://www.w3.org/1999/xlink">
                     <surname>Schank</surname>
                  </string-name>
               </person-group>
               <source>Conceptual Information Processing</source>
               <year>1975</year>
            </mixed-citation>
         </ref>
         <ref id="d5467e683a1310">
            <mixed-citation id="d5467e687" publication-type="journal">
Wright, Edmund L., 1978. "Sociology and the Irony Model," Sociology 12, 523-543.<person-group>
                  <string-name xmlns:xlink="http://www.w3.org/1999/xlink">
                     <surname>Wright</surname>
                  </string-name>
               </person-group>
               <fpage>523</fpage>
               <volume>12</volume>
               <source>Sociology</source>
               <year>1978</year>
            </mixed-citation>
         </ref>
      </ref-list>
   </back>
</article>
