<article dtd-version="1.0" article-type="research-article">
   <front>
      <journal-meta>
         <journal-id xmlns:xlink="http://www.w3.org/1999/xlink" journal-id-type="jstor">poeticstoday</journal-id>
         <journal-id xmlns:xlink="http://www.w3.org/1999/xlink" journal-id-type="jstor">j100659</journal-id>
         <journal-title-group xmlns:xlink="http://www.w3.org/1999/xlink">
            <journal-title>Poetics Today</journal-title>
         </journal-title-group>
         <publisher>
            <publisher-name>Porter Institute for Poetics and Semiotics</publisher-name>
         </publisher>
         <issn xmlns:xlink="http://www.w3.org/1999/xlink" pub-type="ppub">03335372</issn>
         <issn xmlns:xlink="http://www.w3.org/1999/xlink" pub-type="epub">15275507</issn>
      </journal-meta>
      <article-meta>
         <article-id xmlns:xlink="http://www.w3.org/1999/xlink" pub-id-type="doi">10.2307/1772069</article-id>
         <article-categories>
            <subj-group>
               <subject>Intertextuality</subject>
            </subj-group>
         </article-categories>
         <title-group>
            <article-title>Proteus in Quotation-Land: Mimesis and the Forms of Reported Discourse</article-title>
         </title-group>
         <contrib-group>
            <contrib contrib-type="author">
               <string-name xmlns:xlink="http://www.w3.org/1999/xlink">
                  <given-names>Meir</given-names>
                  <surname>Sternberg</surname>
               </string-name>
            </contrib>
         </contrib-group>
         <pub-date xmlns:xlink="http://www.w3.org/1999/xlink">
            <day>1</day>
            <month>4</month>
            <year>1982</year>
         </pub-date>
         <volume>3</volume>
         <issue>2</issue>
         <issue-id xmlns:xlink="http://www.w3.org/1999/xlink">i303056</issue-id>
         <fpage>107</fpage>
         <lpage>156</lpage>
         <page-range>107-156</page-range>
         <permissions>
            <copyright-statement>Copyright The Porter Institute for Poetics and Semiotics Tel Aviv University</copyright-statement>
         </permissions>
         <self-uri xmlns:xlink="http://www.w3.org/1999/xlink"
                   xlink:href="http://www.jstor.org/stable/1772069"/>
         <custom-meta-group xmlns:xlink="http://www.w3.org/1999/xlink">
            <custom-meta>
               <meta-name>lang</meta-name>
               <meta-value>eng</meta-value>
            </custom-meta>
         </custom-meta-group>
      </article-meta>
   </front>
   <back>
      <fn-group xmlns:xlink="http://www.w3.org/1999/xlink">
         <title>[Footnotes]</title>
         <fn id="d32993e123a1310">
            <label>1</label>
            <p>
               <mixed-citation id="d32993e130" publication-type="book">
Stern-
berg, 1976  </mixed-citation>
            </p>
         </fn>
         <fn id="d32993e142a1310">
            <label>2</label>
            <p>
               <mixed-citation id="d32993e149" publication-type="other">
1976: 132ff</mixed-citation>
            </p>
            <p>
               <mixed-citation id="d32993e155" publication-type="other">
1977; and especially 1979</mixed-citation>
            </p>
            <p>
               <mixed-citation id="d32993e161" publication-type="journal">
Hrushovski, 1979:
369-370)  <fpage>369</fpage>
               </mixed-citation>
            </p>
         </fn>
         <fn id="d32993e176a1310">
            <label>3</label>
            <p>
               <mixed-citation id="d32993e183" publication-type="book">
Ullmann (1957: 94-120)  <fpage>94</fpage>
               </mixed-citation>
            </p>
            <p>
               <mixed-citation id="d32993e194" publication-type="journal">
Cohn (1966; 1978: 107-116)  <fpage>107</fpage>
               </mixed-citation>
            </p>
            <p>
               <mixed-citation id="d32993e205" publication-type="journal">
McHale (1978)  </mixed-citation>
            </p>
            <p>
               <mixed-citation id="d32993e214" publication-type="book">
Bakhtin (1973)  </mixed-citation>
            </p>
            <p>
               <mixed-citation id="d32993e222" publication-type="book">
Voloshinov (1973)  </mixed-citation>
            </p>
            <p>
               <mixed-citation id="d32993e230" publication-type="book">
Quine's (1969)  </mixed-citation>
            </p>
            <p>
               <mixed-citation id="d32993e238" publication-type="book">
Banfield (1973, 1978)  </mixed-citation>
            </p>
            <p>
               <mixed-citation id="d32993e246" publication-type="book">
Golomb (1968)  </mixed-citation>
            </p>
            <p>
               <mixed-citation id="d32993e254" publication-type="conference">
Perry (1979)  </mixed-citation>
            </p>
            <p>
               <mixed-citation id="d32993e263" publication-type="journal">
Hrushovski (1979: 365-71)  <fpage>365</fpage>
               </mixed-citation>
            </p>
            <p>
               <mixed-citation id="d32993e274" publication-type="other">
note 1</mixed-citation>
            </p>
         </fn>
         <fn id="d32993e281a1310">
            <label>4</label>
            <p>
               <mixed-citation id="d32993e288" publication-type="other">
1973: 115</mixed-citation>
            </p>
         </fn>
         <fn id="d32993e296a1310">
            <label>5</label>
            <p>
               <mixed-citation id="d32993e303" publication-type="book">
James (1962: 70)  <fpage>70</fpage>
               </mixed-citation>
            </p>
            <p>
               <mixed-citation id="d32993e314" publication-type="other">
Sternberg (1978: 281ff, esp. 299-303)</mixed-citation>
            </p>
         </fn>
         <fn id="d32993e321a1310">
            <label>6</label>
            <p>
               <mixed-citation id="d32993e328" publication-type="journal">
Cohn (1966: 110-112<object-id pub-id-type="doi">10.2307/1770156</object-id>
                  <fpage>275</fpage>
               </mixed-citation>
            </p>
            <p>
               <mixed-citation id="d32993e340" publication-type="partial">
1978: 116-126)</mixed-citation>
            </p>
            <p>
               <mixed-citation id="d32993e346" publication-type="journal">
McHale's (1978: 275-276)  <fpage>275</fpage>
               </mixed-citation>
            </p>
         </fn>
         <fn id="d32993e358a1310">
            <label>7</label>
            <p>
               <mixed-citation id="d32993e365" publication-type="other">
section 5 below</mixed-citation>
            </p>
         </fn>
         <fn id="d32993e372a1310">
            <label>9</label>
            <p>
               <mixed-citation id="d32993e379" publication-type="book">
Partee
(1973)  </mixed-citation>
            </p>
            <p>
               <mixed-citation id="d32993e390" publication-type="book">
Banfield (1973)  </mixed-citation>
            </p>
            <p>
               <mixed-citation id="d32993e398" publication-type="book">
Leech (1974: 352ff.)  <fpage>352</fpage>
               </mixed-citation>
            </p>
         </fn>
         <fn id="d32993e410a1310">
            <label>10</label>
            <p>
               <mixed-citation id="d32993e417" publication-type="book">
Hernadi (1972: 187-205)  <fpage>187</fpage>
               </mixed-citation>
            </p>
            <p>
               <mixed-citation id="d32993e428" publication-type="book">
Genette (1980: 171-173)  <fpage>171</fpage>
               </mixed-citation>
            </p>
            <p>
               <mixed-citation id="d32993e439" publication-type="book">
Page (1973: 31-35)  <fpage>31</fpage>
               </mixed-citation>
            </p>
            <p>
               <mixed-citation id="d32993e451" publication-type="journal">
McHale
(1978: 257-261)  <fpage>257</fpage>
               </mixed-citation>
            </p>
         </fn>
         <fn id="d32993e466a1310">
            <label>11</label>
            <p>
               <mixed-citation id="d32993e473" publication-type="book">
Bakhtin (1973)  </mixed-citation>
            </p>
            <p>
               <mixed-citation id="d32993e481" publication-type="conference">
Perry (1979)  </mixed-citation>
            </p>
         </fn>
         <fn id="d32993e491a1310">
            <label>12</label>
            <p>
               <mixed-citation id="d32993e498" publication-type="book">
Banfield,
1973:9  <fpage>9</fpage>
               </mixed-citation>
            </p>
            <p>
               <mixed-citation id="d32993e512" publication-type="book">
Leech,
1974:353)  <fpage>353</fpage>
               </mixed-citation>
            </p>
         </fn>
         <fn id="d32993e527a1310">
            <label>13</label>
            <p>
               <mixed-citation id="d32993e534" publication-type="other">
1980:164ff</mixed-citation>
            </p>
         </fn>
         <fn id="d32993e541a1310">
            <label>16</label>
            <p>
               <mixed-citation id="d32993e548" publication-type="journal">
Yacobi, 1981  </mixed-citation>
            </p>
         </fn>
         <fn id="d32993e557a1310">
            <label>17</label>
            <p>
               <mixed-citation id="d32993e566" publication-type="other">
James, 1966:295</mixed-citation>
            </p>
         </fn>
         <fn id="d32993e573a1310">
            <label>18</label>
            <p>
               <mixed-citation id="d32993e580" publication-type="book">
Kuroda, 1973, 1976  </mixed-citation>
            </p>
            <p>
               <mixed-citation id="d32993e588" publication-type="book">
Banfield, 1973, 1978  </mixed-citation>
            </p>
         </fn>
      </fn-group>
      <ref-list>
         <title>References</title>
         <ref id="d32993e606a1310">
            <mixed-citation id="d32993e610" publication-type="book">
Allingham, Margery, 1962. The China Governess (New York: Manor Books).<person-group>
                  <string-name xmlns:xlink="http://www.w3.org/1999/xlink">
                     <surname>Allingham</surname>
                  </string-name>
               </person-group>
               <source>The China Governess</source>
               <year>1962</year>
            </mixed-citation>
         </ref>
         <ref id="d32993e632a1310">
            <mixed-citation id="d32993e636" publication-type="book">
Auerbach, Erich, 1957. Mimesis, trans. Willard Trask (New York: Anchor Books).<person-group>
                  <string-name xmlns:xlink="http://www.w3.org/1999/xlink">
                     <surname>Auerbach</surname>
                  </string-name>
               </person-group>
               <source>Mimesis</source>
               <year>1957</year>
            </mixed-citation>
         </ref>
         <ref id="d32993e658a1310">
            <mixed-citation id="d32993e662" publication-type="book">
Austen, Jane, 1961 (1816). Emma (New York: Dell).<person-group>
                  <string-name xmlns:xlink="http://www.w3.org/1999/xlink">
                     <surname>Austen</surname>
                  </string-name>
               </person-group>
               <source>Emma</source>
               <year>1816</year>
            </mixed-citation>
         </ref>
         <ref id="d32993e684a1310">
            <mixed-citation id="d32993e688" publication-type="journal">
Bally, Charles, 1914. "Figures de Pensée et Formes Linguistiques," GRM VI, 405-422,
456-470.<person-group>
                  <string-name xmlns:xlink="http://www.w3.org/1999/xlink">
                     <surname>Bally</surname>
                  </string-name>
               </person-group>
               <fpage>405</fpage>
               <volume>VI</volume>
               <source>GRM</source>
               <year>1914</year>
            </mixed-citation>
         </ref>
         <ref id="d32993e721a1310">
            <mixed-citation id="d32993e725" publication-type="book">
Banfield, Ann, 1973. "Narrative Style and the Grammar of Direct and Indirect Speech,"
Foundations of Language X, 1-39.<person-group>
                  <string-name xmlns:xlink="http://www.w3.org/1999/xlink">
                     <surname>Banfield</surname>
                  </string-name>
               </person-group>
               <comment content-type="section">Narrative Style and the Grammar of Direct and Indirect Speech</comment>
               <fpage>1</fpage>
               <volume>X</volume>
               <source>Foundations of Language</source>
               <year>1973</year>
            </mixed-citation>
            <mixed-citation id="d32993e759" publication-type="journal">
1978 "Where Epistemology, Style and Grammar Meet Literary History: The Develop-
ment of Represented Speech and Thought," New Literary History IX, 415-454.<object-id pub-id-type="doi">10.2307/468449</object-id>
               <fpage>415</fpage>
               <year>1978</year>
            </mixed-citation>
         </ref>
         <ref id="d32993e778a1310">
            <mixed-citation id="d32993e782" publication-type="book">
Barth, John, 1969. Lost In The Funhouse (New York: Bantam).<person-group>
                  <string-name xmlns:xlink="http://www.w3.org/1999/xlink">
                     <surname>Barth</surname>
                  </string-name>
               </person-group>
               <source>Lost In The Funhouse</source>
               <year>1969</year>
            </mixed-citation>
         </ref>
         <ref id="d32993e804a1310">
            <mixed-citation id="d32993e808" publication-type="book">
Bakhtin, Mikhail, 1973 (1929). Problems of Dostoevsky's Poetics, trans. R.W. Rotsel (Ann
Arbor, Michigan).<person-group>
                  <string-name xmlns:xlink="http://www.w3.org/1999/xlink">
                     <surname>Bakhtin</surname>
                  </string-name>
               </person-group>
               <source>Problems of Dostoevsky's Poetics</source>
               <year>1929</year>
            </mixed-citation>
         </ref>
         <ref id="d32993e833a1310">
            <mixed-citation id="d32993e837" publication-type="book">
Booth, Wayne C., 1961. The Rhetoric of Fiction (Chicago UP)<person-group>
                  <string-name xmlns:xlink="http://www.w3.org/1999/xlink">
                     <surname>Booth</surname>
                  </string-name>
               </person-group>
               <source>The Rhetoric of Fiction</source>
               <year>1961</year>
            </mixed-citation>
         </ref>
         <ref id="d32993e859a1310">
            <mixed-citation id="d32993e863" publication-type="book">
Carroll, Lewis, 1976. The Complete Works (New York: Vintage Books).<person-group>
                  <string-name xmlns:xlink="http://www.w3.org/1999/xlink">
                     <surname>Carroll</surname>
                  </string-name>
               </person-group>
               <source>The Complete Works</source>
               <year>1976</year>
            </mixed-citation>
         </ref>
         <ref id="d32993e885a1310">
            <mixed-citation id="d32993e889" publication-type="book">
Chomsky, Noam, 1965. Aspects of The Theory of Syntax (Cambridge, Mass.: MIT).<person-group>
                  <string-name xmlns:xlink="http://www.w3.org/1999/xlink">
                     <surname>Chomsky</surname>
                  </string-name>
               </person-group>
               <source>Aspects of The Theory of Syntax</source>
               <year>1965</year>
            </mixed-citation>
         </ref>
         <ref id="d32993e912a1310">
            <mixed-citation id="d32993e916" publication-type="journal">
Cohn, Dorrit, 1966. "Narrated Monologue: Definition of a Fictional Style," Comparative
Literature XVIII, 97-122.<object-id pub-id-type="doi">10.2307/1770156</object-id>
               <fpage>97</fpage>
            </mixed-citation>
            <mixed-citation id="d32993e931" publication-type="book">
1978 Transparent Minds: Narrative Modes for Presenting Consciousness in Fiction
(Princeton UP).<source>Transparent Minds: Narrative Modes for Presenting Consciousness in Fiction</source>
               <year>1978</year>
            </mixed-citation>
         </ref>
         <ref id="d32993e947a1310">
            <mixed-citation id="d32993e951" publication-type="book">
Conrad, Joseph, 1962 (1900). Lord Jim (Harmondsworth: Penguin).<person-group>
                  <string-name xmlns:xlink="http://www.w3.org/1999/xlink">
                     <surname>Conrad</surname>
                  </string-name>
               </person-group>
               <source>Lord Jim</source>
               <year>1900</year>
            </mixed-citation>
         </ref>
         <ref id="d32993e973a1310">
            <mixed-citation id="d32993e977" publication-type="book">
Dickens, Charles, 1950 (1844). Martin Chuzzlewit (London and Glasgow: Collins).<person-group>
                  <string-name xmlns:xlink="http://www.w3.org/1999/xlink">
                     <surname>Dickens</surname>
                  </string-name>
               </person-group>
               <source>Martin Chuzzlewit</source>
               <year>1844</year>
            </mixed-citation>
            <mixed-citation id="d32993e998" publication-type="book">
1953 (1859) A Tale of Two Cities (New York: Pocket Books).<source>A Tale of Two Cities</source>
               <year>1859</year>
            </mixed-citation>
            <mixed-citation id="d32993e1010" publication-type="book">
1964 (1865) Our Mutual Friend (New York: Signet Classics).<source>Our Mutual Friend</source>
               <year>1865</year>
            </mixed-citation>
            <mixed-citation id="d32993e1022" publication-type="book">
1967 (1848) Dombey and Son (London and Glasgow: Collins).<source>Dombey and Son</source>
               <year>1848</year>
            </mixed-citation>
            <mixed-citation id="d32993e1035" publication-type="book">
1971 (1853) Bleak House (Harmondsworth: Penguin).<source>Bleak House</source>
               <year>1853</year>
            </mixed-citation>
         </ref>
         <ref id="d32993e1048a1310">
            <mixed-citation id="d32993e1052" publication-type="book">
Doyle, Arthur Conan, 1951 (1915). The Valley of Fear (London: Pan).<person-group>
                  <string-name xmlns:xlink="http://www.w3.org/1999/xlink">
                     <surname>Doyle</surname>
                  </string-name>
               </person-group>
               <source>The Valley of Fear</source>
               <year>1915</year>
            </mixed-citation>
         </ref>
         <ref id="d32993e1074a1310">
            <mixed-citation id="d32993e1078" publication-type="book">
Ford, Ford Madox, 1946 (1915). The Good Soldier (Harmondsworth: Penguin).<person-group>
                  <string-name xmlns:xlink="http://www.w3.org/1999/xlink">
                     <surname>Ford</surname>
                  </string-name>
               </person-group>
               <source>The Good Soldier</source>
               <year>1915</year>
            </mixed-citation>
            <mixed-citation id="d32993e1099" publication-type="book">
1964 The Critical Writings of Ford Madox Ford, ed. Frank MacShane (Lincoln:
Nebraska UP).<person-group>
                  <string-name xmlns:xlink="http://www.w3.org/1999/xlink">
                     <surname>MacShane</surname>
                  </string-name>
               </person-group>
               <source>The Critical Writings of Ford Madox Ford</source>
               <year>1964</year>
            </mixed-citation>
         </ref>
         <ref id="d32993e1124a1310">
            <mixed-citation id="d32993e1128" publication-type="book">
Francis, Dick, 1973. For Kicks (London: Pan).<person-group>
                  <string-name xmlns:xlink="http://www.w3.org/1999/xlink">
                     <surname>Francis</surname>
                  </string-name>
               </person-group>
               <source>For Kicks</source>
               <year>1973</year>
            </mixed-citation>
         </ref>
         <ref id="d32993e1151a1310">
            <mixed-citation id="d32993e1155" publication-type="book">
Genette, Gerard, 1980. Narrative Discourse: An Essay in Method, trans. Jane E. Lewin
(Ithaca: Cornell UP).<person-group>
                  <string-name xmlns:xlink="http://www.w3.org/1999/xlink">
                     <surname>Genette</surname>
                  </string-name>
               </person-group>
               <source>Narrative Discourse: An Essay in Method</source>
               <year>1980</year>
            </mixed-citation>
         </ref>
         <ref id="d32993e1180a1310">
            <mixed-citation id="d32993e1184" publication-type="book">
Goldsmith, Oliver, 1975. Poems and Plays, ed. Tom Davis (London: Dent).<person-group>
                  <string-name xmlns:xlink="http://www.w3.org/1999/xlink">
                     <surname>Goldsmith</surname>
                  </string-name>
               </person-group>
               <source>Poems and Plays</source>
               <year>1975</year>
            </mixed-citation>
         </ref>
         <ref id="d32993e1206a1310">
            <mixed-citation id="d32993e1210" publication-type="book">
Golomb, Harai, 1968. "Combined Speech-A Major Technique in the Prose of S.Y. Agnon,"
Ha-Sifrut 1, 251-262.<person-group>
                  <string-name xmlns:xlink="http://www.w3.org/1999/xlink">
                     <surname>Golomb</surname>
                  </string-name>
               </person-group>
               <comment content-type="section">Combined Speech-A Major Technique in the Prose of S.Y. Agnon</comment>
               <fpage>251</fpage>
               <volume>1</volume>
               <source>Ha-Sifrut</source>
               <year>1968</year>
            </mixed-citation>
         </ref>
         <ref id="d32993e1245a1310">
            <mixed-citation id="d32993e1249" publication-type="book">
Graves, Robert, 1962. I, Claudius (Harmondsworth: Penguin).<person-group>
                  <string-name xmlns:xlink="http://www.w3.org/1999/xlink">
                     <surname>Graves</surname>
                  </string-name>
               </person-group>
               <volume>I</volume>
               <source>Claudius</source>
               <year>1962</year>
            </mixed-citation>
         </ref>
         <ref id="d32993e1274a1310">
            <mixed-citation id="d32993e1278" publication-type="book">
Greene, Graham, 1962. Our Man in Havana (Harmondsworth: Penguin).<person-group>
                  <string-name xmlns:xlink="http://www.w3.org/1999/xlink">
                     <surname>Greene</surname>
                  </string-name>
               </person-group>
               <source>Our Man in Havana</source>
               <year>1962</year>
            </mixed-citation>
         </ref>
         <ref id="d32993e1300a1310">
            <mixed-citation id="d32993e1304" publication-type="book">
Hernadi, Paul, 1972. Beyond Genre (Ithaca: Cornell UP).<person-group>
                  <string-name xmlns:xlink="http://www.w3.org/1999/xlink">
                     <surname>Hernadi</surname>
                  </string-name>
               </person-group>
               <source>Beyond Genre</source>
               <year>1972</year>
            </mixed-citation>
         </ref>
         <ref id="d32993e1327a1310">
            <mixed-citation id="d32993e1331" publication-type="journal">
Hough, Graham, 1970. "Narrative and Dialogue in Jane Austen," Critical Quarterly XII,
201-229.<person-group>
                  <string-name xmlns:xlink="http://www.w3.org/1999/xlink">
                     <surname>Hough</surname>
                  </string-name>
               </person-group>
               <fpage>201</fpage>
               <volume>XII</volume>
               <source>Critical Quarterly</source>
               <year>1970</year>
            </mixed-citation>
         </ref>
         <ref id="d32993e1363a1310">
            <mixed-citation id="d32993e1367" publication-type="journal">
Hrushovski, Benjamin, 1979. "The Structure of Semiotic Objects: A Three-Dimensional
Model," Poetics Today 1, 362-376.<object-id pub-id-type="doi">10.2307/1772052</object-id>
               <fpage>362</fpage>
            </mixed-citation>
         </ref>
         <ref id="d32993e1383a1310">
            <mixed-citation id="d32993e1387" publication-type="book">
Innes, Michael, 1961. Silence Observed (New York: Berkley Books).<person-group>
                  <string-name xmlns:xlink="http://www.w3.org/1999/xlink">
                     <surname>Innes</surname>
                  </string-name>
               </person-group>
               <source>Silence Observed</source>
               <year>1961</year>
            </mixed-citation>
         </ref>
         <ref id="d32993e1409a1310">
            <mixed-citation id="d32993e1413" publication-type="book">
James, Henry, 1962. The Art of the Novel (New York: Scribner).<person-group>
                  <string-name xmlns:xlink="http://www.w3.org/1999/xlink">
                     <surname>James</surname>
                  </string-name>
               </person-group>
               <source>The Art of the Novel</source>
               <year>1962</year>
            </mixed-citation>
            <mixed-citation id="d32993e1434" publication-type="book">
1966 (1903) The Ambassadors (London: Everyman's Library).<source>The Ambassadors</source>
               <year>1903</year>
            </mixed-citation>
         </ref>
         <ref id="d32993e1447a1310">
            <mixed-citation id="d32993e1451" publication-type="book">
Joyce, James, 1946 (1922). Ulysses (New York: Random House).<person-group>
                  <string-name xmlns:xlink="http://www.w3.org/1999/xlink">
                     <surname>Joyce</surname>
                  </string-name>
               </person-group>
               <source>Ulysses</source>
               <year>1922</year>
            </mixed-citation>
         </ref>
         <ref id="d32993e1473a1310">
            <mixed-citation id="d32993e1477" publication-type="book">
Keating, H.R.F., 1962. The Dog It was That Died (Harmondsworth: Penguin).<person-group>
                  <string-name xmlns:xlink="http://www.w3.org/1999/xlink">
                     <surname>Keating</surname>
                  </string-name>
               </person-group>
               <source>The Dog It was That Died</source>
               <year>1962</year>
            </mixed-citation>
         </ref>
         <ref id="d32993e1500a1310">
            <mixed-citation id="d32993e1504" publication-type="book">
Kuroda, S.-Y., 1973. "Where Epistemology, Style and Grammar Meet: A Case Study from
Japanese," in A Festschrift for Morris Halle, P. Kiparsky and S. Anderson eds.
(New York: Holt, Rinehart and Winston).<person-group>
                  <string-name xmlns:xlink="http://www.w3.org/1999/xlink">
                     <surname>Kuroda</surname>
                  </string-name>
               </person-group>
               <comment content-type="section">Where Epistemology, Style and Grammar Meet: A Case Study from Japanese</comment>
               <source>Festschrift for Morris Halle</source>
               <year>1973</year>
            </mixed-citation>
            <mixed-citation id="d32993e1535" publication-type="book">
1976 "Reflections on the foundations of narrative theory-from a linguistic point of
view," in Pragmatics of Language and Literature, Teun A. van Dijk ed. (Amsterdam:
North-Holland).<person-group>
                  <string-name xmlns:xlink="http://www.w3.org/1999/xlink">
                     <surname>van Dijk</surname>
                  </string-name>
               </person-group>
               <comment content-type="section">Reflections on the foundations of narrative theory-from a linguistic point of view</comment>
               <source>Pragmatics of Language and Literature</source>
               <year>1976</year>
            </mixed-citation>
         </ref>
         <ref id="d32993e1567a1310">
            <mixed-citation id="d32993e1571" publication-type="book">
le Carré, John, 1975. Tinker, Tailor, Soldier, Spy (New York: Bantam).<person-group>
                  <string-name xmlns:xlink="http://www.w3.org/1999/xlink">
                     <surname>le Carré</surname>
                  </string-name>
               </person-group>
               <source>Tinker, Tailor, Soldier, Spy</source>
               <year>1975</year>
            </mixed-citation>
            <mixed-citation id="d32993e1592" publication-type="book">
1977 The Honourable Schoolboy (London: Hodder and Stoughton).<source>The Honourable Schoolboy</source>
               <year>1977</year>
            </mixed-citation>
         </ref>
         <ref id="d32993e1605a1310">
            <mixed-citation id="d32993e1609" publication-type="book">
Leech, Geoffrey, 1974. Semantics (Harmondsworth: Penguin).<person-group>
                  <string-name xmlns:xlink="http://www.w3.org/1999/xlink">
                     <surname>Leech</surname>
                  </string-name>
               </person-group>
               <source>Semantics</source>
               <year>1974</year>
            </mixed-citation>
         </ref>
         <ref id="d32993e1631a1310">
            <mixed-citation id="d32993e1635" publication-type="book">
Lips, Marguerite, 1926. Le style indirect libre (Paris: Payot).<person-group>
                  <string-name xmlns:xlink="http://www.w3.org/1999/xlink">
                     <surname>Lips</surname>
                  </string-name>
               </person-group>
               <source>Le style indirect libre</source>
               <year>1926</year>
            </mixed-citation>
         </ref>
         <ref id="d32993e1657a1310">
            <mixed-citation id="d32993e1661" publication-type="journal">
McHale, Brian, 1978. "Free Indirect Discourse: A Survey of Recent Accounts," PTL 3,
248-287.<person-group>
                  <string-name xmlns:xlink="http://www.w3.org/1999/xlink">
                     <surname>McHale</surname>
                  </string-name>
               </person-group>
               <fpage>248</fpage>
               <volume>3</volume>
               <source>PTL</source>
               <year>1978</year>
            </mixed-citation>
         </ref>
         <ref id="d32993e1693a1310">
            <mixed-citation id="d32993e1697" publication-type="book">
McKeon, Richard, 1952. "The Concept of Imitation in Antiquity," in Critics and Criticism,
R.S. Crane ed. (Chicago UP), 147-175.<person-group>
                  <string-name xmlns:xlink="http://www.w3.org/1999/xlink">
                     <surname>McKeon</surname>
                  </string-name>
               </person-group>
               <comment content-type="section">The Concept of Imitation in Antiquity</comment>
               <fpage>147</fpage>
               <source>Critics and Criticism</source>
               <year>1952</year>
            </mixed-citation>
         </ref>
         <ref id="d32993e1730a1310">
            <mixed-citation id="d32993e1734" publication-type="book">
Mann, Thomas, 1951. The Holy Sinner, trans. H.T. Lowe-Porter (New York: Knopf).<person-group>
                  <string-name xmlns:xlink="http://www.w3.org/1999/xlink">
                     <surname>Mann</surname>
                  </string-name>
               </person-group>
               <source>The Holy Sinner</source>
               <year>1951</year>
            </mixed-citation>
         </ref>
         <ref id="d32993e1756a1310">
            <mixed-citation id="d32993e1760" publication-type="book">
Mattingly, Garret, 1962. The Defeat of The Spanish Armada (Harmondsworth: Penguin).<person-group>
                  <string-name xmlns:xlink="http://www.w3.org/1999/xlink">
                     <surname>Mattingly</surname>
                  </string-name>
               </person-group>
               <source>The Defeat of The Spanish Armada</source>
               <year>1962</year>
            </mixed-citation>
         </ref>
         <ref id="d32993e1782a1310">
            <mixed-citation id="d32993e1786" publication-type="book">
Maugham, W. Somerset, 1959. The Moon and Sixpence (New York: Bantam).<person-group>
                  <string-name xmlns:xlink="http://www.w3.org/1999/xlink">
                     <surname>Maugham</surname>
                  </string-name>
               </person-group>
               <source>The Moon and Sixpence</source>
               <year>1959</year>
            </mixed-citation>
         </ref>
         <ref id="d32993e1808a1310">
            <mixed-citation id="d32993e1812" publication-type="book">
Nabokov, Vladimir, 1971. The Real Life of Sebastian Knight (Harmondsworth: Penguin).<person-group>
                  <string-name xmlns:xlink="http://www.w3.org/1999/xlink">
                     <surname>Nabokov</surname>
                  </string-name>
               </person-group>
               <source>The Real Life of Sebastian Knight</source>
               <year>1971</year>
            </mixed-citation>
         </ref>
         <ref id="d32993e1834a1310">
            <mixed-citation id="d32993e1838" publication-type="book">
Njal's Saga 1960, trans. Magnus Magnusson and Hermann Palson (Harmondsworth:
Penguin).<person-group>
                  <string-name xmlns:xlink="http://www.w3.org/1999/xlink">
                     <surname>Njal</surname>
                  </string-name>
               </person-group>
               <source>Saga</source>
               <year>1960</year>
            </mixed-citation>
         </ref>
         <ref id="d32993e1863a1310">
            <mixed-citation id="d32993e1867" publication-type="book">
Page, Norman, 1973. Speech in the English Novel (London: Longman).<person-group>
                  <string-name xmlns:xlink="http://www.w3.org/1999/xlink">
                     <surname>Page</surname>
                  </string-name>
               </person-group>
               <source>Speech in the English Novel</source>
               <year>1973</year>
            </mixed-citation>
         </ref>
         <ref id="d32993e1890a1310">
            <mixed-citation id="d32993e1894" publication-type="book">
Partee, Barbara Hall, 1973. "The Syntax and Semantics of Quotation," in A Festschrift for
Morris Halle, Stephen R. Anderson and Paul Kiparsky, eds. (New York: Holt, Rinehart
and Winston).<person-group>
                  <string-name xmlns:xlink="http://www.w3.org/1999/xlink">
                     <surname>Partee</surname>
                  </string-name>
               </person-group>
               <comment content-type="section">The Syntax and Semantics of Quotation</comment>
               <source>A Festschrift for Morris Halle</source>
               <year>1973</year>
            </mixed-citation>
         </ref>
         <ref id="d32993e1926a1310">
            <mixed-citation id="d32993e1930" publication-type="conference">
Perry, Menakhem, 1979. "The Combined Discourse- Several Remarks About the Definition
of the Phenomenon." Paper presented at Synopsis 2: "Narrative Theory and The Poetics
of Fiction" (Symposium held at the Porter Institute for Poetics and Semiotics, Tel Aviv
University, and the Van Leer Jerusalem Foundation).<person-group>
                  <string-name xmlns:xlink="http://www.w3.org/1999/xlink">
                     <surname>Perry</surname>
                  </string-name>
               </person-group>
               <comment content-type="section">The Combined Discourse- Several Remarks About the Definition of the Phenomenon</comment>
               <source>Narrative Theory and The Poetics of Fiction</source>
               <year>1979</year>
            </mixed-citation>
         </ref>
         <ref id="d32993e1965a1310">
            <mixed-citation id="d32993e1969" publication-type="book">
Plato. Works, trans. Benjamin Jowett (New York: Tudor Publishing Company).<person-group>
                  <string-name xmlns:xlink="http://www.w3.org/1999/xlink">
                     <surname>Plato</surname>
                  </string-name>
               </person-group>
               <source>Works</source>
            </mixed-citation>
         </ref>
         <ref id="d32993e1988a1310">
            <mixed-citation id="d32993e1992" publication-type="book">
Quine, W.V.O., 1969. Word and Object (Cambridge, Mass.: MIT).<person-group>
                  <string-name xmlns:xlink="http://www.w3.org/1999/xlink">
                     <surname>Quine</surname>
                  </string-name>
               </person-group>
               <source>Word and Object</source>
               <year>1969</year>
            </mixed-citation>
         </ref>
         <ref id="d32993e2014a1310">
            <mixed-citation id="d32993e2018" publication-type="book">
Sterne, Laurence, 1940 (1760-67). Tristram Shandy (New York: Odyssey).<person-group>
                  <string-name xmlns:xlink="http://www.w3.org/1999/xlink">
                     <surname>Sterne</surname>
                  </string-name>
               </person-group>
               <source>Tristram Shandy</source>
               <year>1767</year>
            </mixed-citation>
         </ref>
         <ref id="d32993e2040a1310">
            <mixed-citation id="d32993e2046" publication-type="book">
Sternberg, Meir, 1976. "Bound and Productive Forms in Language and Literary Language,"
Ha-Sifrut 22, 78-141.<person-group>
                  <string-name xmlns:xlink="http://www.w3.org/1999/xlink">
                     <surname>Sternberg</surname>
                  </string-name>
               </person-group>
               <comment content-type="section">Bound and Productive Forms in Language and Literary Language</comment>
               <fpage>78</fpage>
               <volume>22</volume>
               <source>Ha-Sifrut</source>
               <year>1976</year>
            </mixed-citation>
            <mixed-citation id="d32993e2080" publication-type="book">
1977 "The Structure of Repetition in Biblical Narrative: Strategies of Informational
Redundancy," Ha-Sifrut 25, 109-150.<comment content-type="section">The Structure of Repetition in Biblical Narrative: Strategies of Informational Redundancy</comment>
               <fpage>109</fpage>
               <volume>25</volume>
               <source>Ha-Sifrut</source>
               <year>1977</year>
            </mixed-citation>
            <mixed-citation id="d32993e2105" publication-type="book">
1978 Expositional Modes and Temporal Ordering in Fiction (Baltimore and London: Johns
Hopkins UP).<source>Expositional Modes and Temporal Ordering in Fiction</source>
               <year>1978</year>
            </mixed-citation>
            <mixed-citation id="d32993e2121" publication-type="book">
1978a "Polylingualism as Reality and Translation as Mimesis," Degris 16, e1-e26. Revised<comment content-type="section">Polylingualism as Reality and Translation as Mimesis</comment>
               <fpage>e1</fpage>
               <volume>16</volume>
               <source>Degris</source>
               <year>1978</year>
            </mixed-citation>
            <mixed-citation id="d32993e2143" publication-type="journal">
Translation Theory and Intercultural Relations, Itamar Even-Zohar and
Gideon Toury eds., Poetics Today, 2:4 (1981), 221-239.<object-id pub-id-type="doi">10.2307/1772500</object-id>
               <fpage>221</fpage>
            </mixed-citation>
            <mixed-citation id="d32993e2158" publication-type="conference">
1979 "Mimesis and Motivation," paper presented at Synopsis 2: "Narrative Theory and the
Poetics of Fiction" (Symposium held at the Porter Institute for Poetics and Semiotics,
Tel Aviv University, and the Van Leer Jerusalem Foundation).<comment content-type="section">Mimesis and Motivation</comment>
               <source>Synopsis 2</source>
               <year>1979</year>
            </mixed-citation>
            <mixed-citation id="d32993e2180" publication-type="book">
1979a "Between The Truth and All the Truth: The Rendering of Inner Life in Biblical
Narrative," Ha-Sifrut 29, 110-146.<comment content-type="section">Between The Truth and All the Truth: The Rendering of Inner Life in Biblical Narrative</comment>
               <fpage>110</fpage>
               <volume>29</volume>
               <source>HaSifrut</source>
               <year>1979</year>
            </mixed-citation>
         </ref>
         <ref id="d32993e2207a1310">
            <mixed-citation id="d32993e2211" publication-type="book">
forthcoming "Point of View and the Indirections of Speech," Language and Style (1982).<comment content-type="section">Point of View and the Indirections of Speech</comment>
               <source>Language and Style</source>
               <year>1982</year>
            </mixed-citation>
         </ref>
         <ref id="d32993e2227a1310">
            <mixed-citation id="d32993e2231" publication-type="book">
Swift, Jonathan, 1962 (1735). Gulliver's Travels, in Swift: Gulliver's Travels and Other Writings,
Miriam Kosh Starkman ed. (New York: Bantam).<person-group>
                  <string-name xmlns:xlink="http://www.w3.org/1999/xlink">
                     <surname>Swift</surname>
                  </string-name>
               </person-group>
               <source>Gulliver's Travels, in Swift: Gulliver's Travels and Other Writings</source>
               <year>1735</year>
            </mixed-citation>
         </ref>
         <ref id="d32993e2256a1310">
            <mixed-citation id="d32993e2260" publication-type="book">
Ullmann, Stephen, 1957. Style in the French Novel (Cambridge UP).<person-group>
                  <string-name xmlns:xlink="http://www.w3.org/1999/xlink">
                     <surname>Ullmann</surname>
                  </string-name>
               </person-group>
               <source>Style in the French Novel</source>
               <year>1957</year>
            </mixed-citation>
         </ref>
         <ref id="d32993e2282a1310">
            <mixed-citation id="d32993e2286" publication-type="book">
Voloshinov, V.N., 1973 (1930). Marxism and the Philosophy of Language, trans. Ladislaw
Matejka and I.R. Titunik (New York and London: Seminar Press).<person-group>
                  <string-name xmlns:xlink="http://www.w3.org/1999/xlink">
                     <surname>Voloshinov</surname>
                  </string-name>
               </person-group>
               <source>Marxism and the Philosophy of Language</source>
               <year>1930</year>
            </mixed-citation>
         </ref>
         <ref id="d32993e2311a1310">
            <mixed-citation id="d32993e2315" publication-type="journal">
Yacobi, Tamar, 1981. "Narrative Reality as a Problem of Communication," Poetics Today,
2:2, 113-126.<object-id pub-id-type="doi">10.2307/1772193</object-id>
               <fpage>113</fpage>
            </mixed-citation>
         </ref>
         <ref id="d32993e2331a1310">
            <mixed-citation id="d32993e2335" publication-type="book">
Yacobi, Tamar and Sternberg, Meir, 1976. "The Relations Between Bound Discourse and
Poetics," Ha-Sifrut 22, 142-155.<person-group>
                  <string-name xmlns:xlink="http://www.w3.org/1999/xlink">
                     <surname>Yacobi</surname>
                  </string-name>
               </person-group>
               <comment content-type="section">The Relations Between Bound Discourse and Poetics</comment>
               <volume>22</volume>
               <source>HaSifrut</source>
               <year>1976</year>
            </mixed-citation>
         </ref>
      </ref-list>
   </back>
</article>
