<article xmlns:xsi="http://www.w3.org/2001/XMLSchema-instance"
         xmlns:xlink="http://www.w3.org/1999/xlink"
         xmlns:mml="http://www.w3.org/1998/Math/MathML"
         dtd-version="1.0"
         article-type="research-article">
   <front>
      <journal-meta>
         <journal-id journal-id-type="jstor">poeticstoday</journal-id>
         <journal-id journal-id-type="jstor">j100659</journal-id>
         <journal-title-group>
            <journal-title>Poetics Today</journal-title>
         </journal-title-group>
         <publisher>
            <publisher-name>Duke University Press</publisher-name>
         </publisher>
         <issn pub-type="ppub">03335372</issn>
         <issn pub-type="epub">15275507</issn>
      </journal-meta>
      <article-meta>
         <article-id pub-id-type="doi">10.2307/1772698</article-id>
         <article-categories>
            <subj-group>
               <subject>Interpreting Rhetoric</subject>
            </subj-group>
         </article-categories>
         <title-group>
            <article-title>The Challenge of Poetics to (Normal) Historical Practice</article-title>
         </title-group>
         <contrib-group>
            <contrib contrib-type="author">
               <string-name>
                  <given-names>Robert F.</given-names>
                  <surname>Berkhofer,</surname>
                  <suffix>Jr.</suffix>
               </string-name>
            </contrib>
         </contrib-group>
         <pub-date>
            <day>1</day>
            <month>1</month>
            <year>1988</year>
         </pub-date>
         <volume>9</volume>
         <issue>2</issue>
         <issue-id>i303078</issue-id>
         <fpage>435</fpage>
         <lpage>452</lpage>
         <page-range>435-452</page-range>
         <permissions>
            <copyright-statement>Copyright 1988 The Porter Institute for Poetics and Semiotics, Tel Aviv University</copyright-statement>
         </permissions>
         <self-uri xlink:href="http://www.jstor.org/stable/1772698"/>
         <custom-meta-group>
            <custom-meta>
               <meta-name>lang</meta-name>
               <meta-value>eng</meta-value>
            </custom-meta>
         </custom-meta-group>
      </article-meta>
   </front>
   <back>
      <fn-group>
         <title>[Footnotes]</title>
         <fn id="d899e126a1310">
            <label>1</label>
            <p>
               <mixed-citation id="d899e133" publication-type="book">
Compare chapters 8-11 with chapters 3-7 in Louis Gottschalk (1969)  </mixed-citation>
            </p>
            <p>
               <mixed-citation id="d899e141" publication-type="book">
Jacques Barzun and Henry F. Graf (1957)  </mixed-citation>
            </p>
            <p>
               <mixed-citation id="d899e149" publication-type="other">
Savoie Lottinville (1976)</mixed-citation>
            </p>
         </fn>
         <fn id="d899e156a1310">
            <label>3</label>
            <p>
               <mixed-citation id="d899e163" publication-type="book">
Gilbert Ryle and popularized in the human sciences
by Clifford Geertz, has its own context and therefore meaning in (1973: chapter 1).  </mixed-citation>
            </p>
         </fn>
         <fn id="d899e175a1310">
            <label>4</label>
            <p>
               <mixed-citation id="d899e182" publication-type="book">
Patrick Gardiner (1959:
344-475)  <fpage>344</fpage>
               </mixed-citation>
            </p>
         </fn>
         <fn id="d899e197a1310">
            <label>6</label>
            <p>
               <mixed-citation id="d899e204" publication-type="book">
Wallace
Martin (1986).  </mixed-citation>
            </p>
         </fn>
         <fn id="d899e217a1310">
            <label>7</label>
            <p>
               <mixed-citation id="d899e224" publication-type="book">
Paul Ricoeur (1984)  </mixed-citation>
            </p>
            <p>
               <mixed-citation id="d899e232" publication-type="book">
F. R. Ankersmit (1983)  </mixed-citation>
            </p>
         </fn>
         <fn id="d899e241a1310">
            <label>8</label>
            <p>
               <mixed-citation id="d899e248" publication-type="book">
Peter
Munz (1977: chapters 7-8)  </mixed-citation>
            </p>
         </fn>
         <fn id="d899e260a1310">
            <label>9</label>
            <p>
               <mixed-citation id="d899e267" publication-type="book">
Lionel Gossman
(1978: 3-40)  <fpage>3</fpage>
               </mixed-citation>
            </p>
            <p>
               <mixed-citation id="d899e281" publication-type="journal">
Robert Anchor (1983: 107-119)  <fpage>107</fpage>
               </mixed-citation>
            </p>
            <p>
               <mixed-citation id="d899e292" publication-type="book">
Martin (1986: 57-80)  <fpage>57</fpage>
               </mixed-citation>
            </p>
         </fn>
         <fn id="d899e304a1310">
            <label>10</label>
            <p>
               <mixed-citation id="d899e311" publication-type="book">
"Hi/story" in ed. A. J. Greimas and J. Courtes,
trans. Larry Crist and Daniel Patte et al. (1982: 143-144)<person-group>
                     <string-name>
                        <surname>Greimas</surname>
                     </string-name>
                  </person-group>
                  <fpage>143</fpage>
                  <source>Hi/story</source>
                  <year>1982</year>
               </mixed-citation>
            </p>
            <p>
               <mixed-citation id="d899e339" publication-type="book">
Sande
Cohen (1986).  </mixed-citation>
            </p>
         </fn>
         <fn id="d899e351a1310">
            <label>11</label>
            <p>
               <mixed-citation id="d899e358" publication-type="book">
Michael Lane (1970: 43-45)  <fpage>43</fpage>
               </mixed-citation>
            </p>
            <p>
               <mixed-citation id="d899e369" publication-type="book">
Robert Scholes (1981: 200-205)  <fpage>200</fpage>
               </mixed-citation>
            </p>
            <p>
               <mixed-citation id="d899e380" publication-type="book">
Oswald Ducrot and Tzvetan Todorov (1979)  </mixed-citation>
            </p>
            <p>
               <mixed-citation id="d899e389" publication-type="book">
Greimas and
Courtes (1982)  </mixed-citation>
            </p>
            <p>
               <mixed-citation id="d899e400" publication-type="book">
Michel Foucault, (1979: 141-
160)  <fpage>141</fpage>
               </mixed-citation>
            </p>
            <p>
               <mixed-citation id="d899e414" publication-type="book">
Jane P. Tompkins (1980)  </mixed-citation>
            </p>
            <p>
               <mixed-citation id="d899e422" publication-type="book">
William Ray (1984)  </mixed-citation>
            </p>
         </fn>
         <fn id="d899e431a1310">
            <label>12</label>
            <p>
               <mixed-citation id="d899e438" publication-type="journal">
Jerzy Topolski (1981: 47-60)  <fpage>47</fpage>
               </mixed-citation>
            </p>
            <p>
               <mixed-citation id="d899e449" publication-type="journal">
"The Constitution of the Past,"
History and Theory, XVI (no. 4 [Beiheft 16], 1977).<issue>4</issue>
                  <volume>XVI</volume>
                  <source>History and Theory</source>
                  <year>1977</year>
               </mixed-citation>
            </p>
         </fn>
         <fn id="d899e473a1310">
            <label>13</label>
            <p>
               <mixed-citation id="d899e480" publication-type="journal">
Donald N.
McCloskey (1985: 1-22)  <fpage>1</fpage>
               </mixed-citation>
            </p>
            <p>
               <mixed-citation id="d899e494" publication-type="book">
Robert W. Fogel and Geoffrey R. Elton (1983)  </mixed-citation>
            </p>
            <p>
               <mixed-citation id="d899e502" publication-type="journal">
Donald N. McCloskey
(1985)  </mixed-citation>
            </p>
         </fn>
         <fn id="d899e514a1310">
            <label>14</label>
            <p>
               <mixed-citation id="d899e521" publication-type="book">
Munz (1977: chapter 8).  </mixed-citation>
            </p>
         </fn>
         <fn id="d899e530a1310">
            <label>15</label>
            <p>
               <mixed-citation id="d899e537" publication-type="book">
Arthur C. Danto (1985: 149-182)  <fpage>149</fpage>
               </mixed-citation>
            </p>
         </fn>
         <fn id="d899e549a1310">
            <label>16</label>
            <p>
               <mixed-citation id="d899e558" publication-type="journal">
David M.
Potter (1962: 924-950)  <fpage>924</fpage>
               </mixed-citation>
            </p>
         </fn>
         <fn id="d899e573a1310">
            <label>17</label>
            <p>
               <mixed-citation id="d899e580" publication-type="book">
Vincent Descombes, Modern French Philosophy, trans. L. Scott-Fox and
J. M. Harding (1980: 27-32, 180-86)<person-group>
                     <string-name>
                        <surname>Descombes</surname>
                     </string-name>
                  </person-group>
                  <fpage>27</fpage>
                  <source>Modern French Philosophy</source>
                  <year>1980</year>
               </mixed-citation>
            </p>
         </fn>
      </fn-group>
      <ref-list>
         <title>References</title>
         <ref id="d899e618a1310">
            <mixed-citation id="d899e622" publication-type="journal">
Anchor, Robert
1983 "Realism and Ideology: The Question of Order," History and Theory 22(2):
107-119.<object-id pub-id-type="doi">10.2307/2504930</object-id>
               <fpage>107</fpage>
            </mixed-citation>
         </ref>
         <ref id="d899e641a1310">
            <mixed-citation id="d899e645" publication-type="book">
Ankersmit, F. R.
1983 Narrative Logic: A Semantic Analysis of the Historian's Language, Vol. 7 (The
Hague: Martinus Nijhoff).<person-group>
                  <string-name>
                     <surname>Ankersmit</surname>
                  </string-name>
               </person-group>
               <volume>7</volume>
               <source>Narrative Logic: A Semantic Analysis of the Historian's Language</source>
               <year>1983</year>
            </mixed-citation>
         </ref>
         <ref id="d899e677a1310">
            <mixed-citation id="d899e681" publication-type="book">
Barthes, Roland
1970 "Historical Discourse," in Introduction to Structuralism, edited by Michael
Lane (New York: Basic Books), 145-155.<person-group>
                  <string-name>
                     <surname>Barthes</surname>
                  </string-name>
               </person-group>
               <comment content-type="section">Historical Discourse</comment>
               <fpage>145</fpage>
               <source>Introduction to Structuralism</source>
               <year>1970</year>
            </mixed-citation>
            <mixed-citation id="d899e715" publication-type="other">
1974 S/Z, translated by Richard Miller (New York: Farrar, Straus and Giroux).</mixed-citation>
         </ref>
         <ref id="d899e722a1310">
            <mixed-citation id="d899e726" publication-type="book">
Barzun, Jacques and Henry F. Graf
1957 The Modern Researcher (New York: Harcourt, Brace and World).<person-group>
                  <string-name>
                     <surname>Barzun</surname>
                  </string-name>
               </person-group>
               <source>The Modern Researcher</source>
               <year>1957</year>
            </mixed-citation>
         </ref>
         <ref id="d899e752a1310">
            <mixed-citation id="d899e756" publication-type="book">
Berkhofer, Robert F., Jr.
1969 A Behavioral Approach to Historical Analysis (New York: The Free Press).<person-group>
                  <string-name>
                     <surname>Berkhofer</surname>
                  </string-name>
               </person-group>
               <source>A Behavioral Approach to Historical Analysis</source>
               <year>1969</year>
            </mixed-citation>
         </ref>
         <ref id="d899e781a1310">
            <mixed-citation id="d899e785" publication-type="book">
Cohen, Sande
1986 Historical Culture: On the Recoding of an Academic Discipline (Berkeley: Uni-
versity of California Press).<person-group>
                  <string-name>
                     <surname>Cohen</surname>
                  </string-name>
               </person-group>
               <source>Historical Culture: On the Recoding of an Academic Discipline</source>
               <year>1986</year>
            </mixed-citation>
         </ref>
         <ref id="d899e814a1310">
            <mixed-citation id="d899e818" publication-type="book">
Danto, Arthur C.
1985 Narration and Knowledge, expanded ed. of Analytical Philosophy of History
(New York: Columbia University Press), 149-182.<person-group>
                  <string-name>
                     <surname>Danto</surname>
                  </string-name>
               </person-group>
               <comment content-type="section">Narration and Knowledge</comment>
               <fpage>149</fpage>
               <source>Analytical Philosophy of History</source>
               <year>1985</year>
            </mixed-citation>
         </ref>
         <ref id="d899e853a1310">
            <mixed-citation id="d899e857" publication-type="book">
Descombes, Vincent
1980 Modern French Philosophy, translated by L. Scott-Fox and J. M. Harding
(Cambridge: Cambridge University Press).<person-group>
                  <string-name>
                     <surname>Descombes</surname>
                  </string-name>
               </person-group>
               <source>Modern French Philosophy</source>
               <year>1980</year>
            </mixed-citation>
         </ref>
         <ref id="d899e886a1310">
            <mixed-citation id="d899e890" publication-type="book">
Ducrot, Oswald and Tzvetan Todorov
1979 Encyclopedic Dictionary of the Sciences of Language, translated by Catherine
Porter (Baltimore: Johns Hopkins University Press).<person-group>
                  <string-name>
                     <surname>Ducrot</surname>
                  </string-name>
               </person-group>
               <source>Encyclopedic Dictionary of the Sciences of Language</source>
               <year>1979</year>
            </mixed-citation>
         </ref>
         <ref id="d899e919a1310">
            <mixed-citation id="d899e923" publication-type="book">
Fogel, Robert W. and Geoffrey R. Elton
1983 Which Road to the Past: Two Views of History (New Haven: Yale University
Press).<person-group>
                  <string-name>
                     <surname>Fogel</surname>
                  </string-name>
               </person-group>
               <source>Which Road to the Past: Two Views of History</source>
               <year>1983</year>
            </mixed-citation>
         </ref>
         <ref id="d899e953a1310">
            <mixed-citation id="d899e957" publication-type="book">
Foucault, Michel
1979 "What is an Author?," in Textual Strategies: Perspectives in Post-Structuralist
Criticism, edited by Josu6 V. Harari (Ithaca: Cornell University Press), 141-
160.<person-group>
                  <string-name>
                     <surname>Foucault</surname>
                  </string-name>
               </person-group>
               <comment content-type="section">What is an Author?</comment>
               <fpage>141</fpage>
               <source>Textual Strategies: Perspectives in Post-Structuralist Criticism</source>
               <year>1979</year>
            </mixed-citation>
         </ref>
         <ref id="d899e995a1310">
            <mixed-citation id="d899e999" publication-type="book">
Gardiner, Patrick, ed.
1959 Theories of History (Glencoe, IL: Free Press).<person-group>
                  <string-name>
                     <surname>Gardiner</surname>
                  </string-name>
               </person-group>
               <source>Theories of History</source>
               <year>1959</year>
            </mixed-citation>
         </ref>
         <ref id="d899e1024a1310">
            <mixed-citation id="d899e1028" publication-type="book">
Geertz, Clifford
1973 The Interpretation of Cultures (New York: Basic Books).<person-group>
                  <string-name>
                     <surname>Geertz</surname>
                  </string-name>
               </person-group>
               <source>The Interpretation of Cultures</source>
               <year>1973</year>
            </mixed-citation>
         </ref>
         <ref id="d899e1053a1310">
            <mixed-citation id="d899e1057" publication-type="book">
Gossman, Lionel
1978 "History and Literature: Reproduction or Signification," in The Writing of
History: Literary Form and Historical Understanding, edited by Robert H. Canary
and Henry Kozicki (Madison: University of Wisconsin Press), 3-40.<person-group>
                  <string-name>
                     <surname>Gossman</surname>
                  </string-name>
               </person-group>
               <comment content-type="section">History and Literature: Reproduction or Signification</comment>
               <fpage>3</fpage>
               <source>The Writing of History: Literary Form and Historical Understanding</source>
               <year>1978</year>
            </mixed-citation>
         </ref>
         <ref id="d899e1095a1310">
            <mixed-citation id="d899e1099" publication-type="book">
Gottschalk, Louis
1969 Understanding History: A Primer of Historical Methods, 2nd ed. (New York:
Alfred A. Knopf).<person-group>
                  <string-name>
                     <surname>Gottschalk</surname>
                  </string-name>
               </person-group>
               <edition>2</edition>
               <source>Understanding History: A Primer of Historical Methods</source>
               <year>1969</year>
            </mixed-citation>
         </ref>
         <ref id="d899e1131a1310">
            <mixed-citation id="d899e1135" publication-type="book">
Greimas, A. J. and J. Courtes, eds.
1982 Semiotics and Language: An Analytical Dictionary, translated by Larry Crist
and Daniel Patte, et al (Bloomington: University of Indiana Press).<person-group>
                  <string-name>
                     <surname>Greimas</surname>
                  </string-name>
               </person-group>
               <source>Semiotics and Language: An Analytical Dictionary</source>
               <year>1982</year>
            </mixed-citation>
         </ref>
         <ref id="d899e1165a1310">
            <mixed-citation id="d899e1169" publication-type="book">
Jakobson, Roman
1960 "Closing Statement: Linguistics and Poetics," in Style in Language, edited
by Thomas Sebeok (Cambridge, MA: MIT Press), 350-377.<person-group>
                  <string-name>
                     <surname>Jakobson</surname>
                  </string-name>
               </person-group>
               <comment content-type="section">Closing Statement: Linguistics and Poetics</comment>
               <fpage>350</fpage>
               <source>Style in Language</source>
               <year>1960</year>
            </mixed-citation>
         </ref>
         <ref id="d899e1204a1310">
            <mixed-citation id="d899e1208" publication-type="journal">
Jameson, Fredric
1979 "Marxism and Historicism," New Literary History 11 (Autumn): 41-73.<object-id pub-id-type="doi">10.2307/468870</object-id>
               <fpage>41</fpage>
            </mixed-citation>
         </ref>
         <ref id="d899e1224a1310">
            <mixed-citation id="d899e1228" publication-type="book">
Kuhn, Thomas S.
1970 The Structure of Scientific Revolutions, 2nd ed., enl. (Chicago: University of
Chicago Press).<person-group>
                  <string-name>
                     <surname>Kuhn</surname>
                  </string-name>
               </person-group>
               <edition>2</edition>
               <source>The Structure of Scientific Revolutions</source>
               <year>1970</year>
            </mixed-citation>
         </ref>
         <ref id="d899e1260a1310">
            <mixed-citation id="d899e1264" publication-type="book">
Levi-Strauss, Claude
1966 The Savage Mind (Chicago: University of Chicago Press).<person-group>
                  <string-name>
                     <surname>Lévi-Strauss</surname>
                  </string-name>
               </person-group>
               <source>The Savage Mind</source>
               <year>1966</year>
            </mixed-citation>
         </ref>
         <ref id="d899e1289a1310">
            <mixed-citation id="d899e1293" publication-type="book">
Marrou, Henri-Irenee
1966 The Meaning of History, translated by Robert J. Olsen (Baltimore: Helicon).<person-group>
                  <string-name>
                     <surname>Marrou</surname>
                  </string-name>
               </person-group>
               <source>The Meaning of History</source>
               <year>1966</year>
            </mixed-citation>
         </ref>
         <ref id="d899e1318a1310">
            <mixed-citation id="d899e1322" publication-type="book">
Martin, Wallace
1986 Recent Theories of Narrative (Ithaca: Cornell University Press).<person-group>
                  <string-name>
                     <surname>Martin</surname>
                  </string-name>
               </person-group>
               <source>Recent Theories of Narrative</source>
               <year>1986</year>
            </mixed-citation>
         </ref>
         <ref id="d899e1348a1310">
            <mixed-citation id="d899e1352" publication-type="journal">
McCloskey, Donald N.
1985 "The Problem of Audience in Historical Economics: Rhetorical Thoughts
on a Text by Robert Fogel," History and Theory 24 (1): 1-22.<object-id pub-id-type="doi">10.2307/2504940</object-id>
               <fpage>1</fpage>
            </mixed-citation>
            <mixed-citation id="d899e1370" publication-type="book">
1985 The Rhetoric of Economics (Madison: University of Wisconsin Press).<person-group>
                  <string-name>
                     <surname>McCloskey</surname>
                  </string-name>
               </person-group>
               <source>The Rhetoric of Economics</source>
               <year>1985</year>
            </mixed-citation>
         </ref>
         <ref id="d899e1392a1310">
            <mixed-citation id="d899e1396" publication-type="book">
Mink, Louis
1978 "Narrative Form as a Cognitive Instrument," in The Writing of History:
Literary Form and Historical Understanding, edited by Robert H. Canary and
Henry Kozicki (Madison: University of Wisconsin Press), 129-149.<person-group>
                  <string-name>
                     <surname>Mink</surname>
                  </string-name>
               </person-group>
               <comment content-type="section">Narrative Form as a Cognitive Instrument</comment>
               <fpage>129</fpage>
               <source>The Writing of History: Literary Form and Historical Understanding</source>
               <year>1978</year>
            </mixed-citation>
         </ref>
         <ref id="d899e1434a1310">
            <mixed-citation id="d899e1438" publication-type="book">
Munz, Peter
1977 The Shapes of Time: A New Look at the Philosophy of History (Middletown, CT:
Wesleyan University Press).<person-group>
                  <string-name>
                     <surname>Munz</surname>
                  </string-name>
               </person-group>
               <source>The Shapes of Time: A New Look at the Philosophy of History</source>
               <year>1977</year>
            </mixed-citation>
         </ref>
         <ref id="d899e1467a1310">
            <mixed-citation id="d899e1471" publication-type="journal">
Nadel, George H., ed.
1977 "The Constitution of the Past," History and Theory 16 (4) Supp. 16.<person-group>
                  <string-name>
                     <surname>Nadel</surname>
                  </string-name>
               </person-group>
               <issue>4</issue>
               <fpage>16</fpage>
               <volume>16</volume>
               <source>History and Theory</source>
               <year>1977</year>
            </mixed-citation>
            <mixed-citation id="d899e1505" publication-type="journal">
1980 "Metahistory: Six Critiques," History and Theory 19 (4) Supp. 19.<person-group>
                  <string-name>
                     <surname>Nadel</surname>
                  </string-name>
               </person-group>
               <issue>4</issue>
               <volume>19</volume>
               <source>History and Theory</source>
               <year>1980</year>
            </mixed-citation>
         </ref>
         <ref id="d899e1534a1310">
            <mixed-citation id="d899e1538" publication-type="journal">
Potter, David M.
1962 "The Historian's Idea of Nationalism and Vice Versa," American Historical
Review 67 (July): 924-950.<object-id pub-id-type="doi">10.2307/1845246</object-id>
               <fpage>924</fpage>
            </mixed-citation>
         </ref>
         <ref id="d899e1557a1310">
            <mixed-citation id="d899e1561" publication-type="book">
Ray, William
1984 Literary Meaning: From Phenomenology to Deconstruction (London: Basil Black-
well).<person-group>
                  <string-name>
                     <surname>Ray</surname>
                  </string-name>
               </person-group>
               <source>Literary Meaning: From Phenomenology to Deconstruction</source>
               <year>1984</year>
            </mixed-citation>
         </ref>
         <ref id="d899e1591a1310">
            <mixed-citation id="d899e1595" publication-type="book">
Ricoeur, Paul
1984 Time and Narrative, Vol. 1, translated by Kathleen McLaughlin and David
Pellauer (Chicago: University of Chicago Press).<person-group>
                  <string-name>
                     <surname>Ricoeur</surname>
                  </string-name>
               </person-group>
               <volume>1</volume>
               <source>Time and Narrative</source>
               <year>1984</year>
            </mixed-citation>
         </ref>
         <ref id="d899e1627a1310">
            <mixed-citation id="d899e1631" publication-type="book">
Saussure, Ferdinand de
1970 "Course in General Linguistics," in Introduction to Structuralism, edited by
Michael Lane (New York: Basic Books), 43-56.<person-group>
                  <string-name>
                     <surname>Saussure</surname>
                  </string-name>
               </person-group>
               <comment content-type="section">Course in General Linguistics</comment>
               <fpage>43</fpage>
               <source>Introduction to Structuralism</source>
               <year>1970</year>
            </mixed-citation>
         </ref>
         <ref id="d899e1666a1310">
            <mixed-citation id="d899e1670" publication-type="book">
Scholes, Robert
1981 "Language, Narrative, and anti-Narrative," in On Narrative, edited by
W. J. T. Mitchell (Chicago: University of Chicago Press), 200-208.<person-group>
                  <string-name>
                     <surname>Scholes</surname>
                  </string-name>
               </person-group>
               <comment content-type="section">Language, Narrative, and anti-Narrative</comment>
               <fpage>200</fpage>
               <source>On Narrative</source>
               <year>1981</year>
            </mixed-citation>
         </ref>
         <ref id="d899e1705a1310">
            <mixed-citation id="d899e1709" publication-type="journal">
Stone, Lawrence
1979 "The Revival of Narrative: Reflections on a New Old History," Past and
Present (Oxford) 85: 3-24.<object-id pub-id-type="jstor">10.2307/650677</object-id>
               <fpage>3</fpage>
            </mixed-citation>
         </ref>
         <ref id="d899e1728a1310">
            <mixed-citation id="d899e1732" publication-type="book">
Tilly, Charles
1985 "Retrieving European Lives," in Reliving the Past: The Worlds of Social History,
edited by Olivier Zunz (Chapel Hill: University of North Carolina Press),
11-52.<person-group>
                  <string-name>
                     <surname>Tilly</surname>
                  </string-name>
               </person-group>
               <comment content-type="section">Retrieving European Lives</comment>
               <fpage>11</fpage>
               <source>Reliving the Past: The Worlds of Social History</source>
               <year>1985</year>
            </mixed-citation>
         </ref>
         <ref id="d899e1770a1310">
            <mixed-citation id="d899e1774" publication-type="book">
Tompkins, Jane P., ed.
1980 Reader-Response Criticism: From Formalism to Post-Structuralism (Baltimore:
Johns Hopkins University Press).<person-group>
                  <string-name>
                     <surname>Tompkins</surname>
                  </string-name>
               </person-group>
               <source>Reader-Response Criticism: From Formalism to Post-Structuralism</source>
               <year>1980</year>
            </mixed-citation>
         </ref>
         <ref id="d899e1804a1310">
            <mixed-citation id="d899e1808" publication-type="journal">
Topolski, Jerzy
1981 "Conditions of Truth of Historical Narratives," History and Theory 20 (1):
47-60.<object-id pub-id-type="doi">10.2307/2504644</object-id>
               <fpage>47</fpage>
            </mixed-citation>
         </ref>
         <ref id="d899e1827a1310">
            <mixed-citation id="d899e1831" publication-type="book">
Walsh, William H.
1967 An Introduction to the Philosophy of History, 3rd ed. (London: Hutchinson).<person-group>
                  <string-name>
                     <surname>Walsh</surname>
                  </string-name>
               </person-group>
               <edition>3</edition>
               <source>An Introduction to the Philosophy of History</source>
               <year>1967</year>
            </mixed-citation>
            <mixed-citation id="d899e1859" publication-type="book">
1974 "Colligatory Concepts in History," in The Philosophy of History, edited by
Patrick Gardiner (Oxford: Oxford University Press), 127-144.<person-group>
                  <string-name>
                     <surname>Walsh</surname>
                  </string-name>
               </person-group>
               <comment content-type="section">Colligatory Concepts in History</comment>
               <fpage>127</fpage>
               <source>The Philosophy of History</source>
               <year>1974</year>
            </mixed-citation>
         </ref>
         <ref id="d899e1891a1310">
            <mixed-citation id="d899e1895" publication-type="book">
White, Hayden
1973 Metahistory: The Historical Imagination in Nineteenth-Century Europe (Balti-
more: Johns Hopkins University Press).<person-group>
                  <string-name>
                     <surname>White</surname>
                  </string-name>
               </person-group>
               <source>Metahistory: The Historical Imagination in Nineteenth-Century Europe</source>
               <year>1973</year>
            </mixed-citation>
            <mixed-citation id="d899e1923" publication-type="book">
1982 "Method and Ideology in Intellectual History: The Case of Henry Adams,"
in Modern European Intellectual History: Reappraisals and New Perspectives, edited
by Dominick LaCapra and Steven L. Kaplan (Ithaca: Cornell University Press),
280-310.<person-group>
                  <string-name>
                     <surname>White</surname>
                  </string-name>
               </person-group>
               <comment content-type="section">Method and Ideology in Intellectual History: The Case of Henry Adams</comment>
               <fpage>280</fpage>
               <source>Modern European Intellectual History: Reappraisals and New Perspectives</source>
               <year>1982</year>
            </mixed-citation>
            <mixed-citation id="d899e1960" publication-type="journal">
1984 "The Question of Narrative in Contemporary Historical Theory," History
and Theory 23 (1): 1-33.<object-id pub-id-type="doi">10.2307/2504969</object-id>
               <fpage>1</fpage>
            </mixed-citation>
         </ref>
      </ref-list>
   </back>
</article>
