<article xmlns:xsi="http://www.w3.org/2001/XMLSchema-instance"
         xmlns:xlink="http://www.w3.org/1999/xlink"
         xmlns:mml="http://www.w3.org/1998/Math/MathML"
         dtd-version="1.0"
         article-type="research-article">
   <front>
      <journal-meta>
         <journal-id journal-id-type="jstor">poeticstoday</journal-id>
         <journal-id journal-id-type="jstor">j100659</journal-id>
         <journal-title-group>
            <journal-title>Poetics Today</journal-title>
         </journal-title-group>
         <publisher>
            <publisher-name>Duke University Press</publisher-name>
         </publisher>
         <issn pub-type="ppub">03335372</issn>
         <issn pub-type="epub">15275507</issn>
      </journal-meta>
      <article-meta>
         <article-id pub-id-type="doi">10.2307/1772673</article-id>
         <title-group>
            <article-title>Russian and Hebrew: The Case of a Dependent Polysystem</article-title>
         </title-group>
         <pub-date>
            <day>1</day>
            <month>4</month>
            <year>1990</year>
         </pub-date>
         <volume>11</volume>
         <issue>1</issue>
         <issue-id>i303085</issue-id>
         <fpage>97</fpage>
         <lpage>110</lpage>
         <page-range>97-110</page-range>
         <permissions>
            <copyright-statement>Copyright 1990 The Porter Institute for Poetics and Semiotics, Tel Aviv University</copyright-statement>
         </permissions>
         <self-uri xlink:href="http://www.jstor.org/stable/1772673"/>
         <custom-meta-group>
            <custom-meta>
               <meta-name>lang</meta-name>
               <meta-value>eng</meta-value>
            </custom-meta>
         </custom-meta-group>
      </article-meta>
   </front>
   <back>
      <fn-group>
         <title>[Footnotes]</title>
         <fn id="d10026e99a1310">
            <label>1</label>
            <p>
               <mixed-citation id="d10026e106" publication-type="book">
Pravda, 25.12.1951<volume>25</volume>
                  <source>Pravda</source>
                  <year>1951</year>
               </mixed-citation>
            </p>
            <p>
               <mixed-citation id="d10026e121" publication-type="other">
1962 work, Istorija xazar</mixed-citation>
            </p>
            <p>
               <mixed-citation id="d10026e127" publication-type="other">
Conclusion (pp. 457-459)</mixed-citation>
            </p>
            <p>
               <mixed-citation id="d10026e134" publication-type="other">
Rus, the Jews, and the Khazars. Pritsak
(1981: 70-71)</mixed-citation>
            </p>
            <p>
               <mixed-citation id="d10026e143" publication-type="other">
Geniza documents on the
relations between Kiev and Khazaria (Golb and Pritsak 1982)</mixed-citation>
            </p>
            <p>
               <mixed-citation id="d10026e152" publication-type="other">
Polak's (1943)</mixed-citation>
            </p>
         </fn>
         <fn id="d10026e159a1310">
            <label>2</label>
            <p>
               <mixed-citation id="d10026e168" publication-type="other">
Khazars (1976)</mixed-citation>
            </p>
         </fn>
         <fn id="d10026e175a1310">
            <label>3</label>
            <p>
               <mixed-citation id="d10026e182" publication-type="other">
Shavit (1986)</mixed-citation>
            </p>
         </fn>
         <fn id="d10026e189a1310">
            <label>4</label>
            <p>
               <mixed-citation id="d10026e196" publication-type="other">
"Aspects of the Hebrew-Yiddish
Polysystem" below</mixed-citation>
            </p>
         </fn>
         <fn id="d10026e207a1310">
            <label>6</label>
            <p>
               <mixed-citation id="d10026e214" publication-type="other">
"Interference in Dependent
Literary Polysystems"</mixed-citation>
            </p>
            <p>
               <mixed-citation id="d10026e223" publication-type="other">
"Laws of Literary Interference."</mixed-citation>
            </p>
         </fn>
         <fn id="d10026e230a1310">
            <label>8</label>
            <p>
               <mixed-citation id="d10026e237" publication-type="book">
Ha-Bima ["The Stage"]<source>Ha-Bima</source>
               </mixed-citation>
            </p>
         </fn>
         <fn id="d10026e247a1310">
            <label>10</label>
            <p>
               <mixed-citation id="d10026e254" publication-type="other">
Although Mendele (1836?-1917</mixed-citation>
            </p>
            <p>
               <mixed-citation id="d10026e260" publication-type="other">
"Gnessin's Dialogue and Its Russian Models."</mixed-citation>
            </p>
         </fn>
         <fn id="d10026e267a1310">
            <label>11</label>
            <p>
               <mixed-citation id="d10026e274" publication-type="book">
"The Role of Russian and Yiddish in the Making of Modern He-
brew,"<source>The Role of Russian and Yiddish in the Making of Modern Hebrew</source>
               </mixed-citation>
            </p>
            <p>
               <mixed-citation id="d10026e286" publication-type="book">
"The Emergence of Native Hebrew Culture in Palestine, 1882-1948,"<source>The Emergence of Native Hebrew Culture in Palestine, 1882-1948</source>
               </mixed-citation>
            </p>
            <p>
               <mixed-citation id="d10026e295" publication-type="book">
"Void Pragmatic Connectives."<source>Void Pragmatic Connectives</source>
               </mixed-citation>
            </p>
         </fn>
         <fn id="d10026e305a1310">
            <label>12</label>
            <p>
               <mixed-citation id="d10026e312" publication-type="book">
"The Emergence of Native Hebrew Culture in Palestine, 1882-1948"
below<source>The Emergence of Native Hebrew Culture in Palestine, 1882-1948</source>
               </mixed-citation>
            </p>
         </fn>
      </fn-group>
   </back>
</article>
