<article xmlns:xsi="http://www.w3.org/2001/XMLSchema-instance"
         xmlns:xlink="http://www.w3.org/1999/xlink"
         xmlns:mml="http://www.w3.org/1998/Math/MathML"
         dtd-version="1.0"
         article-type="research-article">
   <front>
      <journal-meta>
         <journal-id journal-id-type="jstor">poeticstoday</journal-id>
         <journal-id journal-id-type="jstor">j100659</journal-id>
         <journal-title-group>
            <journal-title>Poetics Today</journal-title>
         </journal-title-group>
         <publisher>
            <publisher-name>Porter Institute for Poetics and Semiotics</publisher-name>
         </publisher>
         <issn pub-type="ppub">03335372</issn>
         <issn pub-type="epub">15275507</issn>
      </journal-meta>
      <article-meta>
         <article-id pub-id-type="doi">10.2307/1772569</article-id>
         <article-categories>
            <subj-group>
               <subject>Rereading the Masters</subject>
            </subj-group>
         </article-categories>
         <title-group>
            <article-title>Bakhtiniada Part II: The Corsican Brothers in the Prague School, or the Reciprocity of Reception</article-title>
         </title-group>
         <contrib-group>
            <contrib contrib-type="author">
               <string-name>
                  <given-names>F. W.</given-names>
                  <surname>Galan</surname>
               </string-name>
            </contrib>
         </contrib-group>
         <pub-date>
            <day>1</day>
            <month>1</month>
            <year>1987</year>
         </pub-date>
         <volume>8</volume>
         <issue>3/4</issue>
         <issue-id>i303076</issue-id>
         <fpage>565</fpage>
         <lpage>577</lpage>
         <page-range>565-577</page-range>
         <permissions>
            <copyright-statement>Copyright The Porter Institute for Poetics and Semiotics Tel Aviv University</copyright-statement>
         </permissions>
         <self-uri xlink:href="http://www.jstor.org/stable/1772569"/>
         <custom-meta-group>
            <custom-meta>
               <meta-name>lang</meta-name>
               <meta-value>eng</meta-value>
            </custom-meta>
         </custom-meta-group>
      </article-meta>
   </front>
   <back>
      <fn-group>
         <title>[Footnotes]</title>
         <fn id="d12515e123a1310">
            <label>1</label>
            <p>
               <mixed-citation id="d12515e130" publication-type="journal">
Nicholas Bachtin, "English Poetry in Greek," has been reprinted in
Poetics Today, Vol. 6, No. 3 (1985)<person-group>
                     <string-name>
                        <surname>Bachtin</surname>
                     </string-name>
                  </person-group>
                  <issue>3</issue>
                  <volume>6</volume>
                  <source>Poetics Today</source>
                  <year>1985</year>
               </mixed-citation>
            </p>
         </fn>
      </fn-group>
      <ref-list>
         <title>References</title>
         <ref id="d12515e171a1310">
            <mixed-citation id="d12515e175" publication-type="journal">
Bachtin, Nicholas, 1938-39. "English Poetry in Greek (1): Notes on a Comparative Study
of Poetic Idioms," The Link (A Review of Mediaeval and Modern Greek) 1 (1938): 77-84<person-group>
                  <string-name>
                     <surname>Bachtin</surname>
                  </string-name>
               </person-group>
               <fpage>77</fpage>
               <volume>1</volume>
               <source>The Link (A Review of Mediaeval and Modern Greek)</source>
               <year>1938</year>
            </mixed-citation>
            <mixed-citation id="d12515e206" publication-type="partial">
2 (1939): 49-63. Reprinted in Poetics Today Vol. 6, No. 3 (1985): 333-356.</mixed-citation>
            <mixed-citation id="d12515e212" publication-type="other">
1947 "The Scope &amp; Function of Linguistics: Inaugural Lecture, 19.5.47," unpublished
manuscript, 24 pp.</mixed-citation>
            <mixed-citation id="d12515e221" publication-type="book">
1963 Lectures and Essays, ed. A.E. Duncan-Jones (Birmingham: University of Birm-
ingham).<person-group>
                  <string-name>
                     <surname>Bachtin</surname>
                  </string-name>
               </person-group>
               <source>Lectures and Essays</source>
               <year>1963</year>
            </mixed-citation>
         </ref>
         <ref id="d12515e246a1310">
            <mixed-citation id="d12515e250" publication-type="book">
Bakhtin, Mikhail, 1929/1984. Problems of Dostoevsky's Poetics, trans. and ed. Caryl Emer-
son (Minneapolis: University of Minnesota Press).<person-group>
                  <string-name>
                     <surname>Bakhtin</surname>
                  </string-name>
               </person-group>
               <source>Problems of Dostoevsky's Poetics</source>
               <year>1929</year>
            </mixed-citation>
         </ref>
         <ref id="d12515e275a1310">
            <mixed-citation id="d12515e279" publication-type="journal">
Bogatyrev, Petr, 1936. "Kroj jako znak: "Funkini a strukturni pojeti v nirodopise" [The
Folk Costume as a Sign: The Functional and Structural Conception in Ethnogra-
phy], Slovo a slovesnost 2: 43-44.<person-group>
                  <string-name>
                     <surname>Bogatyrev</surname>
                  </string-name>
               </person-group>
               <fpage>43</fpage>
               <volume>2</volume>
               <source>Slovo a slovesnost</source>
               <year>1936</year>
            </mixed-citation>
            <mixed-citation id="d12515e313" publication-type="book">
1937/1971 The Function of the Folk Costume in Moravian Slovakia, trans. Richard C. Crum
(The Hague: Mouton).<person-group>
                  <string-name>
                     <surname>Bogatyrev</surname>
                  </string-name>
               </person-group>
               <source>The Function of the Folk Costume in Moravian Slovakia</source>
               <year>1971</year>
            </mixed-citation>
         </ref>
         <ref id="d12515e338a1310">
            <mixed-citation id="d12515e342" publication-type="book">
Clark, Katerina and Michael Holquist, 1984. Mikhail Bakhtin (Cambridge, Mass.: Harvard
UP).<person-group>
                  <string-name>
                     <surname>Clark</surname>
                  </string-name>
               </person-group>
               <source>Mikhail Bakhtin</source>
               <year>1984</year>
            </mixed-citation>
         </ref>
         <ref id="d12515e368a1310">
            <mixed-citation id="d12515e372" publication-type="journal">
Eagleton, Terry, 1982. "Wittgenstein's Friends," New Left Review 135: 64-90.<person-group>
                  <string-name>
                     <surname>Eagleton</surname>
                  </string-name>
               </person-group>
               <fpage>64</fpage>
               <volume>135</volume>
               <source>New Left Review</source>
               <year>1982</year>
            </mixed-citation>
         </ref>
         <ref id="d12515e401a1310">
            <mixed-citation id="d12515e405" publication-type="journal">
Frank, Joseph, 1986. "The Voices of Mikhail Bakhtin," New York Review of Books 23 Octo-
ber, 56-60.<person-group>
                  <string-name>
                     <surname>Frank</surname>
                  </string-name>
               </person-group>
               <issue>23 October</issue>
               <fpage>56</fpage>
               <source>New York Review of Books</source>
               <year>1986</year>
            </mixed-citation>
         </ref>
         <ref id="d12515e437a1310">
            <mixed-citation id="d12515e441" publication-type="book">
Galan, F.W., 1984-85. Historic Structures: The Prague School Project, 1928-1946 (Austin: Uni-.
versity of Texas Press).<person-group>
                  <string-name>
                     <surname>Galan</surname>
                  </string-name>
               </person-group>
               <source>Historic Structures: The Prague School Project, 1928-1946</source>
               <year>1985</year>
            </mixed-citation>
         </ref>
         <ref id="d12515e466a1310">
            <mixed-citation id="d12515e470" publication-type="book">
Jakobson, Roman, 1929. Remarques sur l'ivolution phonitique du russe comparie d celle des autres
langues slaves (= Travaux 2).<person-group>
                  <string-name>
                     <surname>Jakobson</surname>
                  </string-name>
               </person-group>
               <source>Remarques sur l'ivolution phonitique du russe comparie d celle des autres langues slaves</source>
               <year>1929</year>
            </mixed-citation>
            <mixed-citation id="d12515e494" publication-type="journal">
1935 "Diskuse o metodologickych problemech v prici Mukarovskeho 'Polikova Vzne-
senost prirody,'" Slovo a slovesnost 1: 192.<person-group>
                  <string-name>
                     <surname>Jakobson</surname>
                  </string-name>
               </person-group>
               <fpage>192</fpage>
               <volume>1</volume>
               <source>Slovo a slovesnost</source>
               <year>1935</year>
            </mixed-citation>
         </ref>
         <ref id="d12515e526a1310">
            <mixed-citation id="d12515e530" publication-type="book">
Mathesius, Vilem, 1911/1964. "On the Potentiality of the Phenomena of Language,"
Prague School Reader in Linguistics, trans. and ed. Josef Vachek (Bloomington: Indi-
ana UP), 1-32.<person-group>
                  <string-name>
                     <surname>Mathesius</surname>
                  </string-name>
               </person-group>
               <comment content-type="section">On the Potentiality of the Phenomena of Language</comment>
               <fpage>1</fpage>
               <source>Prague School Reader in Linguistics</source>
               <year>1964</year>
            </mixed-citation>
         </ref>
         <ref id="d12515e565a1310">
            <mixed-citation id="d12515e569" publication-type="book">
Mukarovsky, Jan, 1934/1936. "L'art comme fait semiologique," Actes du Huitiime Congris in-
ternational de philosophiae a Prague 2-7 septembre 1934, ed. Emanuel Ridl and Zdenek
Smeticek (Praha: Organizacni komitét kongresu), 1065-1072.<person-group>
                  <string-name>
                     <surname>Mukarovsky</surname>
                  </string-name>
               </person-group>
               <comment content-type="section">L'art comme fait semiologique</comment>
               <fpage>1065</fpage>
               <source>Actes du Huitiime Congris international de philosophiae a Prague 2-7 septembre 1934</source>
               <year>1936</year>
            </mixed-citation>
            <mixed-citation id="d12515e603" publication-type="book">
1938 "Genetika smyslu v Michove poesii," Torso a tajemstvi Mdchova dila, ed. Jan
Mukarovsky (Praha: Fr. Borovy), 13-110.<person-group>
                  <string-name>
                     <surname>Mukarovsky</surname>
                  </string-name>
               </person-group>
               <comment content-type="section">Genetika smyslu v Michove poesii</comment>
               <fpage>13</fpage>
               <source>Torso a tajemstvi Mdchova dila</source>
               <year>1938</year>
            </mixed-citation>
            <mixed-citation id="d12515e634" publication-type="book">
1940/1977 "On Poetic Language," The Word and Verbal Art: Selected Essays by Jan
Mukarovsky, trans. and ed. John Burbank and Peter Steiner (New Haven: Yale
UP), 1-64.<person-group>
                  <string-name>
                     <surname>Mukarovsky</surname>
                  </string-name>
               </person-group>
               <comment content-type="section">On Poetic Language</comment>
               <fpage>1</fpage>
               <source>The Word and Verbal Art: Selected Essays by Jan Mukarovsky</source>
               <year>1977</year>
            </mixed-citation>
         </ref>
         <ref id="d12515e670a1310">
            <mixed-citation id="d12515e674" publication-type="book">
Saussure, Ferdinand de, 1878-79. Mimoire sur le systime primitif des voyelles dans les langues
indo-europiennes (Leipzig: Teubner).<person-group>
                  <string-name>
                     <surname>Saussure</surname>
                  </string-name>
               </person-group>
               <source>Mimoire sur le systime primitif des voyelles dans les langues indo-europiennes</source>
               <year>1879</year>
            </mixed-citation>
            <mixed-citation id="d12515e698" publication-type="book">
1916/1959 Course in General Linguistics, trans. Wade Baskin (New York: Philosophical
Library).<person-group>
                  <string-name>
                     <surname>Saussure</surname>
                  </string-name>
               </person-group>
               <source>Course in General Linguistics</source>
               <year>1959</year>
            </mixed-citation>
         </ref>
         <ref id="d12515e723a1310">
            <mixed-citation id="d12515e727" publication-type="journal">
Steiner, Peter, 1982. "'Formalism' and 'Structuralism': An Exercise in Metahistory,"
Russian Literature 12: 299-330.<person-group>
                  <string-name>
                     <surname>Steiner</surname>
                  </string-name>
               </person-group>
               <fpage>299</fpage>
               <volume>12</volume>
               <source>Russian Literature</source>
               <year>1982</year>
            </mixed-citation>
         </ref>
         <ref id="d12515e759a1310">
            <mixed-citation id="d12515e763" publication-type="journal">
Sturrock,John, 1986. "Jamboree," London Review of Books 20 February, 13-14.<person-group>
                  <string-name>
                     <surname>Sturrock</surname>
                  </string-name>
               </person-group>
               <issue>20 February</issue>
               <fpage>13</fpage>
               <source>London Review of Books</source>
               <year>1986</year>
            </mixed-citation>
            <mixed-citation id="d12515e791" publication-type="book">
1979 Structuralism and Since: From Livi-Strauss to Derrida, ed. John Sturrock (Oxford: Ox-
ford UP).<person-group>
                  <string-name>
                     <surname>Sturrock</surname>
                  </string-name>
               </person-group>
               <source>Structuralism and Since: From Livi-Strauss to Derrida</source>
               <year>1979</year>
            </mixed-citation>
         </ref>
         <ref id="d12515e816a1310">
            <mixed-citation id="d12515e820" publication-type="book">
Travaux du Cercle linguistique de Prague 1929-1939, Vols. 1-8 (Praha: Jednota ceskych matem-
atiku a fysiku).<volume>1-8</volume>
               <source>Travaux du Cercle linguistique de Prague 1929-1939</source>
            </mixed-citation>
         </ref>
         <ref id="d12515e836a1310">
            <mixed-citation id="d12515e840" publication-type="book">
Trubetzkoy, N.S., 1975. N.S. Trubetzroy's Letters and Notes, ed. Roman Jakobson (The Hague:
Mouton).<person-group>
                  <string-name>
                     <surname>Trubetzkoy</surname>
                  </string-name>
               </person-group>
               <source>N.S. Trubetzroy's Letters and Notes</source>
               <year>1975</year>
            </mixed-citation>
         </ref>
         <ref id="d12515e865a1310">
            <mixed-citation id="d12515e869" publication-type="book">
Veltrusky, Jifi, 1942/1977. Drama as Literature (Lisse: Peter de Ridder Press).<person-group>
                  <string-name>
                     <surname>Veltrusky</surname>
                  </string-name>
               </person-group>
               <source>Drama as Literature</source>
               <year>1977</year>
            </mixed-citation>
         </ref>
         <ref id="d12515e892a1310">
            <mixed-citation id="d12515e896" publication-type="book">
Volosinov, V.N., 1929/1973. Marxism and the Philosophy of Language, trans. Ladislav Matejka
and I.R. Titunik (New York: Seminar Press).<person-group>
                  <string-name>
                     <surname>Volosinov</surname>
                  </string-name>
               </person-group>
               <source>Marxism and the Philosophy of Language</source>
               <year>1973</year>
            </mixed-citation>
            <mixed-citation id="d12515e920" publication-type="book">
1930/1983 "Literary Stylistics," trans. Noel Owen and Joe Andrew, in: Ann
Shukman, ed., Bakhtin School Papers (=Russian Poetics in Translation No. 10, 93-152).<person-group>
                  <string-name>
                     <surname>Volosinov</surname>
                  </string-name>
               </person-group>
               <source>Literary Stylistics</source>
               <year>1983</year>
            </mixed-citation>
         </ref>
      </ref-list>
   </back>
</article>
