<article dtd-version="1.0" article-type="research-article">
   <front>
      <journal-meta>
         <journal-id xmlns:xlink="http://www.w3.org/1999/xlink" journal-id-type="jstor">poeticstoday</journal-id>
         <journal-id xmlns:xlink="http://www.w3.org/1999/xlink" journal-id-type="jstor">j100659</journal-id>
         <journal-title-group xmlns:xlink="http://www.w3.org/1999/xlink">
            <journal-title>Poetics Today</journal-title>
         </journal-title-group>
         <publisher>
            <publisher-name>Porter Institute for Poetics and Semiotics</publisher-name>
         </publisher>
         <issn xmlns:xlink="http://www.w3.org/1999/xlink" pub-type="ppub">03335372</issn>
         <issn xmlns:xlink="http://www.w3.org/1999/xlink" pub-type="epub">15275507</issn>
      </journal-meta>
      <article-meta>
         <article-id xmlns:xlink="http://www.w3.org/1999/xlink" pub-id-type="doi">10.2307/1772465</article-id>
         <title-group>
            <article-title>Problems of a Semiology of Theatrical Gesture</article-title>
         </title-group>
         <contrib-group>
            <contrib contrib-type="author">
               <string-name xmlns:xlink="http://www.w3.org/1999/xlink">
                  <given-names>Patrice</given-names>
                  <surname>Pavis</surname>
               </string-name>
            </contrib>
            <contrib contrib-type="author">
               <string-name>Biller-Lappin</string-name>
            </contrib>
         </contrib-group>
         <pub-date xmlns:xlink="http://www.w3.org/1999/xlink">
            <day>1</day>
            <month>4</month>
            <year>1981</year>
         </pub-date>
         <volume>2</volume>
         <issue>3</issue>
         <issue-id xmlns:xlink="http://www.w3.org/1999/xlink">i303053</issue-id>
         <fpage>65</fpage>
         <lpage>93</lpage>
         <page-range>65-93</page-range>
         <permissions>
            <copyright-statement>Copyright The Porter Institute for Poetics and Semiotics Tel Aviv University</copyright-statement>
         </permissions>
         <self-uri xmlns:xlink="http://www.w3.org/1999/xlink"
                   xlink:href="http://www.jstor.org/stable/1772465"/>
         <custom-meta-group xmlns:xlink="http://www.w3.org/1999/xlink">
            <custom-meta>
               <meta-name>lang</meta-name>
               <meta-value>eng</meta-value>
            </custom-meta>
         </custom-meta-group>
      </article-meta>
   </front>
   <back>
      <fn-group xmlns:xlink="http://www.w3.org/1999/xlink">
         <title>[Footnotes]</title>
         <fn id="d26338e120a1310">
            <label>2</label>
            <p>
               <mixed-citation id="d26338e127" publication-type="other">
1973:181</mixed-citation>
            </p>
         </fn>
         <fn id="d26338e134a1310">
            <label>3</label>
            <p>
               <mixed-citation id="d26338e143" publication-type="book">
Magli, 1979  </mixed-citation>
            </p>
            <p>
               <mixed-citation id="d26338e151" publication-type="book">
"Declamation" in the Encyclopidie, quoted by Magli, 1979:34<comment content-type="section">Declamation</comment>
                  <source>Encyclopidie</source>
                  <year>1979</year>
               </mixed-citation>
            </p>
         </fn>
         <fn id="d26338e167a1310">
            <label>4</label>
            <p>
               <mixed-citation id="d26338e174" publication-type="other">
Mukafovsky 8:171-177</mixed-citation>
            </p>
            <p>
               <mixed-citation id="d26338e180" publication-type="other">
Sapir, n. 6</mixed-citation>
            </p>
         </fn>
         <fn id="d26338e187a1310">
            <label>5</label>
            <p>
               <mixed-citation id="d26338e194" publication-type="other">
1973:187</mixed-citation>
            </p>
         </fn>
         <fn id="d26338e202a1310">
            <label>4</label>
            <p>
               <mixed-citation id="d26338e209" publication-type="book">
Sapir, 1949:556  </mixed-citation>
            </p>
            <p>
               <mixed-citation id="d26338e217" publication-type="other">
Birdwhistell, 1973:182</mixed-citation>
            </p>
         </fn>
         <fn id="d26338e224a1310">
            <label>7</label>
            <p>
               <mixed-citation id="d26338e231" publication-type="other">
1973:188</mixed-citation>
            </p>
            <p>
               <mixed-citation id="d26338e237" publication-type="book">
Greimas, 1979  </mixed-citation>
            </p>
         </fn>
         <fn id="d26338e246a1310">
            <label>8</label>
            <p>
               <mixed-citation id="d26338e253" publication-type="other">
J. VeltruskV, 1976</mixed-citation>
            </p>
            <p>
               <mixed-citation id="d26338e259" publication-type="book">
Van Zyl, "Towards a socio-semiotics of
performance," in Semiotic Scene, III, 2<person-group>
                     <string-name>
                        <surname>Van Zyl</surname>
                     </string-name>
                  </person-group>
                  <comment content-type="section">Towards a socio-semiotics of performance</comment>
                  <fpage>2</fpage>
                  <volume>III</volume>
                  <source>Semiotic Scene</source>
               </mixed-citation>
            </p>
         </fn>
      </fn-group>
      <ref-list>
         <title>References</title>
         <ref id="d26338e300a1310">
            <mixed-citation id="d26338e304" publication-type="book">
ARTAUD, ANTONIN, 1964. Le theatre et son double (Paris: Gallimard).<person-group>
                  <string-name xmlns:xlink="http://www.w3.org/1999/xlink">
                     <surname>Artaud</surname>
                  </string-name>
               </person-group>
               <source>Le theatre et son double</source>
               <year>1964</year>
            </mixed-citation>
         </ref>
         <ref id="d26338e326a1310">
            <mixed-citation id="d26338e330" publication-type="book">
ASLAN, ODETTE, 1974. L'acteur au XX'e siècle (Paris: Seghers).<person-group>
                  <string-name xmlns:xlink="http://www.w3.org/1999/xlink">
                     <surname>Aslan</surname>
                  </string-name>
               </person-group>
               <source>L'acteur au XX'e siècle</source>
               <year>1974</year>
            </mixed-citation>
         </ref>
         <ref id="d26338e352a1310">
            <mixed-citation id="d26338e356" publication-type="book">
AUBERT, CHARLES, 1901. L'art mimique (Paris: E. Meuriot).<person-group>
                  <string-name xmlns:xlink="http://www.w3.org/1999/xlink">
                     <surname>Aubert</surname>
                  </string-name>
               </person-group>
               <source>L'art mimique</source>
               <year>1901</year>
            </mixed-citation>
         </ref>
         <ref id="d26338e378a1310">
            <mixed-citation id="d26338e382" publication-type="book">
BARNETT, DENE, 1977-78. "The Performance Practice of Acting: The 18th Century," Theatre
Research International, 11:3, 111:1,2.<person-group>
                  <string-name xmlns:xlink="http://www.w3.org/1999/xlink">
                     <surname>Barnett</surname>
                  </string-name>
               </person-group>
               <comment content-type="section">The Performance Practice of Acting: The 18th Century</comment>
               <fpage>111</fpage>
               <volume>11</volume>
               <source>Theatre Research International</source>
               <year>1977</year>
            </mixed-citation>
         </ref>
         <ref id="d26338e418a1310">
            <mixed-citation id="d26338e422" publication-type="book">
BARRAULT, JEAN-LOUIS, 1954. "Le probl'me du geste," in: Cahiers Renault-Barrault, 2eme annie,
7eme cahier.<person-group>
                  <string-name xmlns:xlink="http://www.w3.org/1999/xlink">
                     <surname>Barrault</surname>
                  </string-name>
               </person-group>
               <comment content-type="section">Le probl'me du geste</comment>
               <source>Cahiers Renault-Barrault</source>
               <year>1954</year>
            </mixed-citation>
         </ref>
         <ref id="d26338e451a1310">
            <mixed-citation id="d26338e455" publication-type="book">
BAUDRILLARD, JEAN, 1976. L'dchange symbolique de la mort (Paris: Gallimard).<person-group>
                  <string-name xmlns:xlink="http://www.w3.org/1999/xlink">
                     <surname>Baudrillard</surname>
                  </string-name>
               </person-group>
               <source>L'dchange symbolique de la mort</source>
               <year>1976</year>
            </mixed-citation>
         </ref>
         <ref id="d26338e477a1310">
            <mixed-citation id="d26338e481" publication-type="book">
BENVENISTE, EMILE, 1966. Problkmes de linguistique generale I (Paris: Gallimard).<person-group>
                  <string-name xmlns:xlink="http://www.w3.org/1999/xlink">
                     <surname>Benveniste</surname>
                  </string-name>
               </person-group>
               <volume>I</volume>
               <source>Problkmes de linguistique generale</source>
               <year>1966</year>
            </mixed-citation>
         </ref>
         <ref id="d26338e506a1310">
            <mixed-citation id="d26338e510" publication-type="book">
1974. Problkmes de linguistique gdndrale II (Paris: Gallimard).<volume>II</volume>
               <source>Problkmes de linguistique gdndrale</source>
               <year>1974</year>
            </mixed-citation>
         </ref>
         <ref id="d26338e526a1310">
            <mixed-citation id="d26338e530" publication-type="book">
BERNARD, MICHEL, 1976. L'expressivite du corps (Paris: Delarge).<person-group>
                  <string-name xmlns:xlink="http://www.w3.org/1999/xlink">
                     <surname>Bernard</surname>
                  </string-name>
               </person-group>
               <source>L'expressivite du corps</source>
               <year>1976</year>
            </mixed-citation>
         </ref>
         <ref id="d26338e552a1310">
            <mixed-citation id="d26338e556" publication-type="book">
BIRDWHISTELL, RAY, 1952. Introduction to kinesics (Louisville UP).<person-group>
                  <string-name xmlns:xlink="http://www.w3.org/1999/xlink">
                     <surname>Birdwhistell</surname>
                  </string-name>
               </person-group>
               <source>Introduction to kinesics</source>
               <year>1952</year>
            </mixed-citation>
         </ref>
         <ref id="d26338e579a1310">
            <mixed-citation id="d26338e583" publication-type="book">
1968, "L'analyse kindsique americaine," Langages 10.  <fpage>10</fpage>
            </mixed-citation>
         </ref>
         <ref id="d26338e595a1310">
            <mixed-citation id="d26338e599" publication-type="book">
1973, Kinesics and Context Essays on Body-Motion Communication (Hammondsworth:
Penguin).<source>Kinesics and Context Essays on Body-Motion Communication</source>
               <year>1973</year>
            </mixed-citation>
         </ref>
         <ref id="d26338e615a1310">
            <mixed-citation id="d26338e619" publication-type="book">
BOUISSAC, PAUL, 1973. La mesure du gestes (The Hague: Mouton).<person-group>
                  <string-name xmlns:xlink="http://www.w3.org/1999/xlink">
                     <surname>Bouissac</surname>
                  </string-name>
               </person-group>
               <source>La mesure du gestes</source>
               <year>1973</year>
            </mixed-citation>
         </ref>
         <ref id="d26338e641a1310">
            <mixed-citation id="d26338e645" publication-type="book">
BRECHT, BERTOLD, 1967. "Ober Gestiche Musik," in: Gesammelte Werke, 15, (Frankfurt:
Suhrkamp).<person-group>
                  <string-name xmlns:xlink="http://www.w3.org/1999/xlink">
                     <surname>Brecht</surname>
                  </string-name>
               </person-group>
               <comment content-type="section">Über Gestiche Musik</comment>
               <fpage>15</fpage>
               <source>Gesammelte Werke</source>
               <year>1967</year>
            </mixed-citation>
         </ref>
         <ref id="d26338e677a1310">
            <mixed-citation id="d26338e681" publication-type="book">
CAHUSAC, 1754. "Geste," in: Encyclopidie, ed. D. Diderot.<person-group>
                  <string-name xmlns:xlink="http://www.w3.org/1999/xlink">
                     <surname>Cahusac</surname>
                  </string-name>
               </person-group>
               <comment content-type="section">Geste</comment>
               <source>Encyclopidie</source>
               <year>1754</year>
            </mixed-citation>
         </ref>
         <ref id="d26338e706a1310">
            <mixed-citation id="d26338e710" publication-type="journal">
CHAILLET, JACQUES, 1971. "Rythme verbal et rythme gestuel: Essai sur l'organisation musicale du
temps," Journal de psychologie normale et pathologique 1.<person-group>
                  <string-name xmlns:xlink="http://www.w3.org/1999/xlink">
                     <surname>Chaillet</surname>
                  </string-name>
               </person-group>
               <source>Journal de psychologie normale et pathologique</source>
               <year>1971</year>
            </mixed-citation>
         </ref>
         <ref id="d26338e736a1310">
            <mixed-citation id="d26338e740" publication-type="book">
CONDILLAC, E. DE, 1746. Origine des connaissances humaines (Paris).<person-group>
                  <string-name xmlns:xlink="http://www.w3.org/1999/xlink">
                     <surname>Condillac</surname>
                  </string-name>
               </person-group>
               <source>Origine des connaissances humaines</source>
               <year>1746</year>
            </mixed-citation>
         </ref>
         <ref id="d26338e762a1310">
            <mixed-citation id="d26338e766" publication-type="book">
DECROUX, ETIENNE, 1963. Paroles sur le mime (Paris: Gallimard).<person-group>
                  <string-name xmlns:xlink="http://www.w3.org/1999/xlink">
                     <surname>Decroux</surname>
                  </string-name>
               </person-group>
               <source>Paroles sur le mime</source>
               <year>1963</year>
            </mixed-citation>
         </ref>
         <ref id="d26338e788a1310">
            <mixed-citation id="d26338e792" publication-type="book">
DIDEROT, DENIS, 1875-77. Oeuvres complktes, ed. Assezat-Tourneux.<person-group>
                  <string-name xmlns:xlink="http://www.w3.org/1999/xlink">
                     <surname>Diderot</surname>
                  </string-name>
               </person-group>
               <source>Oeuvres complktes</source>
               <year>1875</year>
            </mixed-citation>
         </ref>
         <ref id="d26338e814a1310">
            <mixed-citation id="d26338e818" publication-type="book">
ECKMAN, P., 1971, "Facial Affect Scoring Technique," Semiotica III:1.<person-group>
                  <string-name xmlns:xlink="http://www.w3.org/1999/xlink">
                     <surname>Eckman</surname>
                  </string-name>
               </person-group>
               <fpage>1</fpage>
               <volume>III</volume>
               <source>Facial Affect Scoring Technique</source>
               <year>1971</year>
            </mixed-citation>
         </ref>
         <ref id="d26338e847a1310">
            <mixed-citation id="d26338e851" publication-type="book">
ENGEL, J.J., 1788. Idees sur le geste et faction thedtral (Paris); original German: Ideen zu einer
Mimik (Berlin, 1756-86).<person-group>
                  <string-name xmlns:xlink="http://www.w3.org/1999/xlink">
                     <surname>Engel</surname>
                  </string-name>
               </person-group>
               <source>Idees sur le geste et faction thedtral</source>
            </mixed-citation>
         </ref>
         <ref id="d26338e873a1310">
            <mixed-citation id="d26338e877" publication-type="book">
FRANK, HELMAR, 1959. "Theorie informationnelle de la realisation et perception dans l'art du
mime," Cahiers d'Etudes de Radio-Tdlevision 27.<person-group>
                  <string-name xmlns:xlink="http://www.w3.org/1999/xlink">
                     <surname>Frank</surname>
                  </string-name>
               </person-group>
               <comment content-type="section">Theorie informationnelle de la realisation et perception dans l'art du mime</comment>
               <fpage>27</fpage>
               <source>Cahiers d'Etudes de Radio-Tdlevision</source>
               <year>1959</year>
            </mixed-citation>
         </ref>
         <ref id="d26338e910a1310">
            <mixed-citation id="d26338e914" publication-type="book">
GALIFRET-GRANJON, N., 1971. "Le figural gestuel," Etudes philosophiques 3.<person-group>
                  <string-name xmlns:xlink="http://www.w3.org/1999/xlink">
                     <surname>Galifret-Granjon</surname>
                  </string-name>
               </person-group>
               <fpage>3</fpage>
               <source>Le figural gestuel</source>
               <year>1971</year>
            </mixed-citation>
         </ref>
         <ref id="d26338e939a1310">
            <mixed-citation id="d26338e943" publication-type="book">
GREIMAS, A.J., 1968. "Conditions d'une semiotique du monde naturel," Langages 10.<person-group>
                  <string-name xmlns:xlink="http://www.w3.org/1999/xlink">
                     <surname>Greimas</surname>
                  </string-name>
               </person-group>
               <fpage>10</fpage>
               <source>Langages</source>
               <year>1968</year>
            </mixed-citation>
         </ref>
         <ref id="d26338e968a1310">
            <mixed-citation id="d26338e972" publication-type="book">
1977. La sdmiotique, Langages 10.<fpage>10</fpage>
               <source>Langages</source>
               <year>1977</year>
            </mixed-citation>
         </ref>
         <ref id="d26338e988a1310">
            <mixed-citation id="d26338e992" publication-type="book">
GREIMAS, A. and COURTES, J., 1979. Sdmiotique: dictionnaire raisonnd de la theorie du langage
(Paris: Hachette).<person-group>
                  <string-name xmlns:xlink="http://www.w3.org/1999/xlink">
                     <surname>Greimas</surname>
                  </string-name>
               </person-group>
               <source>Sdmiotique: dictionnaire raisonnd de la theorie du langage</source>
               <year>1979</year>
            </mixed-citation>
         </ref>
         <ref id="d26338e1017a1310">
            <mixed-citation id="d26338e1021" publication-type="journal">
GROTOWSKI, JERZY, 1973. "Interview with J. Grotowski," Drama Review 58, 113-135.<person-group>
                  <string-name xmlns:xlink="http://www.w3.org/1999/xlink">
                     <surname>Grotowski</surname>
                  </string-name>
               </person-group>
               <fpage>113</fpage>
               <volume>58</volume>
               <source>Drama Review</source>
               <year>1973</year>
            </mixed-citation>
         </ref>
         <ref id="d26338e1050a1310">
            <mixed-citation id="d26338e1054" publication-type="book">
1971 Vers un thddtre pauvre (Lausanne: L'a~ge d'homme).<source>Vers un thddtre pauvre</source>
               <year>1971</year>
            </mixed-citation>
         </ref>
         <ref id="d26338e1068a1310">
            <mixed-citation id="d26338e1072" publication-type="book">
HUTT, CLELIA, 1968. "Etudes d'un corpus: dictionnaire du langage gestuel chez les trappistes,"
Langages 10.<person-group>
                  <string-name xmlns:xlink="http://www.w3.org/1999/xlink">
                     <surname>Hutt</surname>
                  </string-name>
               </person-group>
               <comment content-type="section">Etudes d'un corpus: dictionnaire du langage gestuel chez les trappistes</comment>
               <fpage>10</fpage>
               <source>Langages</source>
               <year>1968</year>
            </mixed-citation>
         </ref>
         <ref id="d26338e1104a1310">
            <mixed-citation id="d26338e1108" publication-type="book">
JAQUES-DALCROZE, EMILE, 1919. Le rythme, la musique et I'dducation (Lausanne, Foelish Freres).<person-group>
                  <string-name xmlns:xlink="http://www.w3.org/1999/xlink">
                     <surname>Jaques-Dalcroze</surname>
                  </string-name>
               </person-group>
               <source>Le rythme, la musique et I'dducation</source>
               <year>1919</year>
            </mixed-citation>
         </ref>
         <ref id="d26338e1130a1310">
            <mixed-citation id="d26338e1134" publication-type="book">
JOYAUX, JULIA, 1969. Le langage, cet inconnu (Paris: SGPP).<person-group>
                  <string-name xmlns:xlink="http://www.w3.org/1999/xlink">
                     <surname>Joyaux</surname>
                  </string-name>
               </person-group>
               <source>Le langage</source>
               <year>1969</year>
            </mixed-citation>
         </ref>
         <ref id="d26338e1156a1310">
            <mixed-citation id="d26338e1160" publication-type="book">
KOECHLIN, B., 1972. "Notation des positions et des mouvements," in Langages et techniques: Nature
et Socidte II (Paris: Klincksieck).<person-group>
                  <string-name xmlns:xlink="http://www.w3.org/1999/xlink">
                     <surname>Koechlin</surname>
                  </string-name>
               </person-group>
               <comment content-type="section">Notation des positions et des mouvements</comment>
               <volume>II</volume>
               <source>Langages et techniques: Nature et Socidte</source>
               <year>1972</year>
            </mixed-citation>
         </ref>
         <ref id="d26338e1192a1310">
            <mixed-citation id="d26338e1196" publication-type="book">
KRISTEVA, JULIA, 1968. Semiotiki: Recherches pour une sdmanalyse (Paris: Seuil).<person-group>
                  <string-name xmlns:xlink="http://www.w3.org/1999/xlink">
                     <surname>Kristeva</surname>
                  </string-name>
               </person-group>
               <source>Semiotiki: Recherches pour une sdmanalyse</source>
               <year>1968</year>
            </mixed-citation>
         </ref>
         <ref id="d26338e1218a1310">
            <mixed-citation id="d26338e1222" publication-type="book">
LECOQ, JACQUES, 1969. Seminario e tavola rotonda sul ritorno dell' espressione fisico dell attore
(Venezia).<person-group>
                  <string-name xmlns:xlink="http://www.w3.org/1999/xlink">
                     <surname>Lecoq</surname>
                  </string-name>
               </person-group>
               <source>Seminario e tavola rotonda sul ritorno dell' espressione fisico dell attore</source>
               <year>1969</year>
            </mixed-citation>
         </ref>
         <ref id="d26338e1248a1310">
            <mixed-citation id="d26338e1252" publication-type="book">
LESSING, E.G., 1769. Dramaturgie de Hambourg in: Oeuvres, trans. E. de Suckav.<person-group>
                  <string-name xmlns:xlink="http://www.w3.org/1999/xlink">
                     <surname>Lessing</surname>
                  </string-name>
               </person-group>
               <source>Dramaturgie de Hambourg in: Oeuvres</source>
               <year>1769</year>
            </mixed-citation>
         </ref>
         <ref id="d26338e1274a1310">
            <mixed-citation id="d26338e1278" publication-type="book">
MAGLI, PATRICIA, 1979. "The system of the passions in eighteenth century dramatic mime," Versus,
22.<person-group>
                  <string-name xmlns:xlink="http://www.w3.org/1999/xlink">
                     <surname>Magli</surname>
                  </string-name>
               </person-group>
               <comment content-type="section">The system of the passions in eighteenth century dramatic mime</comment>
               <fpage>22</fpage>
               <source>Versus</source>
               <year>1979</year>
            </mixed-citation>
         </ref>
         <ref id="d26338e1310a1310">
            <mixed-citation id="d26338e1314" publication-type="book">
MARCEAU, MARCEL, 1974. Interview avec G. et J. VERRIEST (Paris: Desclee de Brouver).<person-group>
                  <string-name xmlns:xlink="http://www.w3.org/1999/xlink">
                     <surname>Marceau</surname>
                  </string-name>
               </person-group>
               <source>Interview avec G. et J. VERRIEST</source>
               <year>1974</year>
            </mixed-citation>
         </ref>
         <ref id="d26338e1336a1310">
            <mixed-citation id="d26338e1340" publication-type="book">
MARINIS, M. DE, 1980. Almanacco del mimo contemporaneo (Firenze: Casa Usher).<person-group>
                  <string-name xmlns:xlink="http://www.w3.org/1999/xlink">
                     <surname>Marinis</surname>
                  </string-name>
               </person-group>
               <source>Almanacco del mimo contemporaneo</source>
               <year>1980</year>
            </mixed-citation>
         </ref>
         <ref id="d26338e1362a1310">
            <mixed-citation id="d26338e1366" publication-type="book">
MARTINET, ANDRÉ, 1967. "Connotations, poesie et culture," in: To honour R. Jakobson II, (The
Hague: Mouton).<person-group>
                  <string-name xmlns:xlink="http://www.w3.org/1999/xlink">
                     <surname>Martinet</surname>
                  </string-name>
               </person-group>
               <comment content-type="section">Connotations, poesie et culture</comment>
               <volume>II</volume>
               <source>To honour R. Jakobson</source>
               <year>1967</year>
            </mixed-citation>
         </ref>
         <ref id="d26338e1398a1310">
            <mixed-citation id="d26338e1402" publication-type="journal">
MEYERHOLD, V., 1973a. "Meyerhold's biomechanic exercises," Drama Review 58.<person-group>
                  <string-name xmlns:xlink="http://www.w3.org/1999/xlink">
                     <surname>Meyerhold</surname>
                  </string-name>
               </person-group>
               <fpage>58</fpage>
               <source>Drama Review</source>
               <year>1973</year>
            </mixed-citation>
         </ref>
         <ref id="d26338e1428a1310">
            <mixed-citation id="d26338e1432" publication-type="book">
1973b. Ecrits sur le thdatre I, 1891-1917 (Lausanne: La Cite).<volume>I</volume>
               <source>Ecrits sur le thdatre</source>
            </mixed-citation>
         </ref>
         <ref id="d26338e1445a1310">
            <mixed-citation id="d26338e1449" publication-type="book">
MOLES, ABRAHAM, 1973. La communication et les mass-media (Verviers: Marabout).<person-group>
                  <string-name xmlns:xlink="http://www.w3.org/1999/xlink">
                     <surname>Moles</surname>
                  </string-name>
               </person-group>
               <source>La communication et les mass-media</source>
               <year>1973</year>
            </mixed-citation>
         </ref>
         <ref id="d26338e1471a1310">
            <mixed-citation id="d26338e1475" publication-type="book">
MOUNIN, GEORGES, 1970. Introduction ia la sdmiologie (Paris: Editions de Minuit).<person-group>
                  <string-name xmlns:xlink="http://www.w3.org/1999/xlink">
                     <surname>Mounin</surname>
                  </string-name>
               </person-group>
               <source>Introduction ia la sdmiologie</source>
               <year>1970</year>
            </mixed-citation>
         </ref>
         <ref id="d26338e1497a1310">
            <mixed-citation id="d26338e1501" publication-type="book">
MUKAOVSKY, JAN, 1978. Writings ed. by P. Steiner and Burbank (New Haven: Yale UP).<person-group>
                  <string-name xmlns:xlink="http://www.w3.org/1999/xlink">
                     <surname>Mukaovsky</surname>
                  </string-name>
               </person-group>
               <source>Steiner and Burbank</source>
               <year>1978</year>
            </mixed-citation>
         </ref>
         <ref id="d26338e1523a1310">
            <mixed-citation id="d26338e1527" publication-type="book">
NOVERRE, 1760. Lettres sur les arts imitateurs en gendral et sur la danse en particulier (Paris).<person-group>
                  <string-name xmlns:xlink="http://www.w3.org/1999/xlink">
                     <surname>Noverre</surname>
                  </string-name>
               </person-group>
               <source>Lettres sur les arts imitateurs en gendral et sur la danse en particulier</source>
               <year>1760</year>
            </mixed-citation>
         </ref>
         <ref id="d26338e1549a1310">
            <mixed-citation id="d26338e1553" publication-type="book">
PAVIS, PATRICE, 1976. Problkmes de sdmiologie thedtrale (Montreal: Presses de l'Université du
Quebec).<person-group>
                  <string-name xmlns:xlink="http://www.w3.org/1999/xlink">
                     <surname>Pavis</surname>
                  </string-name>
               </person-group>
               <source>Problkmes de sdmiologie thedtrale</source>
               <year>1976</year>
            </mixed-citation>
         </ref>
         <ref id="d26338e1579a1310">
            <mixed-citation id="d26338e1583" publication-type="book">
1978 "Mise au point sur le Gestus," Silex 7.<comment content-type="section">Mise au point sur le Gestus</comment>
               <fpage>7</fpage>
               <source>Silex</source>
               <year>1978</year>
            </mixed-citation>
         </ref>
         <ref id="d26338e1602a1310">
            <mixed-citation id="d26338e1606" publication-type="book">
1980 "Le discours du mime," in: de Marinis, 1980.<comment content-type="section">Le discours du mime</comment>
               <source>Marinis</source>
            </mixed-citation>
         </ref>
         <ref id="d26338e1619a1310">
            <mixed-citation id="d26338e1623" publication-type="book">
PEIRCE, CHARLES, 1931-1958. Collected Papers (Cambridge: Harvard UP).<person-group>
                  <string-name xmlns:xlink="http://www.w3.org/1999/xlink">
                     <surname>Peirce</surname>
                  </string-name>
               </person-group>
               <source>Collected Papers</source>
               <year>1931</year>
            </mixed-citation>
         </ref>
         <ref id="d26338e1645a1310">
            <mixed-citation id="d26338e1649" publication-type="book">
PRIETO, Luis, 1966. "La sémiologie," Le Langage (Paris: Gallimard).<person-group>
                  <string-name xmlns:xlink="http://www.w3.org/1999/xlink">
                     <surname>Prieto</surname>
                  </string-name>
               </person-group>
               <comment content-type="section">La sémiologie</comment>
               <source>Le Langage</source>
               <year>1966</year>
            </mixed-citation>
         </ref>
         <ref id="d26338e1674a1310">
            <mixed-citation id="d26338e1678" publication-type="book">
ROUSSEAU, JEAN-JACQUES, 1781. "Essai sur l'origine des langues," in: Oeuvres completes (Paris: ed.
Musset-Pathay).<person-group>
                  <string-name xmlns:xlink="http://www.w3.org/1999/xlink">
                     <surname>Rousseau</surname>
                  </string-name>
               </person-group>
               <comment content-type="section">Essai sur l'origine des langues</comment>
               <source>Oeuvres completes</source>
               <year>1781</year>
            </mixed-citation>
         </ref>
         <ref id="d26338e1707a1310">
            <mixed-citation id="d26338e1711" publication-type="book">
SAPIR, E., 1949. "The unconscious patterning of behavior in society," in: Selected Writings,
(Berkeley).<person-group>
                  <string-name xmlns:xlink="http://www.w3.org/1999/xlink">
                     <surname>Sapir</surname>
                  </string-name>
               </person-group>
               <comment content-type="section">The unconscious patterning of behavior in society</comment>
               <source>Selected Writings</source>
               <year>1949</year>
            </mixed-citation>
         </ref>
         <ref id="d26338e1741a1310">
            <mixed-citation id="d26338e1745" publication-type="book">
SKWARCZYNSKA, STEFANIA, 1974. "Anmerkungen sur Semantik der theatralischen Gestik," in:
W. Kroll and A. Flaker, eds., Literaturtheoretische Modelle und kommunkatives System
(Scriptor Verlag).<person-group>
                  <string-name xmlns:xlink="http://www.w3.org/1999/xlink">
                     <surname>Skwarczynska</surname>
                  </string-name>
               </person-group>
               <comment content-type="section">Anmerkungen sur Semantik der theatralischen Gestik</comment>
               <source>Kroll and A. Flaker</source>
               <year>1974</year>
            </mixed-citation>
         </ref>
         <ref id="d26338e1777a1310">
            <mixed-citation id="d26338e1781" publication-type="book">
VELTRUSKD, J., 1976. "Dramatic Text as a Component of Theater," in: L. Matejka and I. Titunik,
eds., Semiotics of Art (Cambridge, MIT Press).<person-group>
                  <string-name xmlns:xlink="http://www.w3.org/1999/xlink">
                     <surname>Veltruskd</surname>
                  </string-name>
               </person-group>
               <comment content-type="section">Dramatic Text as a Component of Theater</comment>
               <source>Semiotics of Art</source>
               <year>1976</year>
            </mixed-citation>
         </ref>
      </ref-list>
   </back>
</article>
