<article dtd-version="1.0" article-type="research-article">
   <front>
      <journal-meta>
         <journal-id xmlns:xlink="http://www.w3.org/1999/xlink" journal-id-type="jstor">poeticstoday</journal-id>
         <journal-id xmlns:xlink="http://www.w3.org/1999/xlink" journal-id-type="jstor">j100659</journal-id>
         <journal-title-group xmlns:xlink="http://www.w3.org/1999/xlink">
            <journal-title>Poetics Today</journal-title>
         </journal-title-group>
         <publisher>
            <publisher-name>Duke University Press</publisher-name>
         </publisher>
         <issn xmlns:xlink="http://www.w3.org/1999/xlink" pub-type="ppub">03335372</issn>
         <issn xmlns:xlink="http://www.w3.org/1999/xlink" pub-type="epub">15275507</issn>
      </journal-meta>
      <article-meta>
         <article-id xmlns:xlink="http://www.w3.org/1999/xlink" pub-id-type="doi">10.2307/1772645</article-id>
         <article-categories>
            <subj-group>
               <subject>Narratology Revisited III</subject>
            </subj-group>
         </article-categories>
         <title-group>
            <article-title>Narratology and Oral Poetry: The Case of Homer</article-title>
         </title-group>
         <contrib-group>
            <contrib>
               <string-name>Irene J. F. de Jong</string-name>
            </contrib>
         </contrib-group>
         <pub-date xmlns:xlink="http://www.w3.org/1999/xlink">
            <day>1</day>
            <month>10</month>
            <year>1991</year>
         </pub-date>
         <volume>12</volume>
         <issue>3</issue>
         <issue-id xmlns:xlink="http://www.w3.org/1999/xlink">i303091</issue-id>
         <fpage>405</fpage>
         <lpage>423</lpage>
         <page-range>405-423</page-range>
         <permissions>
            <copyright-statement>Copyright 1991 The Porter Institute for Poetics and Semiotics, Tel Aviv University</copyright-statement>
         </permissions>
         <self-uri xmlns:xlink="http://www.w3.org/1999/xlink"
                   xlink:href="http://www.jstor.org/stable/1772645"/>
         <custom-meta-group xmlns:xlink="http://www.w3.org/1999/xlink">
            <custom-meta>
               <meta-name>lang</meta-name>
               <meta-value>eng</meta-value>
            </custom-meta>
         </custom-meta-group>
      </article-meta>
   </front>
   <back>
      <fn-group xmlns:xlink="http://www.w3.org/1999/xlink">
         <title>[Footnotes]</title>
         <fn id="d1426e126a1310">
            <label>1</label>
            <p>
               <mixed-citation id="d1426e133" publication-type="other">
Barthes (1981</mixed-citation>
            </p>
            <p>
               <mixed-citation id="d1426e139" publication-type="other">
[1966]: 7</mixed-citation>
            </p>
         </fn>
         <fn id="d1426e146a1310">
            <label>2</label>
            <p>
               <mixed-citation id="d1426e153" publication-type="book">
Martin (1986: 15-30)<fpage>15</fpage>
               </mixed-citation>
            </p>
            <p>
               <mixed-citation id="d1426e162" publication-type="book">
Typische Formen
des Romans (1964)<person-group>
                     <string-name>
                        <surname>Stanzel</surname>
                     </string-name>
                  </person-group>
                  <source>Typische Formen des Romans</source>
                  <year>1964</year>
               </mixed-citation>
            </p>
            <p>
               <mixed-citation id="d1426e186" publication-type="book">
Theorie des Erziihlens (1979), both by F. K. Stanzel<person-group>
                     <string-name>
                        <surname>Stanzel</surname>
                     </string-name>
                  </person-group>
                  <source>Theorie des Erziihlens</source>
                  <year>1979</year>
               </mixed-citation>
            </p>
         </fn>
         <fn id="d1426e208a1310">
            <label>4</label>
            <p>
               <mixed-citation id="d1426e215" publication-type="book">
Zumthor (1983: 49-50)<fpage>49</fpage>
               </mixed-citation>
            </p>
         </fn>
         <fn id="d1426e225a1310">
            <label>5</label>
            <p>
               <mixed-citation id="d1426e232" publication-type="partial">
Adam Parry
(1971: ix-lxii)</mixed-citation>
            </p>
         </fn>
         <fn id="d1426e243a1310">
            <label>6</label>
            <p>
               <mixed-citation id="d1426e250" publication-type="book">
Zumthor (1983: 9)<fpage>9</fpage>
               </mixed-citation>
            </p>
         </fn>
         <fn id="d1426e260a1310">
            <label>7</label>
            <p>
               <mixed-citation id="d1426e267" publication-type="book">
Iliad and Odyssey<source>Iliad and Odyssey</source>
               </mixed-citation>
            </p>
            <p>
               <mixed-citation id="d1426e276" publication-type="book">
Jensen (1980)</mixed-citation>
            </p>
         </fn>
         <fn id="d1426e283a1310">
            <label>8</label>
            <p>
               <mixed-citation id="d1426e290" publication-type="other">
German scholars, notably, Schadewaldt (1938)</mixed-citation>
            </p>
            <p>
               <mixed-citation id="d1426e296" publication-type="book">
Reinhardt (1961)</mixed-citation>
            </p>
         </fn>
         <fn id="d1426e303a1310">
            <label>9</label>
            <p>
               <mixed-citation id="d1426e310" publication-type="partial">
note 7, above</mixed-citation>
            </p>
         </fn>
         <fn id="d1426e317a1310">
            <label>10</label>
            <p>
               <mixed-citation id="d1426e324" publication-type="partial">
Adam Parry (1971: lvii-lviii) gives earlier examples.</mixed-citation>
            </p>
         </fn>
         <fn id="d1426e331a1310">
            <label>11</label>
            <p>
               <mixed-citation id="d1426e338" publication-type="book">
"the Greeks," Griffin<person-group>
                     <string-name>
                        <surname>Griffin</surname>
                     </string-name>
                  </person-group>
                  <source>the Greeks</source>
               </mixed-citation>
            </p>
         </fn>
         <fn id="d1426e358a1310">
            <label>12</label>
            <p>
               <mixed-citation id="d1426e365" publication-type="partial">
Ann Amory Parry (1971)</mixed-citation>
            </p>
         </fn>
         <fn id="d1426e372a1310">
            <label>13</label>
            <p>
               <mixed-citation id="d1426e379" publication-type="book">
Heubeck (1978)</mixed-citation>
            </p>
         </fn>
         <fn id="d1426e386a1310">
            <label>14</label>
            <p>
               <mixed-citation id="d1426e393" publication-type="other">
1978:
313</mixed-citation>
            </p>
         </fn>
         <fn id="d1426e403a1310">
            <label>15</label>
            <p>
               <mixed-citation id="d1426e410" publication-type="book">
R. Lattimore
(Lattimore 1951)</mixed-citation>
            </p>
         </fn>
         <fn id="d1426e420a1310">
            <label>18</label>
            <p>
               <mixed-citation id="d1426e427" publication-type="book">
E. V. Rieu
(Rieu 1946)</mixed-citation>
            </p>
         </fn>
         <fn id="d1426e437a1310">
            <label>19</label>
            <p>
               <mixed-citation id="d1426e444" publication-type="book">
De Jong (1987: 195-208)<fpage>195</fpage>
               </mixed-citation>
            </p>
         </fn>
         <fn id="d1426e455a1310">
            <label>21</label>
            <p>
               <mixed-citation id="d1426e462" publication-type="book">
According to Bal (1985)</mixed-citation>
            </p>
            <p>
               <mixed-citation id="d1426e468" publication-type="book">
De Jong (1987: 35-37)<fpage>35</fpage>
               </mixed-citation>
            </p>
         </fn>
         <fn id="d1426e478a1310">
            <label>23</label>
            <p>
               <mixed-citation id="d1426e485" publication-type="book">
Iliad and Odyssey<source>Iliad and Odyssey</source>
               </mixed-citation>
            </p>
         </fn>
      </fn-group>
      <ref-list>
         <title>References</title>
         <ref id="d1426e504a1310">
            <mixed-citation id="d1426e508" publication-type="journal">
Amory Parry, Ann
1971 "Homer as Artist," Classical Quarterly 21(1): 1-15.<object-id pub-id-type="jstor">10.2307/637811</object-id>
               <fpage>1</fpage>
            </mixed-citation>
         </ref>
         <ref id="d1426e524a1310">
            <mixed-citation id="d1426e528" publication-type="book">
Arend, Walter
1933 Die typischen Scenen bei Homer (Berlin: Weidmann).<person-group>
                  <string-name xmlns:xlink="http://www.w3.org/1999/xlink">
                     <surname>Arend</surname>
                  </string-name>
               </person-group>
               <source>Die typischen Scenen bei Homer</source>
               <year>1933</year>
            </mixed-citation>
         </ref>
         <ref id="d1426e553a1310">
            <mixed-citation id="d1426e557" publication-type="book">
Austin, Norman
1975 Archery at the Dark of the Moon: Poetic Problems in Homer's Odyssey (Berkeley
and Los Angeles: University of California Press).<person-group>
                  <string-name xmlns:xlink="http://www.w3.org/1999/xlink">
                     <surname>Austin</surname>
                  </string-name>
               </person-group>
               <source>Archery at the Dark of the Moon: Poetic Problems in Homer's Odyssey</source>
               <year>1975</year>
            </mixed-citation>
         </ref>
         <ref id="d1426e586a1310">
            <mixed-citation id="d1426e590" publication-type="journal">
Bal, Mieke
1981 "Notes on Narrative Embedding," Poetics Today 2(2): 41-59.<object-id pub-id-type="doi">10.2307/1772189</object-id>
               <fpage>41</fpage>
            </mixed-citation>
         </ref>
         <ref id="d1426e607a1310">
            <mixed-citation id="d1426e611" publication-type="book">
1985 Narratology: Introduction to the Theory of Narrative (Toronto: University of
Toronto Press).<person-group>
                  <string-name xmlns:xlink="http://www.w3.org/1999/xlink">
                     <surname>Bal</surname>
                  </string-name>
               </person-group>
               <source>Narratology: Introduction to the Theory of Narrative</source>
               <year>1985</year>
            </mixed-citation>
         </ref>
         <ref id="d1426e636a1310">
            <mixed-citation id="d1426e640" publication-type="book">
Barthes, Roland
1981 [1966] "Introduction y l'analyse structurale des recits," in L'Analyse struc-
turale du recit, 7-33 (Paris: Seuil).<person-group>
                  <string-name xmlns:xlink="http://www.w3.org/1999/xlink">
                     <surname>Barthes</surname>
                  </string-name>
               </person-group>
               <comment content-type="section">Introduction y l'analyse structurale des recits</comment>
               <fpage>7</fpage>
               <source>L'Analyse structurale du recit</source>
               <year>1981</year>
            </mixed-citation>
         </ref>
         <ref id="d1426e675a1310">
            <mixed-citation id="d1426e679" publication-type="book">
De Jong, Irene J. F.
1987 Narrators and Focalizers: The Presentation of the Story in the Iliad (Amsterdam:
Griiner).<person-group>
                  <string-name xmlns:xlink="http://www.w3.org/1999/xlink">
                     <surname>De Jong</surname>
                  </string-name>
               </person-group>
               <source>Narrators and Focalizers: The Presentation of the Story in the Iliad</source>
               <year>1987</year>
            </mixed-citation>
            <mixed-citation id="d1426e707" publication-type="journal">
1988 "Homeric Words and Speakers: An Addendum," Journal of Hellenic Studies
108: 188-89.<object-id pub-id-type="doi">10.2307/632641</object-id>
               <fpage>188</fpage>
            </mixed-citation>
         </ref>
         <ref id="d1426e723a1310">
            <mixed-citation id="d1426e727" publication-type="book">
Dodds, Eric R.
1968 "Homer i-iii," in Fifty Years (and Twelve) of Classical Scholarship, 1-17 (New
York: Barnes and Noble).<person-group>
                  <string-name xmlns:xlink="http://www.w3.org/1999/xlink">
                     <surname>Dodds</surname>
                  </string-name>
               </person-group>
               <comment content-type="section">Homer i-iii</comment>
               <fpage>1</fpage>
               <source>Fifty Years (and Twelve) of Classical Scholarship</source>
            </mixed-citation>
         </ref>
         <ref id="d1426e759a1310">
            <mixed-citation id="d1426e763" publication-type="journal">
Edwards, Mark W.
1969 "On Some 'Answering' Expressions in Homer," Classical Philology 64: 81-
87.<object-id pub-id-type="jstor">10.2307/268035</object-id>
               <fpage>81</fpage>
            </mixed-citation>
            <mixed-citation id="d1426e781" publication-type="journal">
1970 "Homeric Speech Introductions," Harvard Studies in Classical Philology 74:
1-36.<object-id pub-id-type="doi">10.2307/310994</object-id>
               <fpage>1</fpage>
            </mixed-citation>
            <mixed-citation id="d1426e796" publication-type="book">
1987 Homer, Poet of the Iliad (Baltimore and London: Johns Hopkins Univer-
sity Press).<person-group>
                  <string-name xmlns:xlink="http://www.w3.org/1999/xlink">
                     <surname>Edwards</surname>
                  </string-name>
               </person-group>
               <source>Homer, Poet of the Iliad</source>
               <year>1987</year>
            </mixed-citation>
         </ref>
         <ref id="d1426e821a1310">
            <mixed-citation id="d1426e825" publication-type="journal">
Friedrich, Paul, and James Redfield
1978 "Speech as a Personality Symbol: The Case of Achilles," Language 54:
263-88.<object-id pub-id-type="doi">10.2307/412947</object-id>
               <fpage>263</fpage>
            </mixed-citation>
         </ref>
         <ref id="d1426e845a1310">
            <mixed-citation id="d1426e849" publication-type="book">
Genette, Gerard
1972 Discours du recit, in Figures III, 67-273 (Paris: Seuil).<person-group>
                  <string-name xmlns:xlink="http://www.w3.org/1999/xlink">
                     <surname>Genette</surname>
                  </string-name>
               </person-group>
               <comment content-type="section">Discours du recit</comment>
               <fpage>67</fpage>
               <source>Figures III</source>
               <year>1972</year>
            </mixed-citation>
         </ref>
         <ref id="d1426e881a1310">
            <mixed-citation id="d1426e885" publication-type="journal">
Goldhill, Simon
1983 "Narrative Structure in Bacchylides 5," Eranos 81(1): 65-81.<person-group>
                  <string-name xmlns:xlink="http://www.w3.org/1999/xlink">
                     <surname>Goldhill</surname>
                  </string-name>
               </person-group>
               <fpage>1</fpage>
               <volume>81</volume>
               <source>Eranos</source>
               <year>1983</year>
            </mixed-citation>
         </ref>
         <ref id="d1426e917a1310">
            <mixed-citation id="d1426e921" publication-type="book">
Griffin, Jasper
1980 Homer on Life and Death (Oxford: Oxford University Press).<person-group>
                  <string-name xmlns:xlink="http://www.w3.org/1999/xlink">
                     <surname>Griffin</surname>
                  </string-name>
               </person-group>
               <source>Homer on Life and Death</source>
               <year>1980</year>
            </mixed-citation>
            <mixed-citation id="d1426e945" publication-type="journal">
1986 "Homeric Words and Speakers," Journal of Hellenic Studies 106: 35-57.<object-id pub-id-type="doi">10.2307/629641</object-id>
               <fpage>35</fpage>
            </mixed-citation>
         </ref>
         <ref id="d1426e958a1310">
            <mixed-citation id="d1426e962" publication-type="book">
Heubeck, Alfred
1978 "Homeric Studies Today: Results and Prospects," in Homer: Tradition and
Invention, edited by B. Fenik, 1-17 (Leiden: Brill).<person-group>
                  <string-name xmlns:xlink="http://www.w3.org/1999/xlink">
                     <surname>Heubeck</surname>
                  </string-name>
               </person-group>
               <comment content-type="section">Homeric Studies Today: Results and Prospects</comment>
               <fpage>1</fpage>
               <source>Homer: Tradition and Invention</source>
               <year>1978</year>
            </mixed-citation>
         </ref>
         <ref id="d1426e997a1310">
            <mixed-citation id="d1426e1001" publication-type="book">
Jensen, Minna S.
1980 The Homeric Question and the Oral-Formulaic Theory (Copenhagen: Museum
Tusculanum Press).<person-group>
                  <string-name xmlns:xlink="http://www.w3.org/1999/xlink">
                     <surname>Jensen</surname>
                  </string-name>
               </person-group>
               <source>The Homeric Question and the Oral-Formulaic Theory</source>
               <year>1980</year>
            </mixed-citation>
         </ref>
         <ref id="d1426e1030a1310">
            <mixed-citation id="d1426e1034" publication-type="book">
Lattimore, Richmond, trans.
1951 The Iliad of Homer (Chicago and London: University of Chicago Press).<person-group>
                  <string-name xmlns:xlink="http://www.w3.org/1999/xlink">
                     <surname>Lattimore</surname>
                  </string-name>
               </person-group>
               <source>The Iliad of Homer</source>
               <year>1951</year>
            </mixed-citation>
         </ref>
         <ref id="d1426e1060a1310">
            <mixed-citation id="d1426e1064" publication-type="journal">
Lord, Albert B.
1968 "Homer as Oral Poet," Harvard Studies in Classical Philology 72: 1-46.<object-id pub-id-type="doi">10.2307/311074</object-id>
               <fpage>1</fpage>
            </mixed-citation>
         </ref>
         <ref id="d1426e1080a1310">
            <mixed-citation id="d1426e1084" publication-type="book">
Martin, Wallace
1986 Recent Theories of Narrative (Ithaca and London: Cornell University Press).<person-group>
                  <string-name xmlns:xlink="http://www.w3.org/1999/xlink">
                     <surname>Martin</surname>
                  </string-name>
               </person-group>
               <source>Recent Theories of Narrative</source>
               <year>1986</year>
            </mixed-citation>
         </ref>
         <ref id="d1426e1109a1310">
            <mixed-citation id="d1426e1113" publication-type="journal">
Notopoulos, James A.
1949 "Parataxis in Homer: A New Approach to Homeric Literary Criticism,"
Transactions and Proceedings of the American Philological Society 80: 1-23.<person-group>
                  <string-name xmlns:xlink="http://www.w3.org/1999/xlink">
                     <surname>Notopoulos</surname>
                  </string-name>
               </person-group>
               <fpage>1</fpage>
               <volume>80</volume>
               <source>Transactions and Proceedings of the American Philological Society</source>
               <year>1949</year>
            </mixed-citation>
         </ref>
         <ref id="d1426e1148a1310">
            <mixed-citation id="d1426e1152" publication-type="book">
Parry, Adam, ed.
1971 The Making of Homeric Verse: The Collected Papers of Milman Parry (Oxford:
Oxford University Press).<person-group>
                  <string-name xmlns:xlink="http://www.w3.org/1999/xlink">
                     <surname>Parry</surname>
                  </string-name>
               </person-group>
               <source>The Making of Homeric Verse: The Collected Papers of Milman Parry</source>
               <year>1971</year>
            </mixed-citation>
         </ref>
         <ref id="d1426e1181a1310">
            <mixed-citation id="d1426e1185" publication-type="journal">
Prince, Gerald
1978 "Le Discours attributif et le récit," Poétique 35: 305-13.<person-group>
                  <string-name xmlns:xlink="http://www.w3.org/1999/xlink">
                     <surname>Prince</surname>
                  </string-name>
               </person-group>
               <fpage>305</fpage>
               <volume>35</volume>
               <source>Poétique</source>
               <year>1978</year>
            </mixed-citation>
         </ref>
         <ref id="d1426e1217a1310">
            <mixed-citation id="d1426e1221" publication-type="book">
Reinhardt, Karl
1961 Die Ilias und ihr Dichter (Göttingen: Vandenhoeck and Ruprecht).<person-group>
                  <string-name xmlns:xlink="http://www.w3.org/1999/xlink">
                     <surname>Reinhardt</surname>
                  </string-name>
               </person-group>
               <source>Die Ilias und ihr Dichter</source>
               <year>1961</year>
            </mixed-citation>
         </ref>
         <ref id="d1426e1247a1310">
            <mixed-citation id="d1426e1251" publication-type="book">
Rieu, E. V., trans.
1946 Homer: The Odyssey (Harmondsworth: Penguin).<person-group>
                  <string-name xmlns:xlink="http://www.w3.org/1999/xlink">
                     <surname>Rieu</surname>
                  </string-name>
               </person-group>
               <source>Homer: The Odyssey</source>
               <year>1946</year>
            </mixed-citation>
         </ref>
         <ref id="d1426e1276a1310">
            <mixed-citation id="d1426e1280" publication-type="journal">
Rimmon-Kenan, Shlomith
1980 "The Paradoxical Status of Repetition," Poetics Today 1(4): 151-59.<object-id pub-id-type="doi">10.2307/1771892</object-id>
               <fpage>151</fpage>
            </mixed-citation>
            <mixed-citation id="d1426e1295" publication-type="book">
1983 Narrative Fiction: Contemporary Poetics (London and New York: Methuen).<person-group>
                  <string-name xmlns:xlink="http://www.w3.org/1999/xlink">
                     <surname>Rimmon-Kenan</surname>
                  </string-name>
               </person-group>
               <source>Narrative Fiction: Contemporary Poetics</source>
               <year>1983</year>
            </mixed-citation>
         </ref>
         <ref id="d1426e1317a1310">
            <mixed-citation id="d1426e1321" publication-type="book">
Schadewaldt, Wolfgang
1938 Iliasstudien (Leipzig: S. Hirzel).<person-group>
                  <string-name xmlns:xlink="http://www.w3.org/1999/xlink">
                     <surname>Schadewaldt</surname>
                  </string-name>
               </person-group>
               <source>Iliasstudien</source>
               <year>1938</year>
            </mixed-citation>
         </ref>
         <ref id="d1426e1346a1310">
            <mixed-citation id="d1426e1350" publication-type="book">
Stanzel, F. K.
1964 Typische Formen des Romans (Göttingen: Vandenhoeck and Ruprecht).<person-group>
                  <string-name xmlns:xlink="http://www.w3.org/1999/xlink">
                     <surname>Stanzel</surname>
                  </string-name>
               </person-group>
               <source>Typische Formen des Romans</source>
               <year>1964</year>
            </mixed-citation>
            <mixed-citation id="d1426e1374" publication-type="book">
1979 Theorie des Erziihlens (Gottingen: Vandenhoeck and Ruprecht).<person-group>
                  <string-name xmlns:xlink="http://www.w3.org/1999/xlink">
                     <surname>Stanzel</surname>
                  </string-name>
               </person-group>
               <source>Theorie des Erziihlens</source>
               <year>1979</year>
            </mixed-citation>
         </ref>
         <ref id="d1426e1396a1310">
            <mixed-citation id="d1426e1400" publication-type="book">
Wolf, Friedrich August
1985 [1795] Prolegomena ad Homerum, translated by A. Grafton, G. W. Most, and
J. E. G. Zetzel (Princeton: Princeton University Press).<person-group>
                  <string-name xmlns:xlink="http://www.w3.org/1999/xlink">
                     <surname>Wolf</surname>
                  </string-name>
               </person-group>
               <source>Prolegomena ad Homerum</source>
               <year>1985</year>
            </mixed-citation>
         </ref>
         <ref id="d1426e1429a1310">
            <mixed-citation id="d1426e1433" publication-type="book">
Zumthor, Paul
1983 Introduction à la poésie orale (Paris: Seuil).<person-group>
                  <string-name xmlns:xlink="http://www.w3.org/1999/xlink">
                     <surname>Zumthor</surname>
                  </string-name>
               </person-group>
               <source>Introduction à la poésie orale</source>
               <year>1983</year>
            </mixed-citation>
         </ref>
      </ref-list>
   </back>
</article>
