<article xmlns:xsi="http://www.w3.org/2001/XMLSchema-instance"
         xmlns:xlink="http://www.w3.org/1999/xlink"
         xmlns:mml="http://www.w3.org/1998/Math/MathML"
         dtd-version="1.0"
         article-type="research-article">
   <front>
      <journal-meta>
         <journal-id journal-id-type="jstor">poeticstoday</journal-id>
         <journal-id journal-id-type="jstor">j100659</journal-id>
         <journal-title-group>
            <journal-title>Poetics Today</journal-title>
         </journal-title-group>
         <publisher>
            <publisher-name>Duke University Press</publisher-name>
         </publisher>
         <issn pub-type="ppub">03335372</issn>
         <issn pub-type="epub">15275507</issn>
      </journal-meta>
      <article-meta>
         <article-id pub-id-type="doi">10.2307/1772850</article-id>
         <title-group>
            <article-title>Disciplinarity: An Introduction</article-title>
         </title-group>
         <contrib-group>
            <contrib contrib-type="author">
               <string-name>
                  <given-names>David R.</given-names>
                  <surname>Shumway</surname>
               </string-name>
            </contrib>
            <contrib contrib-type="author">
               <string-name>
                  <given-names>Ellen</given-names>
                  <surname>Messer-Davidow</surname>
               </string-name>
            </contrib>
         </contrib-group>
         <pub-date>
            <day>1</day>
            <month>7</month>
            <year>1991</year>
         </pub-date>
         <volume>12</volume>
         <issue>2</issue>
         <issue-id>i303090</issue-id>
         <fpage>201</fpage>
         <lpage>225</lpage>
         <page-range>201-225</page-range>
         <permissions>
            <copyright-statement>Copyright 1991 The Porter Institute for Poetics and Semiotics, Tel Aviv University</copyright-statement>
         </permissions>
         <self-uri xlink:href="http://www.jstor.org/stable/1772850"/>
         <custom-meta-group>
            <custom-meta>
               <meta-name>lang</meta-name>
               <meta-value>eng</meta-value>
            </custom-meta>
         </custom-meta-group>
      </article-meta>
   </front>
   <back>
      <fn-group>
         <title>[Footnotes]</title>
         <fn id="d2967e126a1310">
            <label>1</label>
            <p>
               <mixed-citation id="d2967e133" publication-type="other">
Messer-Davidow and Shumway (1990)</mixed-citation>
            </p>
            <p>
               <mixed-citation id="d2967e139" publication-type="book">
Richard D. Wolff,
Stephen Resnik, and Jack Amariglio, "Division and Difference in the 'Discipline'
of Economics" (1990)<person-group>
                     <string-name>
                        <surname>Wolff</surname>
                     </string-name>
                  </person-group>
                  <source>Division and Difference in the 'Discipline' of Economics</source>
                  <year>1990</year>
               </mixed-citation>
            </p>
         </fn>
         <fn id="d2967e168a1310">
            <label>2</label>
            <p>
               <mixed-citation id="d2967e175" publication-type="other">
Reynolds (1920)</mixed-citation>
            </p>
            <p>
               <mixed-citation id="d2967e181" publication-type="book">
Kelso (1956)  </mixed-citation>
            </p>
            <p>
               <mixed-citation id="d2967e189" publication-type="other">
Lougee (1976)</mixed-citation>
            </p>
            <p>
               <mixed-citation id="d2967e196" publication-type="book">
Labalme
(1980)  </mixed-citation>
            </p>
         </fn>
         <fn id="d2967e208a1310">
            <label>3</label>
            <p>
               <mixed-citation id="d2967e215" publication-type="book">
Bell (1797)  </mixed-citation>
            </p>
            <p>
               <mixed-citation id="d2967e223" publication-type="book">
Lancaster (1803)  </mixed-citation>
            </p>
            <p>
               <mixed-citation id="d2967e231" publication-type="book">
Barnard (1961)  </mixed-citation>
            </p>
            <p>
               <mixed-citation id="d2967e240" publication-type="other">
Curtis and Boultwood
(1966)</mixed-citation>
            </p>
            <p>
               <mixed-citation id="d2967e249" publication-type="other">
1978:
156-57, 177-82</mixed-citation>
            </p>
         </fn>
         <fn id="d2967e259a1310">
            <label>4</label>
            <p>
               <mixed-citation id="d2967e266" publication-type="partial">
"Add women and stir," Charlotte Bunch's memorable phrase</mixed-citation>
            </p>
         </fn>
      </fn-group>
      <ref-list>
         <title>References</title>
         <ref id="d2967e282a1310">
            <mixed-citation id="d2967e286" publication-type="journal">
Anderson, Margaret L.
1987 "Changing the Curriculum in Higher Education," Signs 12(2): 222-54.<person-group>
                  <string-name>
                     <surname>Anderson</surname>
                  </string-name>
               </person-group>
               <issue>2</issue>
               <fpage>222</fpage>
               <volume>12</volume>
               <source>Signs</source>
               <year>1987</year>
            </mixed-citation>
         </ref>
         <ref id="d2967e321a1310">
            <mixed-citation id="d2967e325" publication-type="book">
Barnard, H. C.
1961 A History of English Education from 1760, 2d ed. (London: University of
London Press).<person-group>
                  <string-name>
                     <surname>Barnard</surname>
                  </string-name>
               </person-group>
               <edition>2</edition>
               <source>A History of English Education from 1760</source>
               <year>1961</year>
            </mixed-citation>
         </ref>
         <ref id="d2967e357a1310">
            <mixed-citation id="d2967e361" publication-type="book">
Bazerman, Charles
1988 Shaping Written Knowledge: The Genre and Activity of the Experimental Article
in Science (Madison: University of Wisconsin Press).<person-group>
                  <string-name>
                     <surname>Bazerman</surname>
                  </string-name>
               </person-group>
               <source>Shaping Written Knowledge: The Genre and Activity of the Experimental Article in Science</source>
               <year>1988</year>
            </mixed-citation>
         </ref>
         <ref id="d2967e390a1310">
            <mixed-citation id="d2967e394" publication-type="book">
Becher, Tony
1989 Academic Tribes and Territories: Intellectual Enquiry and the Cultures of Disci-
plines (Milton Keynes, England: Society for Research into Higher Education/
Open University Press).<person-group>
                  <string-name>
                     <surname>Becher</surname>
                  </string-name>
               </person-group>
               <source>Academic Tribes and Territories: Intellectual Enquiry and the Cultures of Disciplines</source>
               <year>1989</year>
            </mixed-citation>
         </ref>
         <ref id="d2967e427a1310">
            <mixed-citation id="d2967e431" publication-type="book">
Bell, Andrew
1797 An Experiment in Education (London: Cadell).<person-group>
                  <string-name>
                     <surname>Bell</surname>
                  </string-name>
               </person-group>
               <source>An Experiment in Education</source>
               <year>1797</year>
            </mixed-citation>
         </ref>
         <ref id="d2967e456a1310">
            <mixed-citation id="d2967e460" publication-type="book">
Bordo, Susan R.
1987 The Flight to Objectivity: Essays on Cartesianism and Culture (Albany: State
University of New York Press).<person-group>
                  <string-name>
                     <surname>Bordo</surname>
                  </string-name>
               </person-group>
               <source>The Flight to Objectivity: Essays on Cartesianism and Culture</source>
               <year>1987</year>
            </mixed-citation>
         </ref>
         <ref id="d2967e489a1310">
            <mixed-citation id="d2967e493" publication-type="book">
Canguilhem, Georges
1988 Ideology and Rationality in the History of the Life Sciences, translated by Arthur
Goldhammer (Cambridge, MA: MIT Press).<person-group>
                  <string-name>
                     <surname>Canguilhem</surname>
                  </string-name>
               </person-group>
               <source>the History of the Life Sciences</source>
               <year>1988</year>
            </mixed-citation>
         </ref>
         <ref id="d2967e522a1310">
            <mixed-citation id="d2967e526" publication-type="book">
Collins, Patricia Hill
1991 "Learning from the Outsider Within: The Social Significance of Black
Feminist Thought," in (En)Gendering Knowledge: Feminists in Academe, edited by
Joan E. Hartman and Ellen Messer-Davidow, 40-65 (Knoxville: University of
Tennessee Press).<person-group>
                  <string-name>
                     <surname>Collins</surname>
                  </string-name>
               </person-group>
               <comment content-type="section">Learning from the Outsider Within: The Social Significance of Black Feminist Thought</comment>
               <fpage>40</fpage>
               <source>(En)Gendering Knowledge: Feminists in Academe</source>
               <year>1991</year>
            </mixed-citation>
         </ref>
         <ref id="d2967e567a1310">
            <mixed-citation id="d2967e571" publication-type="book">
Costello, William T.
1958 The Scholastic Curriculum at Early Seventeenth-Century Cambridge (Cambridge,
MA: Harvard University Press).<person-group>
                  <string-name>
                     <surname>Costello</surname>
                  </string-name>
               </person-group>
               <source>The Scholastic Curriculum at Early Seventeenth-Century Cambridge</source>
               <year>1958</year>
            </mixed-citation>
         </ref>
         <ref id="d2967e600a1310">
            <mixed-citation id="d2967e604" publication-type="book">
Craige, Betty Jean
1988 Reconnection: Dualism to Holism in Literary Study (Athens: University of Geor-
gia Press).<person-group>
                  <string-name>
                     <surname>Craige</surname>
                  </string-name>
               </person-group>
               <source>Reconnection: Dualism to Holism in Literary Study</source>
               <year>1988</year>
            </mixed-citation>
         </ref>
         <ref id="d2967e634a1310">
            <mixed-citation id="d2967e638" publication-type="book">
Curtis, S. J., and M. E. A. Boultwood
1966 An Introductory History of English Education Since 1800, 4th ed. (London:
University Tutorial Press).<person-group>
                  <string-name>
                     <surname>Curtis</surname>
                  </string-name>
               </person-group>
               <edition>4</edition>
               <source>An Introductory History of English Education Since 1800</source>
               <year>1966</year>
            </mixed-citation>
         </ref>
         <ref id="d2967e670a1310">
            <mixed-citation id="d2967e674" publication-type="book">
Dogan, Mattei, and Robert Pahre
1990 Creative Marginality: Innovation at the Intersections of Social Sciences (Boulder:
Westview Press).<person-group>
                  <string-name>
                     <surname>Dogan</surname>
                  </string-name>
               </person-group>
               <source>Creative Marginality: Innovation at the Intersections of Social Sciences</source>
               <year>1990</year>
            </mixed-citation>
         </ref>
         <ref id="d2967e703a1310">
            <mixed-citation id="d2967e707" publication-type="book">
Foucault, Michel
1972 The Archaeology of Knowledge, translated by A. M. Sheridan Smith (New
York: Pantheon).<person-group>
                  <string-name>
                     <surname>Foucault</surname>
                  </string-name>
               </person-group>
               <source>The Archaeology of Knowledge</source>
               <year>1972</year>
            </mixed-citation>
            <mixed-citation id="d2967e735" publication-type="book">
1978 Discipline and Punish: The Birth of the Prison, translated by Alan Sheridan
(New York: Pantheon).<source>Discipline and Punish: The Birth of the Prison</source>
               <year>1978</year>
            </mixed-citation>
         </ref>
         <ref id="d2967e751a1310">
            <mixed-citation id="d2967e755" publication-type="book">
Frank, R. G.
1975 [1974] "Institutional Structure and Scientific Activity in the Early Royal
Society, 1660-85," Proceedings of the Fourteenth Congress of the History of Science
4: 82-101.<person-group>
                  <string-name>
                     <surname>Frank</surname>
                  </string-name>
               </person-group>
               <comment content-type="section">Institutional Structure and Scientific Activity in the Early Royal Society, 1660-85</comment>
               <fpage>82</fpage>
               <volume>4</volume>
               <source>The Fourteenth Congress of the History of Science</source>
               <year>1975</year>
            </mixed-citation>
         </ref>
         <ref id="d2967e796a1310">
            <mixed-citation id="d2967e800" publication-type="book">
Fuller, Steve
1988 Social Epistemology (Bloomington: Indiana University Press).<person-group>
                  <string-name>
                     <surname>Fuller</surname>
                  </string-name>
               </person-group>
               <source>Social Epistemology</source>
               <year>1988</year>
            </mixed-citation>
         </ref>
         <ref id="d2967e825a1310">
            <mixed-citation id="d2967e829" publication-type="book">
Geiger, Roger
1986 To Advance Knowledge: The Growth of the American Research Universities, 1900-
1940 (New York: Oxford Univeristy Press).<person-group>
                  <string-name>
                     <surname>Geiger</surname>
                  </string-name>
               </person-group>
               <source>To Advance Knowledge: The Growth of the American Research Universities, 1900-1940</source>
               <year>1986</year>
            </mixed-citation>
         </ref>
         <ref id="d2967e859a1310">
            <mixed-citation id="d2967e863" publication-type="journal">
Gieryn, Thomas F.
1983 "Boundary-Work and the Demarcation of Science from Non-Science:
Strains and Interests in Professional Ideologies of Scientists," American Socio-
logical Review 48(8): 781-95.<object-id pub-id-type="doi">10.2307/2095325</object-id>
               <fpage>781</fpage>
            </mixed-citation>
         </ref>
         <ref id="d2967e886a1310">
            <mixed-citation id="d2967e890" publication-type="book">
Graff, Gerald
1987 Professing Literature: An Institutional History (Chicago: University of Chi-
cago Press).<person-group>
                  <string-name>
                     <surname>Graff</surname>
                  </string-name>
               </person-group>
               <source>Professing Literature: An Institutional History</source>
               <year>1987</year>
            </mixed-citation>
         </ref>
         <ref id="d2967e919a1310">
            <mixed-citation id="d2967e923" publication-type="book">
Graham, Loren, Wolf Lepenies, and Peter Weingart, eds.
1983 Functions and Uses of Disciplinary Histories (Dordrecht: D. Reidel).  </mixed-citation>
         </ref>
         <ref id="d2967e935a1310">
            <mixed-citation id="d2967e939" publication-type="book">
Hahn, Roger
1971 The Anatomy of a Scientific Institution: The Paris Academy of Sciences, 1666-
1803 (Berkeley: University of California Press).<person-group>
                  <string-name>
                     <surname>Hahn</surname>
                  </string-name>
               </person-group>
               <source>The Anatomy of a Scientific Institution: The Paris Academy of Sciences, 1666-1803</source>
               <year>1971</year>
            </mixed-citation>
         </ref>
         <ref id="d2967e968a1310">
            <mixed-citation id="d2967e972" publication-type="book">
Harding, Sandra
1986 The Science Question in Feminism (Ithaca: Cornell University Press).<person-group>
                  <string-name>
                     <surname>Harding</surname>
                  </string-name>
               </person-group>
               <source>The Science Question in Feminism</source>
               <year>1986</year>
            </mixed-citation>
         </ref>
         <ref id="d2967e997a1310">
            <mixed-citation id="d2967e1001" publication-type="book">
Heckhausen, Heinz
1972 "Discipline and Interdisciplinarity," in Interdisciplinarity: Problems of Teach-
ing and Research in Universities, edited by Leo Apostel, Guy Berger, Asa Briggs,
and Guy Michaud, 83-89 (Paris: Organization for Economic Cooperation and
Development).<person-group>
                  <string-name>
                     <surname>Heckhausen</surname>
                  </string-name>
               </person-group>
               <comment content-type="section">Discipline and Interdisciplinarity</comment>
               <fpage>89</fpage>
               <source>Interdisciplinarity: Problems of Teaching and Research in Universities</source>
               <year>1972</year>
            </mixed-citation>
         </ref>
         <ref id="d2967e1043a1310">
            <mixed-citation id="d2967e1047" publication-type="book">
Higham, John
1979 "The Matrix of Specialization," in The Organization of Knowledge in Mod-
ern America, 1860-1920, edited by Alexandra Oleson and John Voss, 3-18
(Baltimore: Johns Hopkins University Press).<person-group>
                  <string-name>
                     <surname>Higham</surname>
                  </string-name>
               </person-group>
               <comment content-type="section">The Matrix of Specialization</comment>
               <source>The Organization of Knowledge in Modern America, 1860-1920</source>
               <year>1979</year>
            </mixed-citation>
         </ref>
         <ref id="d2967e1082a1310">
            <mixed-citation id="d2967e1086" publication-type="journal">
Hoskin, Keith W., and Richard H. Macve
1986 "Accounting and the Examination: A Genealogy of Disciplinary Power,"
Accounting, Organizations and Society 11(2): 105-36.<person-group>
                  <string-name>
                     <surname>Hoskin</surname>
                  </string-name>
               </person-group>
               <issue>2</issue>
               <fpage>105</fpage>
               <volume>11</volume>
               <source>Accounting, Organizations and Society</source>
               <year>1986</year>
            </mixed-citation>
         </ref>
         <ref id="d2967e1124a1310">
            <mixed-citation id="d2967e1128" publication-type="book">
Howe, Florence
1975 "Women and the Power to Change," in Women and the Power to Change,
edited by Florence Howe, 127-71 (New York: McGraw-Hill).<person-group>
                  <string-name>
                     <surname>Howe</surname>
                  </string-name>
               </person-group>
               <comment content-type="section">Women and the Power to Change</comment>
               <fpage>127</fpage>
               <source>Women and the Power to Change</source>
               <year>1975</year>
            </mixed-citation>
            <mixed-citation id="d2967e1162" publication-type="book">
1983 "Feminist Scholarship: The Extent of the Revolution," in Learning Our Way:
Essays in Feminist Education, edited by Charlotte Bunch and Sandra Pollack,
98-111 (Trumansburg, NY: Crossing Press).<person-group>
                  <string-name>
                     <surname>Howe</surname>
                  </string-name>
               </person-group>
               <comment content-type="section">Feminist Scholarship: The Extent of the Revolution</comment>
               <fpage>98</fpage>
               <source>Learning Our Way: Essays in Feminist Education</source>
               <year>1983</year>
            </mixed-citation>
         </ref>
         <ref id="d2967e1197a1310">
            <mixed-citation id="d2967e1201" publication-type="book">
Hunter, Michael
1981 Science and Society in Restoration England (Cambridge: Cambridge Univer-
sity Press).<person-group>
                  <string-name>
                     <surname>Hunter</surname>
                  </string-name>
               </person-group>
               <source>Science and Society in Restoration England</source>
               <year>1981</year>
            </mixed-citation>
         </ref>
         <ref id="d2967e1230a1310">
            <mixed-citation id="d2967e1234" publication-type="book">
Jencks, Christopher, and David Riesman
1968 The Academic Revolution (Garden City, NY: Doubleday).<person-group>
                  <string-name>
                     <surname>Jencks</surname>
                  </string-name>
               </person-group>
               <source>The Academic Revolution</source>
               <year>1968</year>
            </mixed-citation>
         </ref>
         <ref id="d2967e1259a1310">
            <mixed-citation id="d2967e1263" publication-type="book">
Keller, Evelyn Fox
1985 Reflections on Gender and Science (Cambridge, MA: Harvard University Press).<person-group>
                  <string-name>
                     <surname>Keller</surname>
                  </string-name>
               </person-group>
               <source>Reflections on Gender and Science</source>
               <year>1985</year>
            </mixed-citation>
         </ref>
         <ref id="d2967e1289a1310">
            <mixed-citation id="d2967e1293" publication-type="book">
Kelso, Ruth
1956 Doctrine for the Lady of the Renaissance (Urbana: University of Illinois Press).<person-group>
                  <string-name>
                     <surname>Kelso</surname>
                  </string-name>
               </person-group>
               <source>Doctrine for the Lady of the Renaissance</source>
               <year>1956</year>
            </mixed-citation>
         </ref>
         <ref id="d2967e1318a1310">
            <mixed-citation id="d2967e1322" publication-type="book">
Klein, Julie Thompson
1990 Interdisciplinarity: History, Theory, Practice (Detroit: Wayne State Univer-
sity Press).<person-group>
                  <string-name>
                     <surname>Klein</surname>
                  </string-name>
               </person-group>
               <source>Interdisciplinarity: History, Theory, Practice</source>
               <year>1990</year>
            </mixed-citation>
         </ref>
         <ref id="d2967e1351a1310">
            <mixed-citation id="d2967e1355" publication-type="journal">
Kristeller, Paul Oskar
1951 "The Modern System of the Arts: A Study in the History of Aesthetics (I),"
Journal of the History of Ideas 12(4): 496-527.<object-id pub-id-type="doi">10.2307/2707484</object-id>
               <fpage>496</fpage>
            </mixed-citation>
         </ref>
         <ref id="d2967e1374a1310">
            <mixed-citation id="d2967e1378" publication-type="book">
Labalme, Patricia H., ed.
1980 Beyond Their Sex: Learned Women of the European Past (New York: New York
University Press).<person-group>
                  <string-name>
                     <surname>Labalme</surname>
                  </string-name>
               </person-group>
               <source>Beyond Their Sex: Learned Women of the European Past</source>
               <year>1980</year>
            </mixed-citation>
         </ref>
         <ref id="d2967e1407a1310">
            <mixed-citation id="d2967e1411" publication-type="book">
Lancaster, Joseph
1803 Improvements in Education (London: Darton and Harvey).<person-group>
                  <string-name>
                     <surname>Lancaster</surname>
                  </string-name>
               </person-group>
               <source>Improvements in Education</source>
               <year>1803</year>
            </mixed-citation>
         </ref>
         <ref id="d2967e1436a1310">
            <mixed-citation id="d2967e1440" publication-type="book">
Larson, Magali Sarfatti
1977 The Rise of Professionalism: A Sociological Analysis (Berkeley: University of
California Press).<person-group>
                  <string-name>
                     <surname>Larson</surname>
                  </string-name>
               </person-group>
               <source>The Rise of Professionalism: A Sociological Analysis</source>
               <year>1977</year>
            </mixed-citation>
         </ref>
         <ref id="d2967e1470a1310">
            <mixed-citation id="d2967e1474" publication-type="book">
Latour, Bruno, and Steve Woolgar
1986 Laboratory Life: The Construction of Scientific Facts, 2d ed. (Princeton: Prince-
ton University Press).<person-group>
                  <string-name>
                     <surname>Latour</surname>
                  </string-name>
               </person-group>
               <edition>2</edition>
               <source>Laboratory Life: The Construction of Scientific Facts</source>
               <year>1986</year>
            </mixed-citation>
         </ref>
         <ref id="d2967e1506a1310">
            <mixed-citation id="d2967e1510" publication-type="book">
Leff, Gordon
1975 [1968] Paris and Oxford Universities in the Thirteenth and Fourteenth Centuries:
An Institutional and Intellectual History (New York: Robert E. Krieger).<person-group>
                  <string-name>
                     <surname>Leff</surname>
                  </string-name>
               </person-group>
               <source>Paris and Oxford Universities in the Thirteenth and Fourteenth Centuries: An Institutional and Intellectual History</source>
               <year>1975</year>
            </mixed-citation>
         </ref>
         <ref id="d2967e1539a1310">
            <mixed-citation id="d2967e1543" publication-type="book">
Longino, Helen E.
1990 Science As Social Knowledge: Values and Objectivity in Scientific Inquiry (Prince-
ton: Princeton University Press).<person-group>
                  <string-name>
                     <surname>Longino</surname>
                  </string-name>
               </person-group>
               <source>Science As Social Knowledge: Values and Objectivity in Scientific Inquiry</source>
               <year>1990</year>
            </mixed-citation>
         </ref>
         <ref id="d2967e1572a1310">
            <mixed-citation id="d2967e1576" publication-type="book">
Lougee, Carolyn
1976 Le Paradis des Femmes: Women, Salons, and Social Stratification in Seventeenth-
Century France (Princeton: Princeton University Press).<person-group>
                  <string-name>
                     <surname>Lougee</surname>
                  </string-name>
               </person-group>
               <source>Le Paradis des Femmes: Women, Salons, and Social Stratification in SeventeenthCentury France</source>
               <year>1976</year>
            </mixed-citation>
         </ref>
         <ref id="d2967e1605a1310">
            <mixed-citation id="d2967e1609" publication-type="book">
Mannheim, Karl
1936 Ideology and Utopia: An Introduction to the Sociology of Knowledge, translated
by Louis Wirth and Edward Shils (New York: Harcourt, Brace and World).<person-group>
                  <string-name>
                     <surname>Mannheim</surname>
                  </string-name>
               </person-group>
               <source>Ideology and Utopia: An Introduction to the Sociology of Knowledge</source>
               <year>1936</year>
            </mixed-citation>
         </ref>
         <ref id="d2967e1638a1310">
            <mixed-citation id="d2967e1642" publication-type="journal">
Mendelsohn, Everett
1977 "The Social Construction of Scientific Knowledge," in Sociology of the Sci-
ences: A Yearbook. Vol. 1, The Social Production of Scientific Knowledge, edited by
Everett Mendelsohn, Peter Weingart, and Richard Whitley, 3-26 (Dordrecht:
D. Reidel).<person-group>
                  <string-name>
                     <surname>Mendelsohn</surname>
                  </string-name>
               </person-group>
               <fpage>3</fpage>
               <volume>1</volume>
               <source>Sociology of the Sciences: A Yearbook</source>
               <year>1977</year>
            </mixed-citation>
         </ref>
         <ref id="d2967e1684a1310">
            <mixed-citation id="d2967e1688" publication-type="journal">
Messer-Davidow, Ellen, and David R. Shumway, eds.
1990 "Symposium on Crossdisciplinarity," Social Epistemology 4(3).<person-group>
                  <string-name>
                     <surname>Ellen</surname>
                  </string-name>
               </person-group>
               <issue>3</issue>
               <volume>4</volume>
               <source>Social Epistemology</source>
               <year>1990</year>
            </mixed-citation>
         </ref>
         <ref id="d2967e1720a1310">
            <mixed-citation id="d2967e1724" publication-type="book">
Minnich, Elizabeth Kamarck
1990 Transforming Knowledge (Philadelphia: Temple University Press).<person-group>
                  <string-name>
                     <surname>Minnich</surname>
                  </string-name>
               </person-group>
               <source>Transforming Knowledge</source>
               <year>1990</year>
            </mixed-citation>
         </ref>
         <ref id="d2967e1749a1310">
            <mixed-citation id="d2967e1753" publication-type="book">
Nochlin, Linda
1972 "Why Are There No Great Women Artists?," in Woman in Sexist Society:
Studies in Power and Powerlessness, edited by Vivian Gornick and Barbara K.
Moran, 480-510 (New York: Signet/NAL).<person-group>
                  <string-name>
                     <surname>Nochlin</surname>
                  </string-name>
               </person-group>
               <comment content-type="section">Why Are There No Great Women Artists?</comment>
               <fpage>480</fpage>
               <source>Woman in Sexist Society: Studies in Power and Powerlessness</source>
               <year>1972</year>
            </mixed-citation>
         </ref>
         <ref id="d2967e1791a1310">
            <mixed-citation id="d2967e1795" publication-type="book">
Rashdall, Hastings
1936 The Universities of the Middle Ages, new ed., edited by F. M. Powicke and
A. B. Emeden (Oxford: Oxford University Press).<person-group>
                  <string-name>
                     <surname>Rashdall</surname>
                  </string-name>
               </person-group>
               <source>The Universities of the Middle Ages</source>
               <year>1936</year>
            </mixed-citation>
         </ref>
         <ref id="d2967e1824a1310">
            <mixed-citation id="d2967e1828" publication-type="book">
Reynolds, Myra
1920 The Learned Lady in England, 1650-1760 (Boston: Houghton Mifflin).<person-group>
                  <string-name>
                     <surname>Reynolds</surname>
                  </string-name>
               </person-group>
               <source>The Learned Lady in England</source>
            </mixed-citation>
         </ref>
         <ref id="d2967e1850a1310">
            <mixed-citation id="d2967e1854" publication-type="journal">
Schiebinger, Londa
1987 "The History and Philosophy of Women in Science: A Review Essay," Signs
12(2): 305-32.<object-id pub-id-type="jstor">10.2307/3173988</object-id>
               <fpage>305</fpage>
            </mixed-citation>
            <mixed-citation id="d2967e1872" publication-type="book">
1989 The Mind Has No Sex? Women in the Origins of Modern Science (Cambridge,
MA: Harvard University Press).<person-group>
                  <string-name>
                     <surname>Schiebinger</surname>
                  </string-name>
               </person-group>
               <source>The Mind Has No Sex? Women in the Origins of Modern Science</source>
               <year>1989</year>
            </mixed-citation>
         </ref>
         <ref id="d2967e1898a1310">
            <mixed-citation id="d2967e1902" publication-type="book">
Squire, Corinne
1989 Significant Differences: Feminism in Psychology (London: Routledge).<person-group>
                  <string-name>
                     <surname>Squire</surname>
                  </string-name>
               </person-group>
               <source>Significant Differences: Feminism in Psychology</source>
               <year>1989</year>
            </mixed-citation>
         </ref>
         <ref id="d2967e1927a1310">
            <mixed-citation id="d2967e1931" publication-type="book">
Stimson, Dorothy
1948 Scientists and Amateurs: A History of the Royal Society (New York: Henry
Schuman).<person-group>
                  <string-name>
                     <surname>Stimson</surname>
                  </string-name>
               </person-group>
               <source>Scientists and Amateurs: A History of the Royal Society</source>
               <year>1948</year>
            </mixed-citation>
         </ref>
         <ref id="d2967e1960a1310">
            <mixed-citation id="d2967e1964" publication-type="journal">
Symposium on Crossdisciplinarity
1990 "Symposium on Crossdisciplinarity," Social Epistemology 4(3).<person-group>
                  <string-name>
                     <surname>Symposium on Crossdisciplinarity</surname>
                  </string-name>
               </person-group>
               <issue>3</issue>
               <volume>4</volume>
               <source>Social Epistemology</source>
               <year>1990</year>
            </mixed-citation>
         </ref>
         <ref id="d2967e1996a1310">
            <mixed-citation id="d2967e2000" publication-type="book">
Traweek, Sharon
1988 Beamtimes and Lifetimes: The World of High Energy Particle Physics (Cambridge,
MA: Harvard University Press).<person-group>
                  <string-name>
                     <surname>Traweek</surname>
                  </string-name>
               </person-group>
               <source>Beamtimes and Lifetimes: The World of High Energy Particle Physics</source>
               <year>1988</year>
            </mixed-citation>
         </ref>
         <ref id="d2967e2029a1310">
            <mixed-citation id="d2967e2033" publication-type="book">
Van Den Daele, Wolfgang
1977 "The Social Construction of Science: Institutionalization and Definition of
Positive Science in the Latter Half of the Seventeenth Century," in Sociology
of the Sciences: A Yearbook. Vol. 1, The Social Production of Scientific Knowledge,
edited by Everett Mendelsohn, Peter Weingart, and Richard Whitley, 27-54
(Dordrecht: D. Reidel).<person-group>
                  <string-name>
                     <surname>Daele</surname>
                  </string-name>
               </person-group>
               <comment content-type="section">The Social Construction of Science: Institutionalization and Definition of Positive Science in the Latter Half of the Seventeenth Century</comment>
               <fpage>27</fpage>
               <source>Sociology of the Sciences: A Yearbook. Vol. 1, The Social Production of Scientific Knowledge</source>
               <year>1977</year>
            </mixed-citation>
         </ref>
         <ref id="d2967e2077a1310">
            <mixed-citation id="d2967e2081" publication-type="book">
Venn, Couze
1984 "The Subject of Psychology," in Changing the Subject: Psychology, Social
Regulation, and Subjectivity, edited by Julian Henriques, Wendy Hollway, Cathy
Urwin, Couze Venn, and Valerie Walkerdine, 119-52 (London: Methuen).<person-group>
                  <string-name>
                     <surname>Venn</surname>
                  </string-name>
               </person-group>
               <comment content-type="section">The Subject of Psychology</comment>
               <fpage>119</fpage>
               <source>Changing the Subject: Psychology, Social Regulation, and Subjectivity</source>
               <year>1984</year>
            </mixed-citation>
         </ref>
         <ref id="d2967e2120a1310">
            <mixed-citation id="d2967e2124" publication-type="book">
Veysey, Laurence R.
1965 The Emergence of the American University (Chicago: University of Chicago
Press).<person-group>
                  <string-name>
                     <surname>Veysey</surname>
                  </string-name>
               </person-group>
               <source>The Emergence of the American University</source>
               <year>1965</year>
            </mixed-citation>
         </ref>
         <ref id="d2967e2153a1310">
            <mixed-citation id="d2967e2157" publication-type="journal">
Wilson, Elizabeth
1988 "A Short History of a Border War: Social Science, School Reform, and the
History of Literature," Poetics Today 9(4): 711-35.<object-id pub-id-type="doi">10.2307/1772955</object-id>
               <fpage>711</fpage>
            </mixed-citation>
         </ref>
         <ref id="d2967e2176a1310">
            <mixed-citation id="d2967e2180" publication-type="journal">
Wolff, Richard D., Stephen Resnik, and Jack Amariglio
1990 "Division and Difference in the 'Discipline' of Economics," Critical Inquiry
17(1): 108-37.<object-id pub-id-type="jstor">10.2307/1343728</object-id>
               <fpage>108</fpage>
            </mixed-citation>
         </ref>
      </ref-list>
   </back>
</article>
