<article dtd-version="1.0" article-type="research-article">
   <front>
      <journal-meta>
         <journal-id xmlns:xlink="http://www.w3.org/1999/xlink" journal-id-type="jstor">poeticstoday</journal-id>
         <journal-id xmlns:xlink="http://www.w3.org/1999/xlink" journal-id-type="jstor">j100659</journal-id>
         <journal-title-group xmlns:xlink="http://www.w3.org/1999/xlink">
            <journal-title>Poetics Today</journal-title>
         </journal-title-group>
         <publisher>
            <publisher-name>Porter Institute for Poetics and Semiotics</publisher-name>
         </publisher>
         <issn xmlns:xlink="http://www.w3.org/1999/xlink" pub-type="ppub">03335372</issn>
         <issn xmlns:xlink="http://www.w3.org/1999/xlink" pub-type="epub">15275507</issn>
      </journal-meta>
      <article-meta>
         <article-id xmlns:xlink="http://www.w3.org/1999/xlink" pub-id-type="doi">10.2307/1772481</article-id>
         <article-categories>
            <subj-group>
               <subject>Translation Theory and Methodology</subject>
            </subj-group>
         </article-categories>
         <title-group>
            <article-title>Translation Theory Today: A Call for Transfer Theory</article-title>
         </title-group>
         <contrib-group>
            <contrib contrib-type="author">
               <string-name xmlns:xlink="http://www.w3.org/1999/xlink">
                  <given-names>Itamar</given-names>
                  <surname>Even-Zohar</surname>
               </string-name>
            </contrib>
         </contrib-group>
         <pub-date xmlns:xlink="http://www.w3.org/1999/xlink">
            <day>1</day>
            <month>7</month>
            <year>1981</year>
      
            <day>1</day>
            <month>10</month>
            <year>1981</year>
         </pub-date>
         <volume>2</volume>
         <issue>4</issue>
         <issue-id xmlns:xlink="http://www.w3.org/1999/xlink">i303054</issue-id>
         <fpage>1</fpage>
         <lpage>7</lpage>
         <page-range>1-7</page-range>
         <permissions>
            <copyright-statement>Copyright The Porter Institute for Poetics and Semiotics Tel Aviv University</copyright-statement>
         </permissions>
         <self-uri xmlns:xlink="http://www.w3.org/1999/xlink"
                   xlink:href="http://www.jstor.org/stable/1772481"/>
         <custom-meta-group xmlns:xlink="http://www.w3.org/1999/xlink">
            <custom-meta>
               <meta-name>lang</meta-name>
               <meta-value>eng</meta-value>
            </custom-meta>
         </custom-meta-group>
      </article-meta>
   </front>
   <back>
      <ref-list>
         <title>References</title>
         <ref id="d9845e135a1310">
            <mixed-citation id="d9845e139" publication-type="other">
EVEN-ZOHAR, ITAMAR, 1971. Introduction to a Theory of Literary Translation (Ph.D. Thesis, Mimeo.)
Tel Aviv University (Hebrew, with extensive English summary).</mixed-citation>
            <mixed-citation id="d9845e148" publication-type="book">
1978 "The Position of Translated Literature within the Literary Polysystem," in: J.S Holmes, J.
Lambert and R. Van den Broeck, eds., Literature and Translation: New Perspectives in
Literary Studies (Leuven: ACCO), 117-127.<person-group>
                  <string-name xmlns:xlink="http://www.w3.org/1999/xlink">
                     <surname>Holmes</surname>
                  </string-name>
               </person-group>
               <comment content-type="section">The Position of Translated Literature within the Literary Polysystem</comment>
               <fpage>117</fpage>
               <source>Literature and Translation: New Perspectives in Literary Studies</source>
               <year>1978</year>
            </mixed-citation>
            <mixed-citation id="d9845e182" publication-type="book">
1978a "Universals of Literary Contacts," in: F. Coppieters and D. Goyvaerts, eds., Functional
Studies in Language and Literature (Ghent: Story Scientia), 5-15.<person-group>
                  <string-name xmlns:xlink="http://www.w3.org/1999/xlink">
                     <surname>Coppieters</surname>
                  </string-name>
               </person-group>
               <comment content-type="section">Universals of Literary Contacts</comment>
               <fpage>5</fpage>
               <source>Functional Studies in Language and Literature</source>
               <year>1978</year>
            </mixed-citation>
            <mixed-citation id="d9845e213" publication-type="book">
1978b Papers in Historical Poetics (Tel Aviv: The Porter Institute for Poetics and Semiotics, Tel
Aviv University).<source>Papers in Historical Poetics</source>
               <year>1978</year>
            </mixed-citation>
            <mixed-citation id="d9845e229" publication-type="book">
1979 (1974) "The Textemic Status of Signs in a Literary Text and Its Translation," in: S.
Chatman, U. Eco and J.-M. Klinkenberg, eds., A Semiotic Landscape: Proceedings of the Ist
Congress of the IASS, Milan, June 1974 (The Hague: Mouton), 629-633.<person-group>
                  <string-name xmlns:xlink="http://www.w3.org/1999/xlink">
                     <surname>Chatman</surname>
                  </string-name>
               </person-group>
               <comment content-type="section">The Textemic Status of Signs in a Literary Text and Its Translation</comment>
               <fpage>629</fpage>
               <source>A Semiotic Landscape: Proceedings of the Ist Congress of the IASS, Milan, June 1974</source>
               <year>1979</year>
            </mixed-citation>
         </ref>
         <ref id="d9845e264a1310">
            <mixed-citation id="d9845e268" publication-type="book">
JAKOBSON, ROMAN, 1959. "On Linguistic Aspects of Translation," in: R. Brower, ed., On
Translation (Oxford UP), 232-239.<person-group>
                  <string-name xmlns:xlink="http://www.w3.org/1999/xlink">
                     <surname>Jakobson</surname>
                  </string-name>
               </person-group>
               <comment content-type="section">On Linguistic Aspects of Translation</comment>
               <fpage>232</fpage>
               <source>On Translation</source>
               <year>1959</year>
            </mixed-citation>
         </ref>
         <ref id="d9845e300a1310">
            <mixed-citation id="d9845e304" publication-type="book">
LOTMAN, JURIJ, 1976 (1974). "Un modble dynamique du système sémiotique,'" in: Travaux sur les
systemes de signes: Ecole de Tartu (Bruxelles: Complex), 77-93.<person-group>
                  <string-name xmlns:xlink="http://www.w3.org/1999/xlink">
                     <surname>Lotman</surname>
                  </string-name>
               </person-group>
               <comment content-type="section">Un modble dynamique du système sémiotique</comment>
               <fpage>77</fpage>
               <source>Travaux sur les systemes de signes: Ecole de Tartu</source>
               <year>1976</year>
            </mixed-citation>
         </ref>
         <ref id="d9845e336a1310">
            <mixed-citation id="d9845e340" publication-type="book">
TOURY, GIDEON, 1977 (1976). Translational Norms and Literary Translation into Hebrew, 1930-1945.
(Tel Aviv: The Porter Institute for Poetics &amp; Semiotics, Tel Aviv University) (in Hebrew).<person-group>
                  <string-name xmlns:xlink="http://www.w3.org/1999/xlink">
                     <surname>Toury</surname>
                  </string-name>
               </person-group>
               <source>Translational Norms and Literary Translation into Hebrew, 1930-1945</source>
               <year>1977</year>
            </mixed-citation>
         </ref>
      </ref-list>
   </back>
</article>
