<article dtd-version="1.0" article-type="research-article">
   <front>
      <journal-meta>
         <journal-id xmlns:xlink="http://www.w3.org/1999/xlink" journal-id-type="jstor">poeticstoday</journal-id>
         <journal-id xmlns:xlink="http://www.w3.org/1999/xlink" journal-id-type="jstor">j100659</journal-id>
         <journal-title-group xmlns:xlink="http://www.w3.org/1999/xlink">
            <journal-title>Poetics Today</journal-title>
         </journal-title-group>
         <publisher>
            <publisher-name>Porter Institute for Poetics and Semiotics</publisher-name>
         </publisher>
         <issn xmlns:xlink="http://www.w3.org/1999/xlink" pub-type="ppub">03335372</issn>
         <issn xmlns:xlink="http://www.w3.org/1999/xlink" pub-type="epub">15275507</issn>
      </journal-meta>
      <article-meta>
         <article-id xmlns:xlink="http://www.w3.org/1999/xlink" pub-id-type="doi">10.2307/1772414</article-id>
         <article-categories>
            <subj-group>
               <subject>Poetics of Various Fictions</subject>
            </subj-group>
         </article-categories>
         <title-group>
            <article-title>The Figure in the Carpet</article-title>
         </title-group>
         <contrib-group>
            <contrib contrib-type="author">
               <string-name xmlns:xlink="http://www.w3.org/1999/xlink">
                  <given-names>J. Hillis</given-names>
                  <surname>Miller</surname>
               </string-name>
            </contrib>
         </contrib-group>
         <pub-date xmlns:xlink="http://www.w3.org/1999/xlink">
            <day>1</day>
            <month>4</month>
            <year>1980</year>
         </pub-date>
         <volume>1</volume>
         <issue>3</issue>
         <issue-id xmlns:xlink="http://www.w3.org/1999/xlink">i303048</issue-id>
         <fpage>107</fpage>
         <lpage>118</lpage>
         <page-range>107-118</page-range>
         <permissions>
            <copyright-statement>Copyright The Porter Institute for Poetics and Semiotics, Tel Aviv University</copyright-statement>
         </permissions>
         <self-uri xmlns:xlink="http://www.w3.org/1999/xlink"
                   xlink:href="http://www.jstor.org/stable/1772414"/>
         <custom-meta-group xmlns:xlink="http://www.w3.org/1999/xlink">
            <custom-meta>
               <meta-name>lang</meta-name>
               <meta-value>eng</meta-value>
            </custom-meta>
         </custom-meta-group>
      </article-meta>
   </front>
   <back>
      <fn-group xmlns:xlink="http://www.w3.org/1999/xlink">
         <title>[Footnotes]</title>
         <fn id="d3387e123a1310">
            <label>1</label>
            <p>
               <mixed-citation id="d3387e130" publication-type="journal">
Damisch, 1966  </mixed-citation>
            </p>
         </fn>
         <fn id="d3387e139a1310">
            <label>2</label>
            <p>
               <mixed-citation id="d3387e146" publication-type="book">
Erlich (1969: 241)  <fpage>241</fpage>
               </mixed-citation>
            </p>
         </fn>
         <fn id="d3387e158a1310">
            <label>3</label>
            <p>
               <mixed-citation id="d3387e165" publication-type="partial">
Henry James (1950: 4-5)</mixed-citation>
            </p>
         </fn>
         <fn id="d3387e172a1310">
            <label>4</label>
            <p>
               <mixed-citation id="d3387e179" publication-type="partial">
Rimmon, 1973</mixed-citation>
            </p>
         </fn>
         <fn id="d3387e187a1310">
            <label>5</label>
            <p>
               <mixed-citation id="d3387e194" publication-type="partial">
Henry James (1909: 230-231)</mixed-citation>
            </p>
         </fn>
      </fn-group>
      <ref-list>
         <title>References</title>
         <ref id="d3387e210a1310">
            <mixed-citation id="d3387e214" publication-type="book">
ALTER. ROBERT, 1975. Partial Magic (Berkeley: California UP).<person-group>
                  <string-name xmlns:xlink="http://www.w3.org/1999/xlink">
                     <surname>Alter</surname>
                  </string-name>
               </person-group>
               <source>Partial Magic</source>
               <year>1975</year>
            </mixed-citation>
         </ref>
         <ref id="d3387e236a1310">
            <mixed-citation id="d3387e240" publication-type="journal">
DAMISCH, HUBERT, 1966. "Le Danse de Thesee," Tel Quel 26, 60-68.<person-group>
                  <string-name xmlns:xlink="http://www.w3.org/1999/xlink">
                     <surname>Damisch</surname>
                  </string-name>
               </person-group>
               <fpage>60</fpage>
               <volume>26</volume>
               <source>Tel Quel</source>
               <year>1966</year>
            </mixed-citation>
         </ref>
         <ref id="d3387e269a1310">
            <mixed-citation id="d3387e273" publication-type="book">
ERLICH, VICROR, 1969. Russian Formalism: History - Doctrine (Hague, Paris: Mouton).<person-group>
                  <string-name xmlns:xlink="http://www.w3.org/1999/xlink">
                     <surname>Erlich</surname>
                  </string-name>
               </person-group>
               <source>Russian Formalism: History - Doctrine</source>
               <year>1969</year>
            </mixed-citation>
         </ref>
         <ref id="d3387e295a1310">
            <mixed-citation id="d3387e299" publication-type="book">
GARRETT, P., 1969. Scene and Symbol from George Eliot to James Joyce: Studies in Changing
Fictional Mode (New Haven: Yale UP).<person-group>
                  <string-name xmlns:xlink="http://www.w3.org/1999/xlink">
                     <surname>Garrett</surname>
                  </string-name>
               </person-group>
               <source>Scene and Symbol from George Eliot to James Joyce: Studies in Changing Fictional Mode</source>
               <year>1969</year>
            </mixed-citation>
         </ref>
         <ref id="d3387e325a1310">
            <mixed-citation id="d3387e329" publication-type="book">
FRIEDMAN, A., 1967. Turn of the Novel (New York: Oxford UP).<person-group>
                  <string-name xmlns:xlink="http://www.w3.org/1999/xlink">
                     <surname>Friedman</surname>
                  </string-name>
               </person-group>
               <source>Turn of the Novel</source>
               <year>1967</year>
            </mixed-citation>
         </ref>
         <ref id="d3387e351a1310">
            <mixed-citation id="d3387e355" publication-type="book">
ISER, WOLFGANG, 1978. The Act of Reading: A Theory of Aesthetic Response (London and Henley:
Routledge and Kegan Paul).<person-group>
                  <string-name xmlns:xlink="http://www.w3.org/1999/xlink">
                     <surname>Iser</surname>
                  </string-name>
               </person-group>
               <source>The Act of Reading: A Theory of Aesthetic Response</source>
               <year>1978</year>
            </mixed-citation>
         </ref>
         <ref id="d3387e380a1310">
            <mixed-citation id="d3387e384" publication-type="book">
JAMES, HENRY, 1909. The Novels and Tales XV (New York: Charles Scribner's Sons).<person-group>
                  <string-name xmlns:xlink="http://www.w3.org/1999/xlink">
                     <surname>James</surname>
                  </string-name>
               </person-group>
               <source>The Novels and Tales XV</source>
               <year>1909</year>
            </mixed-citation>
            <mixed-citation id="d3387e405" publication-type="book">
1950 The Art of the Novel, Critical Prefaces, R.P. Blackmur, ed. (New York: Charles Scribner's
Sons).<person-group>
                  <string-name xmlns:xlink="http://www.w3.org/1999/xlink">
                     <surname>Blackmur</surname>
                  </string-name>
               </person-group>
               <source>The Art of the Novel, Critical Prefaces</source>
               <year>1950</year>
            </mixed-citation>
         </ref>
         <ref id="d3387e430a1310">
            <mixed-citation id="d3387e434" publication-type="book">
KERMODE, FRANK, 1968. The Sense of an Ending (Oxford UP).<person-group>
                  <string-name xmlns:xlink="http://www.w3.org/1999/xlink">
                     <surname>Kermode</surname>
                  </string-name>
               </person-group>
               <source>The Sense of an Ending</source>
               <year>1968</year>
            </mixed-citation>
         </ref>
         <ref id="d3387e456a1310">
            <mixed-citation id="d3387e460" publication-type="journal">
RIMMON, SHLOMITH, 1973. "Barthes' 'Hermeneutic Code' and Henry James's Literary Detective:
Plot-Composition in 'The Figure in the Carpet,'" HSL 1, 183-207.<person-group>
                  <string-name xmlns:xlink="http://www.w3.org/1999/xlink">
                     <surname>Rimmon</surname>
                  </string-name>
               </person-group>
               <fpage>183</fpage>
               <volume>1</volume>
               <source>HSL</source>
               <year>1973</year>
            </mixed-citation>
            <mixed-citation id="d3387e491" publication-type="book">
1977 The Concept of Ambiguity: the Example of James (Chicago UP).<person-group>
                  <string-name xmlns:xlink="http://www.w3.org/1999/xlink">
                     <surname>Rimmon</surname>
                  </string-name>
               </person-group>
               <source>The Concept of Ambiguity: the Example of James</source>
               <year>1977</year>
            </mixed-citation>
         </ref>
         <ref id="d3387e513a1310">
            <mixed-citation id="d3387e517" publication-type="book">
TODOROV, TSVETAN, 1973. "The Structural Analysis of Literature: The Tales of Henry James," in:
David Robey, ed., Structuralism: an Introduction (Oxford: Clarendon Press), 73-103.<person-group>
                  <string-name xmlns:xlink="http://www.w3.org/1999/xlink">
                     <surname>Todorov</surname>
                  </string-name>
               </person-group>
               <source>The Structural Analysis of Literature: The Tales of Henry James</source>
               <year>1973</year>
            </mixed-citation>
         </ref>
      </ref-list>
   </back>
</article>
