<article xmlns:xsi="http://www.w3.org/2001/XMLSchema-instance"
         xmlns:xlink="http://www.w3.org/1999/xlink"
         xmlns:mml="http://www.w3.org/1998/Math/MathML"
         dtd-version="1.0"
         article-type="research-article">
   <front>
      <journal-meta>
         <journal-id journal-id-type="jstor">poeticstoday</journal-id>
         <journal-id journal-id-type="jstor">j100659</journal-id>
         <journal-title-group>
            <journal-title>Poetics Today</journal-title>
         </journal-title-group>
         <publisher>
            <publisher-name>Porter Institute for Poetics and Semiotics</publisher-name>
         </publisher>
         <issn pub-type="ppub">03335372</issn>
         <issn pub-type="epub">15275507</issn>
      </journal-meta>
      <article-meta>
         <article-id pub-id-type="doi">10.2307/1772504</article-id>
         <title-group>
            <article-title>Space in Fiction</article-title>
         </title-group>
         <contrib-group>
            <contrib contrib-type="author">
               <string-name>
                  <given-names>Ruth</given-names>
                  <surname>Ronen</surname>
               </string-name>
            </contrib>
         </contrib-group>
         <pub-date>
            <day>1</day>
            <month>1</month>
            <year>1986</year>
         </pub-date>
         <volume>7</volume>
         <issue>3</issue>
         <issue-id>i303072</issue-id>
         <fpage>421</fpage>
         <lpage>438</lpage>
         <page-range>421-438</page-range>
         <permissions>
            <copyright-statement>Copyright The Porter Institute for Poetics and Semiotics Tel Aviv University</copyright-statement>
         </permissions>
         <self-uri xlink:href="http://www.jstor.org/stable/1772504"/>
         <custom-meta-group>
            <custom-meta>
               <meta-name>lang</meta-name>
               <meta-value>eng</meta-value>
            </custom-meta>
         </custom-meta-group>
      </article-meta>
   </front>
   <back>
      <fn-group>
         <title>[Footnotes]</title>
         <fn id="d20792e123a1310">
            <label>2</label>
            <p>
               <mixed-citation id="d20792e130" publication-type="book">
Butor, 1969.  </mixed-citation>
            </p>
         </fn>
         <fn id="d20792e139a1310">
            <label>3</label>
            <p>
               <mixed-citation id="d20792e146" publication-type="book">
Issacharoff, 1978  </mixed-citation>
            </p>
         </fn>
         <fn id="d20792e155a1310">
            <label>4</label>
            <p>
               <mixed-citation id="d20792e162" publication-type="book">
Greimas (1966)  </mixed-citation>
            </p>
         </fn>
         <fn id="d20792e171a1310">
            <label>5</label>
            <p>
               <mixed-citation id="d20792e178" publication-type="other">
Metzing, 1979</mixed-citation>
            </p>
            <p>
               <mixed-citation id="d20792e184" publication-type="book">
Goffman, 1974.  </mixed-citation>
            </p>
         </fn>
         <fn id="d20792e194a1310">
            <label>6</label>
            <p>
               <mixed-citation id="d20792e201" publication-type="book">
Hrushovski (1982)  </mixed-citation>
            </p>
         </fn>
         <fn id="d20792e210a1310">
            <label>7</label>
            <p>
               <mixed-citation id="d20792e217" publication-type="book">
M. de Renal (Le rouge et le noir:35)<person-group>
                     <string-name>
                        <surname>Renal</surname>
                     </string-name>
                  </person-group>
                  <volume>35</volume>
                  <source>Le rouge et le noir</source>
               </mixed-citation>
            </p>
         </fn>
      </fn-group>
      <ref-list>
         <title>References</title>
         <ref id="d20792e248a1310">
            <mixed-citation id="d20792e252" publication-type="book">
Austen, Jane, 1972. Emma. ed, S.M. Parrish (New York &amp; London: W.W. Norton &amp;
Company) [1916].<person-group>
                  <string-name>
                     <surname>Austen</surname>
                  </string-name>
               </person-group>
               <source>Emma</source>
               <year>1972</year>
            </mixed-citation>
         </ref>
         <ref id="d20792e277a1310">
            <mixed-citation id="d20792e281" publication-type="book">
Butor, Michel, 1969. Essai sur le roman (Paris: Gallimard).<person-group>
                  <string-name>
                     <surname>Butor</surname>
                  </string-name>
               </person-group>
               <source>Essai sur le roman</source>
               <year>1969</year>
            </mixed-citation>
         </ref>
         <ref id="d20792e303a1310">
            <mixed-citation id="d20792e307" publication-type="book">
Camus, Albert, 1956.La chute (Paris: Editions Gallimard [folio]).<person-group>
                  <string-name>
                     <surname>Camus</surname>
                  </string-name>
               </person-group>
               <source>La chute</source>
               <year>1956</year>
            </mixed-citation>
         </ref>
         <ref id="d20792e329a1310">
            <mixed-citation id="d20792e333" publication-type="book">
Chatman, Seymour, 1978. Story and Discourse (Ithaca, N.Y.: Cornell UP).<person-group>
                  <string-name>
                     <surname>Chatman</surname>
                  </string-name>
               </person-group>
               <source>Story and Discourse</source>
               <year>1978</year>
            </mixed-citation>
         </ref>
         <ref id="d20792e356a1310">
            <mixed-citation id="d20792e360" publication-type="book">
Dickens, Charles, 1965. Great Expectations, ed. A. Calder (Harmondsworth: Penguin Books)
[18601.<person-group>
                  <string-name>
                     <surname>Dickens</surname>
                  </string-name>
               </person-group>
               <source>Great Expectations</source>
               <year>1965</year>
            </mixed-citation>
         </ref>
         <ref id="d20792e385a1310">
            <mixed-citation id="d20792e389" publication-type="book">
Eco, Umberto, 1979. The Role of the Reader (Bloomington and London: Indiana UP).<person-group>
                  <string-name>
                     <surname>Eco</surname>
                  </string-name>
               </person-group>
               <source>The Role of the Reader</source>
               <year>1979</year>
            </mixed-citation>
         </ref>
         <ref id="d20792e411a1310">
            <mixed-citation id="d20792e415" publication-type="book">
Flaubert, Gustave, 1969. L'Education sentimentale (Paris: Garnier-Flammarion) [1870].<person-group>
                  <string-name>
                     <surname>Flaubert</surname>
                  </string-name>
               </person-group>
               <source>L'Education sentimentale</source>
               <year>1969</year>
            </mixed-citation>
         </ref>
         <ref id="d20792e437a1310">
            <mixed-citation id="d20792e441" publication-type="book">
Goffman, Erving, 1974. Frame Analysis (New York: Harper &amp; Row).<person-group>
                  <string-name>
                     <surname>Goffman</surname>
                  </string-name>
               </person-group>
               <source>Frame Analysis</source>
               <year>1974</year>
            </mixed-citation>
         </ref>
         <ref id="d20792e463a1310">
            <mixed-citation id="d20792e467" publication-type="book">
Greimas, Algirdas Julien, 1966. Se'mantique structurale (Paris: Larousse).<person-group>
                  <string-name>
                     <surname>Greimas</surname>
                  </string-name>
               </person-group>
               <source>Se'mantique structurale</source>
               <year>1966</year>
            </mixed-citation>
         </ref>
         <ref id="d20792e489a1310">
            <mixed-citation id="d20792e493" publication-type="book">
Grimes, Joseph, 1975. The Thread of Discourse (The Hague:Mouton).<person-group>
                  <string-name>
                     <surname>Grimes</surname>
                  </string-name>
               </person-group>
               <source>The Thread of Discourse</source>
               <year>1975</year>
            </mixed-citation>
         </ref>
         <ref id="d20792e516a1310">
            <mixed-citation id="d20792e520" publication-type="book">
Hrushovski, Benjamin, 1982. "Integrational Semantics," in: H. Byrnes, ed., Contemporary
Perceptions of Language (Washington D.C.: Georgetown UP) 156-190.<person-group>
                  <string-name>
                     <surname>Hrushovski</surname>
                  </string-name>
               </person-group>
               <comment content-type="section">Integrational Semantics</comment>
               <fpage>156</fpage>
               <source>Contemporary Perceptions of Language</source>
               <year>1982</year>
            </mixed-citation>
         </ref>
         <ref id="d20792e552a1310">
            <mixed-citation id="d20792e556" publication-type="book">
Issacharoff, Michael, 1978. "Qu'est-ce que l'espace litteraire?" L'Information Littdraire 3,
117-122.<person-group>
                  <string-name>
                     <surname>Issacharoff</surname>
                  </string-name>
               </person-group>
               <comment content-type="section">Qu'est-ce que l'espace litteraire?</comment>
               <fpage>117</fpage>
               <volume>3</volume>
               <source>L'Information Littdraire</source>
               <year>1978</year>
            </mixed-citation>
         </ref>
         <ref id="d20792e591a1310">
            <mixed-citation id="d20792e595" publication-type="book">
James, Henry, 1966. The Bostonians (Harmondsworth: Penguin Books) [1886].<person-group>
                  <string-name>
                     <surname>James</surname>
                  </string-name>
               </person-group>
               <source>The Bostonians</source>
               <year>1966</year>
            </mixed-citation>
         </ref>
         <ref id="d20792e617a1310">
            <mixed-citation id="d20792e621" publication-type="book">
Metzing, Dieter (ed.), 1980. Frame Conceptions and Text Understanding (Berlin, New
York: Walter de Gruyter).<person-group>
                  <string-name>
                     <surname>Metzing</surname>
                  </string-name>
               </person-group>
               <source>Frame Conceptions and Text Understanding</source>
               <year>1980</year>
            </mixed-citation>
         </ref>
         <ref id="d20792e646a1310">
            <mixed-citation id="d20792e652" publication-type="journal">
O'Toole, Lawrence M., 1980. "Dimensions of Semiotic Space in Narrative," Poetics Today
1:4, 135-149.<object-id pub-id-type="doi">10.2307/1771891</object-id>
               <fpage>135</fpage>
            </mixed-citation>
            <mixed-citation id="d20792e667" publication-type="book">
1982 Structure, Style and Interpretation in the Russian Short Story (New Haven: Yale
UP).<person-group>
                  <string-name>
                     <surname>O'Toole</surname>
                  </string-name>
               </person-group>
               <source>Style and Interpretation in the Russian Short Story</source>
               <year>1982</year>
            </mixed-citation>
         </ref>
         <ref id="d20792e692a1310">
            <mixed-citation id="d20792e696" publication-type="book">
Ricard, Frangois, 1972. "Le decor romanesque," Etudes Frangaises 8:4, 343-362.<person-group>
                  <string-name>
                     <surname>Ricard</surname>
                  </string-name>
               </person-group>
               <comment content-type="section">Le decor romanesque</comment>
               <fpage>343</fpage>
               <volume>8:4</volume>
               <source>Etudes Frangaises</source>
               <year>1972</year>
            </mixed-citation>
         </ref>
         <ref id="d20792e729a1310">
            <mixed-citation id="d20792e733" publication-type="book">
Stendhal, 1964.Le rouge et le noir (Paris: Garnier-Flammarion) [1830].<person-group>
                  <string-name>
                     <surname>Stendhal</surname>
                  </string-name>
               </person-group>
               <source>Le rouge et le noir</source>
               <year>1964</year>
            </mixed-citation>
         </ref>
         <ref id="d20792e755a1310">
            <mixed-citation id="d20792e759" publication-type="other">
Wellek, Rene, 1971. "Stylistics, Poetics and Criticism," in Seymour Chatman, ed., Literary
Style: A Symposium (London and New York: Oxford UP) 65- 75.</mixed-citation>
         </ref>
         <ref id="d20792e769a1310">
            <mixed-citation id="d20792e773" publication-type="book">
Woolf, Virginia, 1977. To the Lighthouse (London, Toronto, etc.: Granada Publishing)
[1927].<person-group>
                  <string-name>
                     <surname>Woolf</surname>
                  </string-name>
               </person-group>
               <source>To the Lighthouse</source>
               <year>1977</year>
            </mixed-citation>
         </ref>
      </ref-list>
   </back>
</article>
