<article xmlns:xsi="http://www.w3.org/2001/XMLSchema-instance"
         xmlns:xlink="http://www.w3.org/1999/xlink"
         xmlns:mml="http://www.w3.org/1998/Math/MathML"
         dtd-version="1.0"
         article-type="research-article">
   <front>
      <journal-meta>
         <journal-id journal-id-type="jstor">poeticstoday</journal-id>
         <journal-id journal-id-type="jstor">j100659</journal-id>
         <journal-title-group>
            <journal-title>Poetics Today</journal-title>
         </journal-title-group>
         <publisher>
            <publisher-name>Porter Institute for Poetics and Semiotics</publisher-name>
         </publisher>
         <issn pub-type="ppub">03335372</issn>
         <issn pub-type="epub">15275507</issn>
      </journal-meta>
      <article-meta>
         <article-id pub-id-type="doi">10.2307/1772761</article-id>
         <article-categories>
            <subj-group>
               <subject>Theory of Character</subject>
            </subj-group>
         </article-categories>
         <title-group>
            <article-title>The Question of Character and Personality in Greek Tragedy</article-title>
         </title-group>
         <contrib-group>
            <contrib contrib-type="author">
               <string-name>
                  <given-names>Christopher</given-names>
                  <surname>Gill</surname>
               </string-name>
            </contrib>
         </contrib-group>
         <pub-date>
            <day>1</day>
            <month>1</month>
            <year>1986</year>
         </pub-date>
         <volume>7</volume>
         <issue>2</issue>
         <issue-id>i303071</issue-id>
         <fpage>251</fpage>
         <lpage>273</lpage>
         <page-range>251-273</page-range>
         <permissions>
            <copyright-statement>Copyright The Porter Institute for Poetics and Semiotics Tel Aviv University</copyright-statement>
         </permissions>
         <self-uri xlink:href="http://www.jstor.org/stable/1772761"/>
         <custom-meta-group>
            <custom-meta>
               <meta-name>lang</meta-name>
               <meta-value>eng</meta-value>
            </custom-meta>
         </custom-meta-group>
      </article-meta>
   </front>
   <back>
      <ref-list>
         <title>References</title>
         <ref id="d6006e123a1310">
            <label>1</label>
            <mixed-citation id="d6006e130" publication-type="other">
Gould (1978)</mixed-citation>
            <mixed-citation id="d6006e136" publication-type="journal">
Garton (1957)  </mixed-citation>
            <mixed-citation id="d6006e144" publication-type="journal">
Easterling (1973)  </mixed-citation>
            <mixed-citation id="d6006e153" publication-type="book">
Vickers (1973)  </mixed-citation>
            <mixed-citation id="d6006e161" publication-type="book">
Segal (1981:9, 13 ff., 41)  <fpage>41</fpage>
            </mixed-citation>
            <mixed-citation id="d6006e172" publication-type="journal">
Segal (1978-1979)  </mixed-citation>
            <mixed-citation id="d6006e180" publication-type="other">
Segal (1982
ch. 6)</mixed-citation>
         </ref>
         <ref id="d6006e190a1310">
            <label>2</label>
            <mixed-citation id="d6006e197" publication-type="journal">
Gill (1983)  </mixed-citation>
            <mixed-citation id="d6006e205" publication-type="book">
forthcoming book, Character and
Personality<source>Character and Personality</source>
            </mixed-citation>
            <mixed-citation id="d6006e217" publication-type="book">
Morton (1982)  </mixed-citation>
            <mixed-citation id="d6006e226" publication-type="book">
Trilling (1972)  </mixed-citation>
            <mixed-citation id="d6006e234" publication-type="book">
MacIntyre
(1981)  </mixed-citation>
         </ref>
         <ref id="d6006e246a1310">
            <label>3</label>
            <mixed-citation id="d6006e253" publication-type="book">
Woolf (1966:71-89, 106-108)  <fpage>71</fpage>
            </mixed-citation>
            <mixed-citation id="d6006e264" publication-type="book">
Ryle (1968)  </mixed-citation>
            <mixed-citation id="d6006e272" publication-type="book">
MacIntyre
(1981:169-174, 222-226)  </mixed-citation>
         </ref>
         <ref id="d6006e284a1310">
            <label>5</label>
            <mixed-citation id="d6006e291" publication-type="other">
11. 1039-1042</mixed-citation>
            <mixed-citation id="d6006e297" publication-type="other">
1034, 1011 ff., 1021-1022, 1054-1055</mixed-citation>
            <mixed-citation id="d6006e303" publication-type="book">
Plato, Ion:11. 533d ff.<person-group>
                  <string-name>
                     <surname>Plato</surname>
                  </string-name>
               </person-group>
               <fpage>533</fpage>
               <volume>11</volume>
               <source>Ion</source>
            </mixed-citation>
            <mixed-citation id="d6006e328" publication-type="book">
Republic:ll. 395d ff<person-group>
                  <string-name>
                     <surname>Plato</surname>
                  </string-name>
               </person-group>
               <fpage>395</fpage>
               <source>Republic</source>
            </mixed-citation>
            <mixed-citation id="d6006e349" publication-type="book">
Russell (1981:84-85)  <fpage>84</fpage>
            </mixed-citation>
         </ref>
         <ref id="d6006e362a1310">
            <label>6</label>
            <mixed-citation id="d6006e369" publication-type="book">
Aeschylus: Agamemnon:11. 218-227<person-group>
                  <string-name>
                     <surname>Aeschylus</surname>
                  </string-name>
               </person-group>
               <fpage>218</fpage>
               <volume>11</volume>
               <source>Agamemnon</source>
            </mixed-citation>
            <mixed-citation id="d6006e393" publication-type="other">
187, 193 ff., 1468 ff. 1379 ff., and 1551 ff</mixed-citation>
            <mixed-citation id="d6006e399" publication-type="book">
Fraenkel (1950)  </mixed-citation>
            <mixed-citation id="d6006e408" publication-type="journal">
Edwards (1977)  </mixed-citation>
            <mixed-citation id="d6006e416" publication-type="journal">
Lesky (1966)  </mixed-citation>
            <mixed-citation id="d6006e424" publication-type="journal">
Dawe (1968)  </mixed-citation>
         </ref>
         <ref id="d6006e433a1310">
            <label>7</label>
            <mixed-citation id="d6006e440" publication-type="book">
Sophocles, Ajax:11. 815-865<person-group>
                  <string-name>
                     <surname>Sophocles</surname>
                  </string-name>
               </person-group>
               <fpage>815</fpage>
               <volume>11</volume>
               <source>Ajax</source>
            </mixed-citation>
            <mixed-citation id="d6006e464" publication-type="book">
Oedipus Rex:11. 1264 ff<person-group>
                  <string-name>
                     <surname>Sophocles</surname>
                  </string-name>
               </person-group>
               <fpage>1264</fpage>
               <volume>11</volume>
               <source>Oedipus Rex</source>
            </mixed-citation>
            <mixed-citation id="d6006e488" publication-type="book">
Electra:1. 1415<person-group>
                  <string-name>
                     <surname>Sophocles</surname>
                  </string-name>
               </person-group>
               <fpage>1415</fpage>
               <volume>1</volume>
               <source>Electra</source>
            </mixed-citation>
            <mixed-citation id="d6006e513" publication-type="book">
Oedipus Coloneus:
11. 1370 ff<person-group>
                  <string-name>
                     <surname>Sophocles</surname>
                  </string-name>
               </person-group>
               <fpage>1370</fpage>
               <volume>11</volume>
               <source>Oedipus Coloneus</source>
            </mixed-citation>
            <mixed-citation id="d6006e541" publication-type="book">
Philoctetes:11. 1348 ff<person-group>
                  <string-name>
                     <surname>Sophocles</surname>
                  </string-name>
               </person-group>
               <fpage>1348</fpage>
               <volume>11</volume>
               <source>Philoctetes</source>
            </mixed-citation>
         </ref>
         <ref id="d6006e566a1310">
            <label>8</label>
            <mixed-citation id="d6006e573" publication-type="book">
Aeschylus, Seven Against Thebes:11. 653 ff<person-group>
                  <string-name>
                     <surname>Aeschylus</surname>
                  </string-name>
               </person-group>
               <fpage>653</fpage>
               <volume>11</volume>
               <source>Seven Against Thebes</source>
            </mixed-citation>
            <mixed-citation id="d6006e597" publication-type="book">
Agamemnon:11. 1497 ff<person-group>
                  <string-name>
                     <surname>Aeschylus</surname>
                  </string-name>
               </person-group>
               <fpage>1497</fpage>
               <volume>11</volume>
               <source>Agamemnon</source>
            </mixed-citation>
            <mixed-citation id="d6006e621" publication-type="book">
Euripides,
Bacchae:11. 811 ff<person-group>
                  <string-name>
                     <surname>Euripides</surname>
                  </string-name>
               </person-group>
               <fpage>811</fpage>
               <volume>11</volume>
               <source>Bacchae</source>
            </mixed-citation>
         </ref>
      </ref-list>
      <ref-list>
         <title>References</title>
         <ref id="d6006e659a1310">
            <mixed-citation id="d6006e663" publication-type="book">
Adkins, A.W.H., Merit and Responsibility (Oxford: Oxford UP).<person-group>
                  <string-name>
                     <surname>Adkins</surname>
                  </string-name>
               </person-group>
               <source>Merit and Responsibility</source>
            </mixed-citation>
         </ref>
         <ref id="d6006e682a1310">
            <mixed-citation id="d6006e686" publication-type="journal">
Barlow, Shirley, 1982. "Structure and Dramatic Realism in Euripides' Heracles," Greece
and Rome 29, 115-125.<person-group>
                  <string-name>
                     <surname>Barlow</surname>
                  </string-name>
               </person-group>
               <fpage>115</fpage>
               <volume>29</volume>
               <source>Greece and Rome</source>
               <year>1982</year>
            </mixed-citation>
         </ref>
         <ref id="d6006e718a1310">
            <mixed-citation id="d6006e722" publication-type="book">
Bradley, A.C., 1924. Shakespearian Tragedy (London: Macmillan).<person-group>
                  <string-name>
                     <surname>Bradley</surname>
                  </string-name>
               </person-group>
               <source>Shakespearian Tragedy</source>
               <year>1924</year>
            </mixed-citation>
            <mixed-citation id="d6006e743" publication-type="book">
1965 Oxford Lectures on Tragedy (London: Macmillan).<person-group>
                  <string-name>
                     <surname>Bradley</surname>
                  </string-name>
               </person-group>
               <source>Oxford Lectures on Tragedy</source>
               <year>1965</year>
            </mixed-citation>
         </ref>
         <ref id="d6006e765a1310">
            <mixed-citation id="d6006e769" publication-type="journal">
Buxton, R.G.A., 1980. "Blindness and limits: Sophocles and the logic of myth," Journal of
Hellenic Studies 100, 22-37.<object-id pub-id-type="doi">10.2307/630730</object-id>
               <fpage>22</fpage>
            </mixed-citation>
         </ref>
         <ref id="d6006e786a1310">
            <mixed-citation id="d6006e790" publication-type="journal">
Dawe, R.D., 1968. "Some Reflections on Ate and Hamartia," Harvard Studies in Classical
Philology 72, 89-123.<object-id pub-id-type="doi">10.2307/311076</object-id>
               <fpage>89</fpage>
            </mixed-citation>
         </ref>
         <ref id="d6006e806a1310">
            <mixed-citation id="d6006e810" publication-type="journal">
Easterling, P.E., 1973. "Presentation of Character in Aeschylus," Greece and Rome 20,
3-19.<person-group>
                  <string-name>
                     <surname>Easterling</surname>
                  </string-name>
               </person-group>
               <fpage>3</fpage>
               <volume>20</volume>
               <source>Greece and Rome</source>
               <year>1973</year>
            </mixed-citation>
         </ref>
         <ref id="d6006e842a1310">
            <mixed-citation id="d6006e846" publication-type="journal">
Edwards, Mark, 1977. "Agamemnon's Decision: Freedom and Folly in Aeschylus,"
California Studies in Classical Antiquity 10, 17-38.<person-group>
                  <string-name>
                     <surname>Edwards</surname>
                  </string-name>
               </person-group>
               <fpage>17</fpage>
               <volume>10</volume>
               <source>California Studies in Classical Antiquity</source>
               <year>1977</year>
            </mixed-citation>
         </ref>
         <ref id="d6006e878a1310">
            <mixed-citation id="d6006e882" publication-type="book">
Fraenkel, Eduard, ed. with commentary 1950. Aeschylus, Agamemnon (Oxford: Oxford
UP).<person-group>
                  <string-name>
                     <surname>Fraenkel</surname>
                  </string-name>
               </person-group>
               <source>Aeschylus, Agamemnon</source>
            </mixed-citation>
         </ref>
         <ref id="d6006e904a1310">
            <mixed-citation id="d6006e908" publication-type="journal">
Gill, Christopher, 1983. "The Question of Character-Development: Plutarch and Tacitus,"
Classical Quarterly 33:2, 469-487.<object-id pub-id-type="jstor">10.2307/638791</object-id>
               <fpage>469</fpage>
            </mixed-citation>
            <mixed-citation id="d6006e923" publication-type="journal">
1984 "The Ethos/Pathos Distinction in Rhetorical and Literary Criticism," Classical
Quarterly 34:1, 149-166.<object-id pub-id-type="jstor">10.2307/638345</object-id>
               <fpage>149</fpage>
            </mixed-citation>
         </ref>
         <ref id="d6006e939a1310">
            <mixed-citation id="d6006e943" publication-type="journal">
Garton, C., 1957. "Characterisation in Greek Tragedy," Journal of Hellenic Studies 77,
247-254.<object-id pub-id-type="doi">10.2307/629364</object-id>
               <fpage>247</fpage>
            </mixed-citation>
         </ref>
         <ref id="d6006e960a1310">
            <mixed-citation id="d6006e964" publication-type="journal">
Gould, John, 1978. "Dramatic Character and Human Intelligibility in Greek Tragedy,"
Proceedings of the Cambridge Philological Society 24, 43-67.<person-group>
                  <string-name>
                     <surname>Gould</surname>
                  </string-name>
               </person-group>
               <fpage>43</fpage>
               <volume>24</volume>
               <source>Proceedings of the Cambridge Philological Society</source>
               <year>1978</year>
            </mixed-citation>
         </ref>
         <ref id="d6006e996a1310">
            <mixed-citation id="d6006e1000" publication-type="book">
House, Humphrey, 1956. Aristotle's Poetics (London: Rupert Hart-Davis).<person-group>
                  <string-name>
                     <surname>House</surname>
                  </string-name>
               </person-group>
               <source>Aristotle's Poetics</source>
               <year>1956</year>
            </mixed-citation>
         </ref>
         <ref id="d6006e1022a1310">
            <mixed-citation id="d6006e1026" publication-type="book">
Hubbard, 1972 in D.A. Russell and M. Winterbottom, eds., Ancient Literary Criticism: The
Principal Texts in New Translations (Oxford: Oxford UP).<person-group>
                  <string-name>
                     <surname>Hubbard</surname>
                  </string-name>
               </person-group>
               <source>Ancient Literary Criticism: The Principal Texts in New Translations</source>
               <year>1972</year>
            </mixed-citation>
         </ref>
         <ref id="d6006e1051a1310">
            <mixed-citation id="d6006e1055" publication-type="book">
Jones, John, 1962. On Aristotle and Greek Tragedy (Oxford: Oxford UP).<person-group>
                  <string-name>
                     <surname>Jones</surname>
                  </string-name>
               </person-group>
               <source>Aristotle and Greek Tragedy</source>
               <year>1962</year>
            </mixed-citation>
         </ref>
         <ref id="d6006e1077a1310">
            <mixed-citation id="d6006e1081" publication-type="book">
Knox, B.M.W., 1966. The Heroic Temper (Berkeley: California UP).<person-group>
                  <string-name>
                     <surname>Knox</surname>
                  </string-name>
               </person-group>
               <source>The Heroic Temper</source>
               <year>1966</year>
            </mixed-citation>
         </ref>
         <ref id="d6006e1103a1310">
            <mixed-citation id="d6006e1107" publication-type="journal">
Lesky, Albin, 1966. "Decision and Responsibility in the Tragedy of Aeschylus," Journal of
Hellenic Studies 86, 78-85.<object-id pub-id-type="doi">10.2307/628995</object-id>
               <fpage>78</fpage>
            </mixed-citation>
         </ref>
         <ref id="d6006e1124a1310">
            <mixed-citation id="d6006e1128" publication-type="book">
MacIntyre, Alasdair, 1981. After Virtue (London: Duckworth).<person-group>
                  <string-name>
                     <surname>MacIntyre</surname>
                  </string-name>
               </person-group>
               <source>After Virtue</source>
               <year>1981</year>
            </mixed-citation>
         </ref>
         <ref id="d6006e1150a1310">
            <mixed-citation id="d6006e1154" publication-type="book">
Morgann, M., 1777. An Essay on the Dramatic Character of Sir John Falstaff (London: J.
Davies).<person-group>
                  <string-name>
                     <surname>Morgann</surname>
                  </string-name>
               </person-group>
               <source>An Essay on the Dramatic Character of Sir John Falstaff</source>
               <year>1777</year>
            </mixed-citation>
         </ref>
         <ref id="d6006e1179a1310">
            <mixed-citation id="d6006e1183" publication-type="book">
Morton, Adam, 1982. "Freudian Commonsense," in R. Wollheim and James Hopkins, eds.,
Philosophical Essays on Freud (Cambridge: Cambridge UP), 60-74.<person-group>
                  <string-name>
                     <surname>Morton</surname>
                  </string-name>
               </person-group>
               <comment content-type="section">Freudian Commonsense</comment>
               <fpage>60</fpage>
               <source>Philosophical Essays on Freud</source>
               <year>1982</year>
            </mixed-citation>
         </ref>
         <ref id="d6006e1215a1310">
            <mixed-citation id="d6006e1219" publication-type="book">
Romilly, J. de, 1962. L'dvolution du pathe'tique d'Eschyle a Euripide (Paris: Presses
Universitaires de France).<person-group>
                  <string-name>
                     <surname>Romilly</surname>
                  </string-name>
               </person-group>
               <source>L'dvolution du pathe'tique d'Eschyle a Euripide</source>
               <year>1962</year>
            </mixed-citation>
         </ref>
         <ref id="d6006e1244a1310">
            <mixed-citation id="d6006e1248" publication-type="book">
Russell, D.A., 1981. Criticism in Antiquity (London: Duckworth).<person-group>
                  <string-name>
                     <surname>Russell</surname>
                  </string-name>
               </person-group>
               <source>Criticism in Antiquity</source>
               <year>1981</year>
            </mixed-citation>
         </ref>
         <ref id="d6006e1270a1310">
            <mixed-citation id="d6006e1274" publication-type="book">
Ryle, Gilbert, 1968. "Jane Austen and the Moralists," in B.C. Southam, ed, Critical Essays
on Jane Austen (London: Duckworth).<person-group>
                  <string-name>
                     <surname>Ryle</surname>
                  </string-name>
               </person-group>
               <comment content-type="section">Jane Austen and the Moralists</comment>
               <source>Critical Essays on Jane Austen</source>
               <year>1968</year>
            </mixed-citation>
         </ref>
         <ref id="d6006e1304a1310">
            <mixed-citation id="d6006e1308" publication-type="book">
Sai'd, Suzanne, 1978. La Faute Tragique (Paris: Maspero).<person-group>
                  <string-name>
                     <surname>Sai'd</surname>
                  </string-name>
               </person-group>
               <source>La Faute Tragique</source>
               <year>1978</year>
            </mixed-citation>
         </ref>
         <ref id="d6006e1330a1310">
            <mixed-citation id="d6006e1334" publication-type="book">
Schiitrumpf, E., 1970. Die Bedeutung des Wortes Ethos in der Poetik der Aristoteles
(Munich: Beck).<person-group>
                  <string-name>
                     <surname>Schiitrumpf</surname>
                  </string-name>
               </person-group>
               <source>Die Bedeutung des Wortes Ethos in der Poetik der Aristoteles</source>
               <year>1970</year>
            </mixed-citation>
         </ref>
         <ref id="d6006e1359a1310">
            <mixed-citation id="d6006e1363" publication-type="journal">
Segal, Charles, 1978-1979. "Pentheus and Hippolytus on the Couch and on the Grid:
Psychoanalytic and Structurlist Readings of Greek Tragedy," Classical World 72,
129-148.<person-group>
                  <string-name>
                     <surname>Segal</surname>
                  </string-name>
               </person-group>
               <fpage>129</fpage>
               <volume>72</volume>
               <source>Classical World</source>
               <year>1978</year>
            </mixed-citation>
            <mixed-citation id="d6006e1397" publication-type="book">
1981 Tragedy and Civilization: An Interpretation of Sophocles (Cambridge, Mass:
Harvard UP).<person-group>
                  <string-name>
                     <surname>Segal</surname>
                  </string-name>
               </person-group>
               <source>Tragedy and Civilization: An Interpretation of Sophocles</source>
               <year>1981</year>
            </mixed-citation>
            <mixed-citation id="d6006e1421" publication-type="book">
1982 Dionysiac Poetics and Euripides' Bacchae (Princeton: Princeton UP).<person-group>
                  <string-name>
                     <surname>Segal</surname>
                  </string-name>
               </person-group>
               <source>Dionysiac Poetics and Euripides' Bacchae</source>
               <year>1982</year>
            </mixed-citation>
         </ref>
         <ref id="d6006e1443a1310">
            <mixed-citation id="d6006e1447" publication-type="journal">
Stinton, T.C.W., 1975. "Hamartia in Aristotle and Greek Tragedy," Classical Quarterly
25:2, 221-254.<object-id pub-id-type="jstor">10.2307/638320</object-id>
               <fpage>221</fpage>
            </mixed-citation>
         </ref>
         <ref id="d6006e1463a1310">
            <mixed-citation id="d6006e1467" publication-type="book">
Tanner, Tony, 1979. Adultery and the Novel (Baltimore: Johns Hopkins UP).<person-group>
                  <string-name>
                     <surname>Tanner</surname>
                  </string-name>
               </person-group>
               <source>Adultery and the Novel</source>
               <year>1979</year>
            </mixed-citation>
         </ref>
         <ref id="d6006e1489a1310">
            <mixed-citation id="d6006e1493" publication-type="book">
Trilling, Lionel, 1972. Sincerity and Authenticity (London: Oxford UP).<person-group>
                  <string-name>
                     <surname>Trilling</surname>
                  </string-name>
               </person-group>
               <source>Sincerity and Authenticity</source>
               <year>1972</year>
            </mixed-citation>
         </ref>
         <ref id="d6006e1516a1310">
            <mixed-citation id="d6006e1520" publication-type="book">
Vernant, J.-P., and Vidal-Naquet, P., 1981. Tragedy and Myth in Ancient Greece, trans.
Janet Lloyd (Brighton: Harvester).<person-group>
                  <string-name>
                     <surname>Vernant</surname>
                  </string-name>
               </person-group>
               <source>Tragedy and Myth in Ancient Greece</source>
               <year>1981</year>
            </mixed-citation>
         </ref>
         <ref id="d6006e1545a1310">
            <mixed-citation id="d6006e1549" publication-type="book">
Vickers, Brian, 1973. Towards Greek Tragedy (London: Longman).<person-group>
                  <string-name>
                     <surname>Vickers</surname>
                  </string-name>
               </person-group>
               <source>Towards Greek Tragedy</source>
               <year>1973</year>
            </mixed-citation>
         </ref>
         <ref id="d6006e1571a1310">
            <mixed-citation id="d6006e1575" publication-type="book">
Winnington-Ingram, R.P., 1980. Sophocles: An Interpretation (Cambridge: Cambridge UP).<person-group>
                  <string-name>
                     <surname>Winnington-Ingram</surname>
                  </string-name>
               </person-group>
               <source>Sophocles: An Interpretation</source>
               <year>1980</year>
            </mixed-citation>
         </ref>
         <ref id="d6006e1597a1310">
            <mixed-citation id="d6006e1601" publication-type="book">
Woolf, Virginia, 1966. Collected Essays, Vol. 2 (London: Hogarth Press).<person-group>
                  <string-name>
                     <surname>Woolf</surname>
                  </string-name>
               </person-group>
               <volume>2</volume>
               <source>Collected Essays</source>
               <year>1966</year>
            </mixed-citation>
         </ref>
      </ref-list>
   </back>
</article>
