<article dtd-version="1.0" article-type="research-article">
   <front>
      <journal-meta>
         <journal-id xmlns:xlink="http://www.w3.org/1999/xlink" journal-id-type="jstor">poeticstoday</journal-id>
         <journal-id xmlns:xlink="http://www.w3.org/1999/xlink" journal-id-type="jstor">j100659</journal-id>
         <journal-title-group xmlns:xlink="http://www.w3.org/1999/xlink">
            <journal-title>Poetics Today</journal-title>
         </journal-title-group>
         <publisher>
            <publisher-name>Porter Institute for Poetics and Semiotics</publisher-name>
         </publisher>
         <issn xmlns:xlink="http://www.w3.org/1999/xlink" pub-type="ppub">03335372</issn>
         <issn xmlns:xlink="http://www.w3.org/1999/xlink" pub-type="epub">15275507</issn>
      </journal-meta>
      <article-meta>
         <article-id xmlns:xlink="http://www.w3.org/1999/xlink" pub-id-type="doi">10.2307/1772048</article-id>
         <title-group>
            <article-title>E.E. Cummings: A Study of the Poetic Use of Deviant Morphology</article-title>
         </title-group>
         <contrib-group>
            <contrib contrib-type="author">
               <string-name xmlns:xlink="http://www.w3.org/1999/xlink">
                  <given-names>Richard D.</given-names>
                  <surname>Cureton</surname>
               </string-name>
            </contrib>
         </contrib-group>
         <pub-date xmlns:xlink="http://www.w3.org/1999/xlink">
            <day>1</day>
            <month>10</month>
            <year>1979</year>
         </pub-date>
         <volume>1</volume>
         <issue>1/2</issue>
         <issue-id xmlns:xlink="http://www.w3.org/1999/xlink">i303047</issue-id>
         <fpage>213</fpage>
         <lpage>244</lpage>
         <page-range>213-244</page-range>
         <permissions>
            <copyright-statement>Copyright The Porter Institute for Poetics and Semiotics, Tel Aviv University</copyright-statement>
         </permissions>
         <self-uri xmlns:xlink="http://www.w3.org/1999/xlink"
                   xlink:href="http://www.jstor.org/stable/1772048"/>
         <custom-meta-group xmlns:xlink="http://www.w3.org/1999/xlink">
            <custom-meta>
               <meta-name>lang</meta-name>
               <meta-value>eng</meta-value>
            </custom-meta>
         </custom-meta-group>
      </article-meta>
   </front>
   <back>
      <fn-group xmlns:xlink="http://www.w3.org/1999/xlink">
         <title>[Footnotes]</title>
         <fn id="d3211e114a1310">
            <label>4</label>
            <p>
               <mixed-citation id="d3211e121" publication-type="book">
Brace, &amp; Jovanovich's Complete
Poems: 1913-1963 for each word discussed<person-group>
                     <string-name>
                        <surname>Brace</surname>
                     </string-name>
                  </person-group>
                  <source>Complete Poems: 1913-1963</source>
               </mixed-citation>
            </p>
            <p>
               <mixed-citation id="d3211e142" publication-type="other">
unanimal (620)</mixed-citation>
            </p>
         </fn>
      </fn-group>
      <ref-list>
         <title>Bibliography</title>
         <ref id="d3211e158a1310">
            <mixed-citation id="d3211e162" publication-type="book">
BAUM, S.V., ed., 1962. ESTI: E.E.C.: E.E. Cummings and the Critics. (East Lansing,
Michigan: Michigan UP).<person-group>
                  <string-name xmlns:xlink="http://www.w3.org/1999/xlink">
                     <surname>Baum</surname>
                  </string-name>
               </person-group>
               <source>ESTI: E.E. Cummings and the Critics</source>
               <year>1962</year>
            </mixed-citation>
         </ref>
         <ref id="d3211e187a1310">
            <mixed-citation id="d3211e191" publication-type="book">
CUMMINGS, E.E., 1972. Complete Poems 1913-1962. (New York: Harcourt, Brace, &amp;
Jovanovich).<person-group>
                  <string-name xmlns:xlink="http://www.w3.org/1999/xlink">
                     <surname>Cummings</surname>
                  </string-name>
               </person-group>
               <source>Complete Poems 1913-1962</source>
               <year>1972</year>
            </mixed-citation>
         </ref>
         <ref id="d3211e216a1310">
            <mixed-citation id="d3211e220" publication-type="book">
CUMMINGS, E.E., 1972. The Enormous Room. (New York: Boni &amp; Liveright).<person-group>
                  <string-name xmlns:xlink="http://www.w3.org/1999/xlink">
                     <surname>Cummings</surname>
                  </string-name>
               </person-group>
               <source>The Enormous Room</source>
               <year>1972</year>
            </mixed-citation>
         </ref>
         <ref id="d3211e242a1310">
            <mixed-citation id="d3211e246" publication-type="book">
CUMMINGS, E.E., 1962. Six Nonlectures. (Cambridge, Massachusetts: Harvard UP).<person-group>
                  <string-name xmlns:xlink="http://www.w3.org/1999/xlink">
                     <surname>Cummings</surname>
                  </string-name>
               </person-group>
               <source>Six Nonlectures</source>
               <year>1962</year>
            </mixed-citation>
         </ref>
         <ref id="d3211e269a1310">
            <mixed-citation id="d3211e273" publication-type="book">
FAIRLEY, IRENE P., 1975. E.E. Cummings and Ungrammar: A Study of Syntactic Deviance
in his Poems. (New York: Watermill Publishers).<person-group>
                  <string-name xmlns:xlink="http://www.w3.org/1999/xlink">
                     <surname>Fairley</surname>
                  </string-name>
               </person-group>
               <source>E.E. Cummings and Ungrammar: A Study of Syntactic Deviance in his Poems</source>
               <year>1975</year>
            </mixed-citation>
         </ref>
         <ref id="d3211e298a1310">
            <mixed-citation id="d3211e302" publication-type="book">
FIRMAGE, GEORGE J., ed., 1967. E.E. Cummings: Three Plays and a Ballet. (New York:
October House, Inc.).<person-group>
                  <string-name xmlns:xlink="http://www.w3.org/1999/xlink">
                     <surname>Firmage</surname>
                  </string-name>
               </person-group>
               <source>E.E. Cummings: Three Plays and a Ballet</source>
               <year>1967</year>
            </mixed-citation>
         </ref>
         <ref id="d3211e327a1310">
            <mixed-citation id="d3211e331" publication-type="book">
FRIEDMAN, NORMAN, 1960. E.E. Cummings: the Art of His Poetry. (Baltimore, Maryland:
The John Hopkins Press).<person-group>
                  <string-name xmlns:xlink="http://www.w3.org/1999/xlink">
                     <surname>Friedman</surname>
                  </string-name>
               </person-group>
               <source>E.E. Cummings: the Art of His Poetry</source>
               <year>1960</year>
            </mixed-citation>
         </ref>
         <ref id="d3211e356a1310">
            <mixed-citation id="d3211e360" publication-type="journal">
HENDRICKS, WILLIAM O., 1969. "Three Models for the Description of Poetry," Journal of
Linguistics 5, 1-22.<person-group>
                  <string-name xmlns:xlink="http://www.w3.org/1999/xlink">
                     <surname>Hendricks</surname>
                  </string-name>
               </person-group>
               <fpage>1</fpage>
               <volume>5</volume>
               <source>Journal of Linguistics</source>
               <year>1969</year>
            </mixed-citation>
         </ref>
         <ref id="d3211e392a1310">
            <mixed-citation id="d3211e396" publication-type="book">
LEVIN, S.R., 1964. "Poetry and Grammaticalness," in Proceedings of the Ninth
International Congress of Linguistics, H. Lunt, ed., Mouton, The Hague, 308-314.<person-group>
                  <string-name xmlns:xlink="http://www.w3.org/1999/xlink">
                     <surname>Levin</surname>
                  </string-name>
               </person-group>
               <comment content-type="section">Poetry and Grammaticalness</comment>
               <fpage>308</fpage>
               <source>Proceedings of the Ninth International Congress of Linguistics</source>
               <year>1964</year>
            </mixed-citation>
         </ref>
         <ref id="d3211e428a1310">
            <mixed-citation id="d3211e432" publication-type="journal">
LEVIN, S.R., 1965. "Internal and External Deviation in Poetry," Word, 21, 225-237.<person-group>
                  <string-name xmlns:xlink="http://www.w3.org/1999/xlink">
                     <surname>Levin</surname>
                  </string-name>
               </person-group>
               <fpage>225</fpage>
               <volume>21</volume>
               <source>Word</source>
               <year>1965</year>
            </mixed-citation>
         </ref>
         <ref id="d3211e462a1310">
            <mixed-citation id="d3211e466" publication-type="book">
MARKS, BARRY A., 1964. E.E. Cummings. (New York: Twayne Publishers, Inc.).<person-group>
                  <string-name xmlns:xlink="http://www.w3.org/1999/xlink">
                     <surname>Marks</surname>
                  </string-name>
               </person-group>
               <source>E.E. Cummings</source>
               <year>1964</year>
            </mixed-citation>
         </ref>
         <ref id="d3211e488a1310">
            <mixed-citation id="d3211e492" publication-type="book">
NORMAN, CHARLES, 1972. E.E. Cummings: The Magic-Maker. (Indianapolis, Indiana:
Boobs-Merrill Co.).<person-group>
                  <string-name xmlns:xlink="http://www.w3.org/1999/xlink">
                     <surname>Norman</surname>
                  </string-name>
               </person-group>
               <source>E.E. Cummings: The Magic-Maker</source>
               <year>1972</year>
            </mixed-citation>
         </ref>
         <ref id="d3211e517a1310">
            <mixed-citation id="d3211e521" publication-type="book">
QUIRK, RANDOLPH, et. al., 1972. A Grammar of Contemporary English. (New York: Seminar
Press).<person-group>
                  <string-name xmlns:xlink="http://www.w3.org/1999/xlink">
                     <surname>Quirk</surname>
                  </string-name>
               </person-group>
               <source>A Grammar of Contemporary English</source>
               <year>1972</year>
            </mixed-citation>
         </ref>
         <ref id="d3211e546a1310">
            <mixed-citation id="d3211e550" publication-type="journal">
THORNE, J.P., 1965. "Stylistics and Generative Grammar," Journal of Linguistics, 1, 49-59.<person-group>
                  <string-name xmlns:xlink="http://www.w3.org/1999/xlink">
                     <surname>Thorne</surname>
                  </string-name>
               </person-group>
               <fpage>49</fpage>
               <volume>1</volume>
               <source>Journal of Linguistics</source>
               <year>1965</year>
            </mixed-citation>
         </ref>
         <ref id="d3211e579a1310">
            <mixed-citation id="d3211e583" publication-type="journal">
THORNE, J.P., 1969. "Poetry, Stylistics, and Imaginary Grammars," Journal of Linguistics,
5, 147-150.<person-group>
                  <string-name xmlns:xlink="http://www.w3.org/1999/xlink">
                     <surname>Thorne</surname>
                  </string-name>
               </person-group>
               <fpage>147</fpage>
               <volume>5</volume>
               <source>Journal of Linguistics</source>
               <year>1969</year>
            </mixed-citation>
         </ref>
      </ref-list>
   </back>
</article>
