<article dtd-version="1.0" article-type="research-article">
   <front>
      <journal-meta>
         <journal-id xmlns:xlink="http://www.w3.org/1999/xlink" journal-id-type="jstor">poeticstoday</journal-id>
         <journal-id xmlns:xlink="http://www.w3.org/1999/xlink" journal-id-type="jstor">j100659</journal-id>
         <journal-title-group xmlns:xlink="http://www.w3.org/1999/xlink">
            <journal-title>Poetics Today</journal-title>
         </journal-title-group>
         <publisher>
            <publisher-name>Porter Institute for Poetics and Semiotics</publisher-name>
         </publisher>
         <issn xmlns:xlink="http://www.w3.org/1999/xlink" pub-type="ppub">03335372</issn>
         <issn xmlns:xlink="http://www.w3.org/1999/xlink" pub-type="epub">15275507</issn>
      </journal-meta>
      <article-meta>
         <article-id xmlns:xlink="http://www.w3.org/1999/xlink" pub-id-type="doi">10.2307/1772463</article-id>
         <title-group>
            <article-title>Performance and Perception</article-title>
         </title-group>
         <contrib-group>
            <contrib contrib-type="author">
               <string-name xmlns:xlink="http://www.w3.org/1999/xlink">
                  <given-names>Frank</given-names>
                  <surname>Coppieters</surname>
               </string-name>
            </contrib>
         </contrib-group>
         <pub-date xmlns:xlink="http://www.w3.org/1999/xlink">
            <day>1</day>
            <month>4</month>
            <year>1981</year>
         </pub-date>
         <volume>2</volume>
         <issue>3</issue>
         <issue-id xmlns:xlink="http://www.w3.org/1999/xlink">i303053</issue-id>
         <fpage>35</fpage>
         <lpage>48</lpage>
         <page-range>35-48</page-range>
         <permissions>
            <copyright-statement>Copyright The Porter Institute for Poetics and Semiotics Tel Aviv University</copyright-statement>
         </permissions>
         <self-uri xmlns:xlink="http://www.w3.org/1999/xlink"
                   xlink:href="http://www.jstor.org/stable/1772463"/>
         <custom-meta-group xmlns:xlink="http://www.w3.org/1999/xlink">
            <custom-meta>
               <meta-name>lang</meta-name>
               <meta-value>eng</meta-value>
            </custom-meta>
         </custom-meta-group>
      </article-meta>
   </front>
   <back>
      <fn-group xmlns:xlink="http://www.w3.org/1999/xlink">
         <title>[Footnotes]</title>
         <fn id="d26240e114a1310">
            <p>
               <mixed-citation id="d26240e118" publication-type="book">
ARGYLE, MICHAEL, 1975. Bodily Communication (London: Methuen).<person-group>
                     <string-name>
                        <surname>Argyle</surname>
                     </string-name>
                  </person-group>
                  <source>Bodily Communication</source>
                  <year>1975</year>
               </mixed-citation>
            </p>
         </fn>
         <fn id="d26240e140a1310">
            <p>
               <mixed-citation id="d26240e144" publication-type="book">
1976 "Non-Verbal Symbolic Actions: Gaze," in: Life Sentences, R. Harré, ed., (London:
Wiley).<person-group>
                     <string-name>
                        <surname>Harré</surname>
                     </string-name>
                  </person-group>
                  <comment content-type="section">Non-Verbal Symbolic Actions: Gaze</comment>
                  <source>Life Sentences</source>
                  <year>1976</year>
               </mixed-citation>
            </p>
         </fn>
         <fn id="d26240e173a1310">
            <p>
               <mixed-citation id="d26240e177" publication-type="book">
ARGYLE, MICHAEL and COOK, MARK, 1976. Gaze and Mutual Gaze (Cambridge UP).<person-group>
                     <string-name>
                        <surname>Argyle</surname>
                     </string-name>
                  </person-group>
                  <source>Gaze and Mutual Gaze</source>
                  <year>1976</year>
               </mixed-citation>
            </p>
         </fn>
         <fn id="d26240e199a1310">
            <p>
               <mixed-citation id="d26240e203" publication-type="book">
AUSTIN, J.L., 1965. How to Do Things with Words (New York: Oxford UP).<person-group>
                     <string-name>
                        <surname>Austin</surname>
                     </string-name>
                  </person-group>
                  <source>How to Do Things with Words</source>
                  <year>1965</year>
               </mixed-citation>
            </p>
         </fn>
         <fn id="d26240e226a1310">
            <p>
               <mixed-citation id="d26240e230" publication-type="book">
BECKERMAN, BERNARD, 1970. Dynamics of Drama (New York: Knopf).<person-group>
                     <string-name>
                        <surname>Beckerman</surname>
                     </string-name>
                  </person-group>
                  <source>Dynamics of Drama</source>
                  <year>1970</year>
               </mixed-citation>
            </p>
         </fn>
         <fn id="d26240e252a1310">
            <p>
               <mixed-citation id="d26240e256" publication-type="book">
BEN-PORAT, ZIVA, and HRUSHOVSKI, BENJAMIN, 1974. "Structuralist Poetics in Israel," in: Papers
on Poetics and Semiotics, No. 1 (Dept. of Poetics and Comparative Literature, Tel Aviv
University).<person-group>
                     <string-name>
                        <surname>Ben-Porat</surname>
                     </string-name>
                  </person-group>
                  <comment content-type="section">Structuralist Poetics in Israel</comment>
                  <source>Papers on Poetics and Semiotics</source>
                  <year>1974</year>
               </mixed-citation>
            </p>
         </fn>
         <fn id="d26240e288a1310">
            <p>
               <mixed-citation id="d26240e292" publication-type="book">
BERLYNE, D.E., 1971. Aesthetics and Psychobiology (New York: Appleton-Century-Crofts).<person-group>
                     <string-name>
                        <surname>Berlyne</surname>
                     </string-name>
                  </person-group>
                  <source>Aesthetics and Psychobiology</source>
                  <year>1971</year>
               </mixed-citation>
            </p>
         </fn>
         <fn id="d26240e314a1310">
            <p>
               <mixed-citation id="d26240e318" publication-type="book">
BRENNER, MICHAEL; MARSH, PETER; and BRENNER, MARILYN, eds., 1978. The Social Contexts of
Method (London: Croom Helm).<person-group>
                     <string-name>
                        <surname>Brenner</surname>
                     </string-name>
                  </person-group>
                  <source>The Social Contexts of Method</source>
                  <year>1978</year>
               </mixed-citation>
            </p>
         </fn>
         <fn id="d26240e343a1310">
            <p>
               <mixed-citation id="d26240e347" publication-type="book">
CAPRA, FRITJOF, 1975. The Tao of Physics (New York: Bantam).<person-group>
                     <string-name>
                        <surname>Capra</surname>
                     </string-name>
                  </person-group>
                  <source>The Tao of Physics</source>
                  <year>1975</year>
               </mixed-citation>
            </p>
         </fn>
         <fn id="d26240e369a1310">
            <p>
               <mixed-citation id="d26240e373" publication-type="book">
COPPIETERS, FRANK, 1976. "A Research Programme for Investigating Tragic Processes in Theater
Performances," Communication and Cognition 9, 77-86.<person-group>
                     <string-name>
                        <surname>Coppieters</surname>
                     </string-name>
                  </person-group>
                  <comment content-type="section">A Research Programme for Investigating Tragic Processes in Theater Performances</comment>
                  <fpage>77</fpage>
                  <volume>9</volume>
                  <source>Communication and Cognition</source>
                  <year>1976</year>
               </mixed-citation>
            </p>
         </fn>
         <fn id="d26240e409a1310">
            <p>
               <mixed-citation id="d26240e413" publication-type="other">
1977 Towards a Performance Theory of Environmental Theatre (Doctoral Thesis, University of
Antwerp).</mixed-citation>
            </p>
         </fn>
         <fn id="d26240e423a1310">
            <p>
               <mixed-citation id="d26240e427" publication-type="book">
CULLER, JONATHAN, 1976. Ferdinand de Saussure (Harmondsworth: Penguin).<person-group>
                     <string-name>
                        <surname>Culler</surname>
                     </string-name>
                  </person-group>
                  <source>Ferdinand de Saussure</source>
                  <year>1976</year>
               </mixed-citation>
            </p>
         </fn>
         <fn id="d26240e449a1310">
            <p>
               <mixed-citation id="d26240e453" publication-type="book">
GOFFMAN, ERVING, 1972 (1967). Interaction Ritual (Harmondsworth: Penguin).<person-group>
                     <string-name>
                        <surname>Goffman</surname>
                     </string-name>
                  </person-group>
                  <source>Interaction Ritual</source>
                  <year>1972</year>
               </mixed-citation>
            </p>
         </fn>
         <fn id="d26240e475a1310">
            <p>
               <mixed-citation id="d26240e479" publication-type="book">
1974 Frame Analysis (Harmondsworth: Penguin).<source>Frame Analysis</source>
                  <year>1974</year>
               </mixed-citation>
            </p>
         </fn>
         <fn id="d26240e492a1310">
            <p>
               <mixed-citation id="d26240e496" publication-type="other">
GOOSSENS, MARC, 1978. Accounts over Reindeer Werk (Licentiate Thesis, University of Antwerp).</mixed-citation>
            </p>
         </fn>
         <fn id="d26240e503a1310">
            <p>
               <mixed-citation id="d26240e507" publication-type="book">
GROTOWSKI, JERZY, 1968. Towards a Poor Theatre (New York: Simon &amp; Schuster).<person-group>
                     <string-name>
                        <surname>Grotowski</surname>
                     </string-name>
                  </person-group>
                  <source>Towards a Poor Theatre</source>
                  <year>1968</year>
               </mixed-citation>
            </p>
         </fn>
         <fn id="d26240e530a1310">
            <p>
               <mixed-citation id="d26240e534" publication-type="book">
HARRE, ROM, 1974. "Blueprint for a New Science," in: N. Armistead, ed., Reconstructing Social
Psychology (Harmondsworth: Penguin).<person-group>
                     <string-name>
                        <surname>Harré</surname>
                     </string-name>
                  </person-group>
                  <comment content-type="section">Blueprint for a New Science</comment>
                  <source>Reconstructing Social Psychology</source>
                  <year>1974</year>
               </mixed-citation>
            </p>
         </fn>
         <fn id="d26240e563a1310">
            <p>
               <mixed-citation id="d26240e567" publication-type="book">
1976 Life Sentences (London: Wiley).  </mixed-citation>
            </p>
         </fn>
         <fn id="d26240e576a1310">
            <p>
               <mixed-citation id="d26240e580" publication-type="other">
1977 Antwerp Lectures (mimeo).</mixed-citation>
            </p>
         </fn>
         <fn id="d26240e587a1310">
            <p>
               <mixed-citation id="d26240e591" publication-type="book">
HARRIE, ROM and SECORD, P.F., 1972. The Explanation of Social Behaviour (Oxford: Blackwell).<person-group>
                     <string-name>
                        <surname>Harrie</surname>
                     </string-name>
                  </person-group>
                  <source>The Explanation of Social Behaviour</source>
                  <year>1972</year>
               </mixed-citation>
            </p>
         </fn>
         <fn id="d26240e613a1310">
            <p>
               <mixed-citation id="d26240e617" publication-type="book">
HAYMAN, RONALD, 1973. The Set-Up (London: Methuen).<person-group>
                     <string-name>
                        <surname>Hayman</surname>
                     </string-name>
                  </person-group>
                  <source>The Set-Up</source>
                  <year>1973</year>
               </mixed-citation>
            </p>
         </fn>
         <fn id="d26240e639a1310">
            <p>
               <mixed-citation id="d26240e643" publication-type="journal">
HRUSHOVSKI, BENJAMIN, 1976a. "Poetics, Criticism, Science," PTL 1, iii-xxxv.<person-group>
                     <string-name>
                        <surname>Hrushovski</surname>
                     </string-name>
                  </person-group>
                  <fpage>iii</fpage>
                  <volume>1</volume>
                  <source>PTL</source>
                  <year>1976</year>
               </mixed-citation>
            </p>
         </fn>
         <fn id="d26240e673a1310">
            <p>
               <mixed-citation id="d26240e677" publication-type="book">
1976b "Segmentation and Motivation in the Text Continuum of Literary Prose: The First
Episode of War and Peace," in: Papers on Poetics and Semiotics, No. 5 (The Porter
Institute for Poetics and Semiotics, Tel-Aviv University).<source>Papers on Poetics and Semiotics</source>
                  <year>1976</year>
               </mixed-citation>
            </p>
         </fn>
         <fn id="d26240e696a1310">
            <p>
               <mixed-citation id="d26240e700" publication-type="book">
KAHN, ROBERT and CANNELL, CHARLES, 1957. The Dynamics of Interviewing (New York: Wiley).<person-group>
                     <string-name>
                        <surname>Kahn</surname>
                     </string-name>
                  </person-group>
                  <source>The Dynamics of Interviewing</source>
                  <year>1957</year>
               </mixed-citation>
            </p>
         </fn>
         <fn id="d26240e722a1310">
            <p>
               <mixed-citation id="d26240e726" publication-type="book">
LYMAN, STANFORD and SCOTT, MARVIN. 1970. A Sociology, of the Absurd (Pacific Palisades:
Goodyear).<person-group>
                     <string-name>
                        <surname>Lyman</surname>
                     </string-name>
                  </person-group>
                  <source>A Sociology, of the Absurd</source>
                  <year>1970</year>
               </mixed-citation>
            </p>
         </fn>
         <fn id="d26240e751a1310">
            <p>
               <mixed-citation id="d26240e755" publication-type="book">
MARSH, PETER; ROSSER, ELISABETH: and HARRE, ROM, 1978. The Rules of Disorder (London:
(Routledge &amp; Kegan Paul).<person-group>
                     <string-name>
                        <surname>Marsh</surname>
                     </string-name>
                  </person-group>
                  <source>The Rules of Disorder</source>
                  <year>1978</year>
               </mixed-citation>
            </p>
         </fn>
         <fn id="d26240e780a1310">
            <p>
               <mixed-citation id="d26240e784" publication-type="other">
MICHIELSEN, SREET, 1978. Licentiate thesis.</mixed-citation>
            </p>
         </fn>
         <fn id="d26240e791a1310">
            <p>
               <mixed-citation id="d26240e795" publication-type="other">
PATTOOR, BART, 1980. Licentiate thesis.</mixed-citation>
            </p>
         </fn>
         <fn id="d26240e803a1310">
            <p>
               <mixed-citation id="d26240e807" publication-type="other">
WUYTS, AN, 1978. Accounts over Reindeer Werk (Licentiate Thesis).</mixed-citation>
            </p>
         </fn>
      </fn-group>
   </back>
</article>
