<article dtd-version="1.0" article-type="research-article">
   <front>
      <journal-meta>
         <journal-id xmlns:xlink="http://www.w3.org/1999/xlink" journal-id-type="jstor">poeticstoday</journal-id>
         <journal-id xmlns:xlink="http://www.w3.org/1999/xlink" journal-id-type="jstor">j100659</journal-id>
         <journal-title-group xmlns:xlink="http://www.w3.org/1999/xlink">
            <journal-title>Poetics Today</journal-title>
         </journal-title-group>
         <publisher>
            <publisher-name>Porter Institute for Poetics and Semiotics</publisher-name>
         </publisher>
         <issn xmlns:xlink="http://www.w3.org/1999/xlink" pub-type="ppub">03335372</issn>
         <issn xmlns:xlink="http://www.w3.org/1999/xlink" pub-type="epub">15275507</issn>
      </journal-meta>
      <article-meta>
         <article-id xmlns:xlink="http://www.w3.org/1999/xlink" pub-id-type="doi">10.2307/1772123</article-id>
         <article-categories>
            <subj-group>
               <subject>Death</subject>
            </subj-group>
         </article-categories>
         <title-group>
            <article-title>Dangling Virgins: Myth, Ritual and the Place of Women in Ancient Greece</article-title>
         </title-group>
         <contrib-group>
            <contrib contrib-type="author">
               <string-name xmlns:xlink="http://www.w3.org/1999/xlink">
                  <given-names>Eva</given-names>
                  <surname>Cantarella</surname>
               </string-name>
            </contrib>
         </contrib-group>
         <pub-date xmlns:xlink="http://www.w3.org/1999/xlink">
            <day>1</day>
            <month>1</month>
            <year>1985</year>
         </pub-date>
         <volume>6</volume>
         <issue>1/2</issue>
         <issue-id xmlns:xlink="http://www.w3.org/1999/xlink">i303067</issue-id>
         <fpage>91</fpage>
         <lpage>101</lpage>
         <page-range>91-101</page-range>
         <permissions>
            <copyright-statement>Copyright The Porter Institute for Poetics and Semiotics Tel Aviv University</copyright-statement>
         </permissions>
         <self-uri xmlns:xlink="http://www.w3.org/1999/xlink"
                   xlink:href="http://www.jstor.org/stable/1772123"/>
         <custom-meta-group xmlns:xlink="http://www.w3.org/1999/xlink">
            <custom-meta>
               <meta-name>lang</meta-name>
               <meta-value>eng</meta-value>
            </custom-meta>
         </custom-meta-group>
      </article-meta>
   </front>
   <back>
      <fn-group xmlns:xlink="http://www.w3.org/1999/xlink">
         <title>[Footnotes]</title>
         <fn id="d44142e123a1310">
            <label>2</label>
            <p>
               <mixed-citation id="d44142e130" publication-type="book">
Pomeroy (1975)  </mixed-citation>
            </p>
            <p>
               <mixed-citation id="d44142e138" publication-type="book">
Boulding (1975:244)  <fpage>244</fpage>
               </mixed-citation>
            </p>
            <p>
               <mixed-citation id="d44142e149" publication-type="other">
Shaps (1979)</mixed-citation>
            </p>
            <p>
               <mixed-citation id="d44142e156" publication-type="book">
Lefkowitz (1981)  </mixed-citation>
            </p>
            <p>
               <mixed-citation id="d44142e164" publication-type="other">
Lefkowitz and Fant (1982)</mixed-citation>
            </p>
            <p>
               <mixed-citation id="d44142e170" publication-type="book">
Cantarella (1981)  </mixed-citation>
            </p>
         </fn>
         <fn id="d44142e179a1310">
            <label>3</label>
            <p>
               <mixed-citation id="d44142e186" publication-type="book">
Brelich (1969:444, n. 2)  </mixed-citation>
            </p>
         </fn>
         <fn id="d44142e195a1310">
            <label>4</label>
            <p>
               <mixed-citation id="d44142e202" publication-type="book">
King (1983)  </mixed-citation>
            </p>
            <p>
               <mixed-citation id="d44142e210" publication-type="book">
Loraux (1984a and 1984b)  </mixed-citation>
            </p>
         </fn>
         <fn id="d44142e219a1310">
            <label>5</label>
            <p>
               <mixed-citation id="d44142e226" publication-type="book">
Usener (1875:182)  </mixed-citation>
            </p>
            <p>
               <mixed-citation id="d44142e234" publication-type="book">
Jeanmaire (1939:
407 sq.)  </mixed-citation>
            </p>
            <p>
               <mixed-citation id="d44142e245" publication-type="book">
Nilsson (1967:460)  <fpage>460</fpage>
               </mixed-citation>
            </p>
            <p>
               <mixed-citation id="d44142e257" publication-type="book">
Brelich (1969:428,443)  <fpage>428</fpage>
               </mixed-citation>
            </p>
            <p>
               <mixed-citation id="d44142e268" publication-type="book">
Gernet (1968:231)  <fpage>231</fpage>
               </mixed-citation>
            </p>
         </fn>
         <fn id="d44142e281a1310">
            <label>6</label>
            <p>
               <mixed-citation id="d44142e288" publication-type="other">
Et. M. 42, 3 (aiora)</mixed-citation>
            </p>
            <p>
               <mixed-citation id="d44142e294" publication-type="other">
Hesych. aletis</mixed-citation>
            </p>
            <p>
               <mixed-citation id="d44142e300" publication-type="other">
Hyg. Fab. 122</mixed-citation>
            </p>
            <p>
               <mixed-citation id="d44142e307" publication-type="other">
Paus. 2, 18, 6-7</mixed-citation>
            </p>
            <p>
               <mixed-citation id="d44142e313" publication-type="other">
FgrH
239 A 25</mixed-citation>
            </p>
            <p>
               <mixed-citation id="d44142e322" publication-type="other">
Apollod. Bibl. 3, 14, 7</mixed-citation>
            </p>
            <p>
               <mixed-citation id="d44142e328" publication-type="other">
Hyg. Fab. 130</mixed-citation>
            </p>
            <p>
               <mixed-citation id="d44142e334" publication-type="other">
Ael. V.H. 7, 28</mixed-citation>
            </p>
         </fn>
         <fn id="d44142e341a1310">
            <label>7</label>
            <p>
               <mixed-citation id="d44142e348" publication-type="other">
Voisin (1979:422)</mixed-citation>
            </p>
         </fn>
         <fn id="d44142e355a1310">
            <label>8</label>
            <p>
               <mixed-citation id="d44142e362" publication-type="book">
Van Gennep (1909)  </mixed-citation>
            </p>
            <p>
               <mixed-citation id="d44142e370" publication-type="book">
Eliade (1958)  </mixed-citation>
            </p>
            <p>
               <mixed-citation id="d44142e378" publication-type="book">
Brelich (1961 and 1969)  </mixed-citation>
            </p>
            <p>
               <mixed-citation id="d44142e387" publication-type="book">
Gluckman (1962)  </mixed-citation>
            </p>
         </fn>
         <fn id="d44142e396a1310">
            <label>9</label>
            <p>
               <mixed-citation id="d44142e403" publication-type="book">
Brelich (1969:29)  <fpage>29</fpage>
               </mixed-citation>
            </p>
         </fn>
         <fn id="d44142e415a1310">
            <label>10</label>
            <p>
               <mixed-citation id="d44142e422" publication-type="book">
Calame (1977 and 1982)  </mixed-citation>
            </p>
            <p>
               <mixed-citation id="d44142e430" publication-type="journal">
Lincoln
(1979 and 1981)  </mixed-citation>
            </p>
         </fn>
         <fn id="d44142e442a1310">
            <label>11</label>
            <p>
               <mixed-citation id="d44142e449" publication-type="other">
Lincoln (1972 and 1981)</mixed-citation>
            </p>
            <p>
               <mixed-citation id="d44142e455" publication-type="journal">
Chirassi Colombo (1979)  </mixed-citation>
            </p>
         </fn>
         <fn id="d44142e465a1310">
            <label>12</label>
            <p>
               <mixed-citation id="d44142e472" publication-type="book">
Jeanmaire (1939:408)  <fpage>408</fpage>
               </mixed-citation>
            </p>
         </fn>
         <fn id="d44142e484a1310">
            <label>13</label>
            <p>
               <mixed-citation id="d44142e491" publication-type="other">
Daremberg and Saglio, s.v. aiora.</mixed-citation>
            </p>
         </fn>
         <fn id="d44142e498a1310">
            <label>14</label>
            <p>
               <mixed-citation id="d44142e505" publication-type="book">
Lefkowitz (1981:12)  <fpage>12</fpage>
               </mixed-citation>
            </p>
            <p>
               <mixed-citation id="d44142e516" publication-type="other">
Campese-Manuli-Sissa (1983:149)</mixed-citation>
            </p>
            <p>
               <mixed-citation id="d44142e522" publication-type="book">
King (1983:109)  <fpage>109</fpage>
               </mixed-citation>
            </p>
         </fn>
         <fn id="d44142e534a1310">
            <label>15</label>
            <p>
               <mixed-citation id="d44142e541" publication-type="book">
Loraux (1981)  </mixed-citation>
            </p>
         </fn>
         <fn id="d44142e550a1310">
            <label>16</label>
            <p>
               <mixed-citation id="d44142e557" publication-type="book">
Bachofen (1948)  </mixed-citation>
            </p>
         </fn>
         <fn id="d44142e566a1310">
            <label>17</label>
            <p>
               <mixed-citation id="d44142e573" publication-type="book">
Schaps (1979:25)  <fpage>25</fpage>
               </mixed-citation>
            </p>
         </fn>
         <fn id="d44142e586a1310">
            <label>18</label>
            <p>
               <mixed-citation id="d44142e593" publication-type="other">
Justinian's Corpus luris Civilis (Digesta 7, 1, 68 pr.)</mixed-citation>
            </p>
            <p>
               <mixed-citation id="d44142e599" publication-type="other">
Digesta 22, 1, 28 pr.</mixed-citation>
            </p>
         </fn>
      </fn-group>
      <ref-list>
         <title>References</title>
         <ref id="d44142e615a1310">
            <mixed-citation id="d44142e619" publication-type="book">
Bachofen,JJ., 1948 (1861). DasMutterrecht (Basel: K. Meuli).<person-group>
                  <string-name xmlns:xlink="http://www.w3.org/1999/xlink">
                     <surname>Bachofen</surname>
                  </string-name>
               </person-group>
               <source>DasMutterrecht</source>
            </mixed-citation>
         </ref>
         <ref id="d44142e638a1310">
            <mixed-citation id="d44142e642" publication-type="book">
Boulding, E., 1975. The Underside of History (Boulder, Colorado: Westview).<person-group>
                  <string-name xmlns:xlink="http://www.w3.org/1999/xlink">
                     <surname>Boulding</surname>
                  </string-name>
               </person-group>
               <source>The Underside of History</source>
               <year>1975</year>
            </mixed-citation>
         </ref>
         <ref id="d44142e664a1310">
            <mixed-citation id="d44142e668" publication-type="journal">
Brelich, A., 1961. "The Historical Development of the Institution of Initiation in Classical
Age," Acta Antiqua 9, 3-4:267-283.<person-group>
                  <string-name xmlns:xlink="http://www.w3.org/1999/xlink">
                     <surname>Brelich</surname>
                  </string-name>
               </person-group>
               <issue>3</issue>
               <fpage>267</fpage>
               <volume>9</volume>
               <source>Acta Antiqua</source>
               <year>1961</year>
            </mixed-citation>
            <mixed-citation id="d44142e702" publication-type="book">
---. 1969 Paides e Parthenoi (Rome: Ateneo).<person-group>
                  <string-name xmlns:xlink="http://www.w3.org/1999/xlink">
                     <surname>Brelich</surname>
                  </string-name>
               </person-group>
               <source>Paides e Parthenoi</source>
               <year>1969</year>
            </mixed-citation>
         </ref>
         <ref id="d44142e724a1310">
            <mixed-citation id="d44142e728" publication-type="book">
Burkert, W., 1972. Homo necans: Interpretation altgriechischer Opferriten und Mythen
(Berlin: Walter de Gruyter).<person-group>
                  <string-name xmlns:xlink="http://www.w3.org/1999/xlink">
                     <surname>Burkert</surname>
                  </string-name>
               </person-group>
               <source>Homo necans: Interpretation altgriechischer Opferriten und Mythen</source>
               <year>1972</year>
            </mixed-citation>
         </ref>
         <ref id="d44142e754a1310">
            <mixed-citation id="d44142e758" publication-type="book">
Calame, C., 1977. Les choeurs de jeunes filles en Grece archaique (Rome: Ateneo).<person-group>
                  <string-name xmlns:xlink="http://www.w3.org/1999/xlink">
                     <surname>Calame</surname>
                  </string-name>
               </person-group>
               <source>Les choeurs de jeunes filles en Grece archaique</source>
               <year>1977</year>
            </mixed-citation>
         </ref>
         <ref id="d44142e780a1310">
            <mixed-citation id="d44142e784" publication-type="book">
---. 1981 "Hdlkne (le culte d')," in: Dictionnaire de Mythologies (Paris: Flammarion).<person-group>
                  <string-name xmlns:xlink="http://www.w3.org/1999/xlink">
                     <surname>Calame</surname>
                  </string-name>
               </person-group>
               <comment content-type="section">Hdlkne (le culte d')</comment>
               <source>Dictionnaire de Mythologies</source>
               <year>1981</year>
            </mixed-citation>
         </ref>
         <ref id="d44142e809a1310">
            <mixed-citation id="d44142e813" publication-type="book">
Campese, S., P. Manuli and G. Sissa, 1983. Madre materia: Sociologia e biologia della donna
greca (Torino: Boringhieri).<person-group>
                  <string-name xmlns:xlink="http://www.w3.org/1999/xlink">
                     <surname>Campese</surname>
                  </string-name>
               </person-group>
               <source>Madre materia: Sociologia e biologia della donna greca</source>
               <year>1983</year>
            </mixed-citation>
         </ref>
         <ref id="d44142e838a1310">
            <mixed-citation id="d44142e842" publication-type="book">
Cantarella, E., 1981. L 'ambiguo malanno: Condizione e immagine della donna nell'antichita
greca e romana (Rome: Editori Riuniti).<person-group>
                  <string-name xmlns:xlink="http://www.w3.org/1999/xlink">
                     <surname>Cantarella</surname>
                  </string-name>
               </person-group>
               <source>L 'ambiguo malanno: Condizione e immagine della donna nell'antichita greca e romana</source>
               <year>1981</year>
            </mixed-citation>
         </ref>
         <ref id="d44142e867a1310">
            <mixed-citation id="d44142e871" publication-type="journal">
Chirassi Colombo, I., 1979. "Paides e gynaikes: note per una tassonomia del comportamento
rituale nella cultura antica," Quaderni urbinati di cultura classica 30, 25.<person-group>
                  <string-name xmlns:xlink="http://www.w3.org/1999/xlink">
                     <surname>Colombo</surname>
                  </string-name>
               </person-group>
               <fpage>25</fpage>
               <volume>30</volume>
               <source>Quaderni urbinati di cultura classica</source>
               <year>1979</year>
            </mixed-citation>
         </ref>
         <ref id="d44142e903a1310">
            <mixed-citation id="d44142e907" publication-type="book">
Daremberg, C. and E. Saglio, 1877 sq. "Dictionnaire des antiquitees grecques et romaines"
(Paris: Hachette).<person-group>
                  <string-name xmlns:xlink="http://www.w3.org/1999/xlink">
                     <surname>Daremberg</surname>
                  </string-name>
               </person-group>
               <source>Dictionnaire des antiquitees grecques et romaines</source>
               <year>1877</year>
            </mixed-citation>
         </ref>
         <ref id="d44142e933a1310">
            <mixed-citation id="d44142e937" publication-type="book">
Deubner, L., 1956. Attische Feste (Berlin: Akademische Verlag).<person-group>
                  <string-name xmlns:xlink="http://www.w3.org/1999/xlink">
                     <surname>Deubner</surname>
                  </string-name>
               </person-group>
               <source>Attische Feste</source>
               <year>1956</year>
            </mixed-citation>
         </ref>
         <ref id="d44142e959a1310">
            <mixed-citation id="d44142e963" publication-type="book">
Eliade, M., 1958. Birth and Rebirth: The Religious Meanings of Initiation in Human Culture
(New York: Harper).<person-group>
                  <string-name xmlns:xlink="http://www.w3.org/1999/xlink">
                     <surname>Eliade</surname>
                  </string-name>
               </person-group>
               <source>Birth and Rebirth: The Religious Meanings of Initiation in Human Culture</source>
               <year>1958</year>
            </mixed-citation>
         </ref>
         <ref id="d44142e988a1310">
            <mixed-citation id="d44142e992" publication-type="book">
Gernet, L., 1968. Anthropologie de la Grace antique (Paris: Maspero).<person-group>
                  <string-name xmlns:xlink="http://www.w3.org/1999/xlink">
                     <surname>Gernet</surname>
                  </string-name>
               </person-group>
               <source>Anthropologie de la Grace antique</source>
               <year>1968</year>
            </mixed-citation>
         </ref>
         <ref id="d44142e1014a1310">
            <mixed-citation id="d44142e1018" publication-type="book">
Gluckman, M., ed., 1962. Les rites de passage: Essays on the Ritual of Social Relations
(Manchester: University of Manchester Press).<person-group>
                  <string-name xmlns:xlink="http://www.w3.org/1999/xlink">
                     <surname>Gluckman</surname>
                  </string-name>
               </person-group>
               <source>Les rites de passage: Essays on the Ritual of Social Relations</source>
               <year>1962</year>
            </mixed-citation>
         </ref>
         <ref id="d44142e1043a1310">
            <mixed-citation id="d44142e1047" publication-type="book">
Jeanmaire, H., 1939. Couroi et courites: essai sur l'education spartiate et sur les rites
d'adolescence dans l'antiquite hellenique (Lille: Bibliothèque universitaire).<person-group>
                  <string-name xmlns:xlink="http://www.w3.org/1999/xlink">
                     <surname>Jeanmaire</surname>
                  </string-name>
               </person-group>
               <source>Couroi et courites: essai sur l'education spartiate et sur les rites d'adolescence dans l'antiquite hellenique</source>
               <year>1939</year>
            </mixed-citation>
         </ref>
         <ref id="d44142e1072a1310">
            <mixed-citation id="d44142e1076" publication-type="book">
Jones, J.W., 1956. The Law and Legal Theory of the Greeks (Oxford: Clarendon).<person-group>
                  <string-name xmlns:xlink="http://www.w3.org/1999/xlink">
                     <surname>Jones</surname>
                  </string-name>
               </person-group>
               <source>The Law and Legal Theory of the Greeks</source>
               <year>1956</year>
            </mixed-citation>
         </ref>
         <ref id="d44142e1099a1310">
            <mixed-citation id="d44142e1103" publication-type="book">
King, H., 1983. "Bound to bleed: Arthemis and Greek women," in: A. Cameron, A. Kuhrt,
eds., Images of Women in Antiquity (London/Camberra: Croom Helm).<person-group>
                  <string-name xmlns:xlink="http://www.w3.org/1999/xlink">
                     <surname>King</surname>
                  </string-name>
               </person-group>
               <comment content-type="section">Bound to bleed: Arthemis and Greek women</comment>
               <source>Images of Women in Antiquity</source>
               <year>1983</year>
            </mixed-citation>
         </ref>
         <ref id="d44142e1132a1310">
            <mixed-citation id="d44142e1136" publication-type="book">
Lacey, W.K., 1968. The Family in Classical Greece (London: Thames and Hudson).<person-group>
                  <string-name xmlns:xlink="http://www.w3.org/1999/xlink">
                     <surname>Lacey</surname>
                  </string-name>
               </person-group>
               <source>The Family in Classical Greece</source>
               <year>1968</year>
            </mixed-citation>
         </ref>
         <ref id="d44142e1158a1310">
            <mixed-citation id="d44142e1162" publication-type="book">
Lefkowitz, M., 1981. Heroines and Hysterics (London: Duckworth).<person-group>
                  <string-name xmlns:xlink="http://www.w3.org/1999/xlink">
                     <surname>Lefkowitz</surname>
                  </string-name>
               </person-group>
               <source>Heroines and Hysterics</source>
               <year>1981</year>
            </mixed-citation>
         </ref>
         <ref id="d44142e1184a1310">
            <mixed-citation id="d44142e1188" publication-type="book">
Lefkowitz, M. and M.B. Fant, 1982. Women's Life in Greece and Rome (London: Duck-
worth).<person-group>
                  <string-name xmlns:xlink="http://www.w3.org/1999/xlink">
                     <surname>Lefkowitz</surname>
                  </string-name>
               </person-group>
               <source>Women's Life in Greece and Rome</source>
               <year>1982</year>
            </mixed-citation>
         </ref>
         <ref id="d44142e1213a1310">
            <mixed-citation id="d44142e1217" publication-type="journal">
Lincoln, B., 1979. "The Rape of Persephone: a Greek Scenario of Women's Initiation,"
Harvard Theological Review 72:3-4, 223-235.<object-id pub-id-type="jstor">10.2307/1509722</object-id>
               <fpage>223</fpage>
            </mixed-citation>
            <mixed-citation id="d44142e1232" publication-type="book">
---. 1981 Emerging from the Chrysalis: Studies in Rituals of Women's Inttiation (Cambridge,
Massachusetts: Harvard UP).<person-group>
                  <string-name xmlns:xlink="http://www.w3.org/1999/xlink">
                     <surname>Lincoln</surname>
                  </string-name>
               </person-group>
               <source>Emerging from the Chrysalis: Studies in Rituals of Women's Inttiation</source>
               <year>1981</year>
            </mixed-citation>
         </ref>
         <ref id="d44142e1257a1310">
            <mixed-citation id="d44142e1261" publication-type="book">
Loraux, N., 1981. Les enfants d'Athena. Iddes atheniennes sur la citoyennete et la division
des sexes (Paris: Maspero).<person-group>
                  <string-name xmlns:xlink="http://www.w3.org/1999/xlink">
                     <surname>Loraux</surname>
                  </string-name>
               </person-group>
               <source>Les enfants d'Athena. Iddes atheniennes sur la citoyennete et la division des sexes</source>
               <year>1981</year>
            </mixed-citation>
            <mixed-citation id="d44142e1285" publication-type="book">
---. 1984a "Epouses tragiques, epouses mortes. La mort des femmes dans la tragedie
grecque," in: La femme et la mort (Travaux Univ. Toulouse-Le Mirail) Sirie A,
No. 27.<person-group>
                  <string-name xmlns:xlink="http://www.w3.org/1999/xlink">
                     <surname>Loraux</surname>
                  </string-name>
               </person-group>
               <comment content-type="section">Epouses tragiques, epouses mortes. La mort des femmes dans la tragedie grecque</comment>
               <source>La femme et la mort</source>
               <year>1984</year>
            </mixed-citation>
            <mixed-citation id="d44142e1316" publication-type="book">
---. 1984b "Le corps etrangle," in: Actes de la Table Ronde: "Du chatiment dans la cith.
Supplice corporel et peine de mort dans le monde antique" (Roma: Ecole Française
de Rome).<person-group>
                  <string-name xmlns:xlink="http://www.w3.org/1999/xlink">
                     <surname>Loraux</surname>
                  </string-name>
               </person-group>
               <comment content-type="section">Le corps etrangle</comment>
               <source>Actes de la Table Ronde: "Du chatiment dans la cith. Supplice corporel et peine de mort dans le monde antique</source>
               <year>1984</year>
            </mixed-citation>
         </ref>
         <ref id="d44142e1349a1310">
            <mixed-citation id="d44142e1353" publication-type="book">
Nilsson, M.P., 1967. Geschichte der Griechischen Religion (Third edition, Munich: Beck).<person-group>
                  <string-name xmlns:xlink="http://www.w3.org/1999/xlink">
                     <surname>Nilsson</surname>
                  </string-name>
               </person-group>
               <edition>3</edition>
               <source>Geschichte der Griechischen Religion</source>
               <year>1967</year>
            </mixed-citation>
         </ref>
         <ref id="d44142e1378a1310">
            <mixed-citation id="d44142e1382" publication-type="journal">
Picard, Ch., 1928. "Phedre a la balangoire et le symbolisme des pendaisons," Revue
Archaeologique 5:28, 47-64.<person-group>
                  <string-name xmlns:xlink="http://www.w3.org/1999/xlink">
                     <surname>Picard</surname>
                  </string-name>
               </person-group>
               <issue>28</issue>
               <fpage>47</fpage>
               <volume>5</volume>
               <source>Revue Archaeologique</source>
               <year>1928</year>
            </mixed-citation>
         </ref>
         <ref id="d44142e1417a1310">
            <mixed-citation id="d44142e1421" publication-type="book">
Pomeroy, S.B., 1975. Goddesses, Whores, Wives and Slaves (New York: Schocken Books).<person-group>
                  <string-name xmlns:xlink="http://www.w3.org/1999/xlink">
                     <surname>Pomeroy</surname>
                  </string-name>
               </person-group>
               <source>Goddesses, Whores, Wives and Slaves</source>
               <year>1975</year>
            </mixed-citation>
         </ref>
         <ref id="d44142e1443a1310">
            <mixed-citation id="d44142e1447" publication-type="book">
Schaps, D.M., 1979. Economic Rights of Women in Ancient Greece (Edinburgh UP).<person-group>
                  <string-name xmlns:xlink="http://www.w3.org/1999/xlink">
                     <surname>Schaps</surname>
                  </string-name>
               </person-group>
               <source>Economic Rights of Women in Ancient Greece</source>
               <year>1979</year>
            </mixed-citation>
         </ref>
         <ref id="d44142e1469a1310">
            <mixed-citation id="d44142e1473" publication-type="book">
Usener, H., 1875. "Italische Mythen," Rhein. Mus. 30, 182 ff. Reprinted in: Kleine
Schriften, vol. 4, 39ff.<person-group>
                  <string-name xmlns:xlink="http://www.w3.org/1999/xlink">
                     <surname>Usener</surname>
                  </string-name>
               </person-group>
               <fpage>39</fpage>
               <volume>4</volume>
               <source>Italische Mythen</source>
               <year>1875</year>
            </mixed-citation>
         </ref>
         <ref id="d44142e1505a1310">
            <mixed-citation id="d44142e1509" publication-type="book">
Van Gennep, A., 1909. Les Rites de passage (Paris: Nourry).<person-group>
                  <string-name xmlns:xlink="http://www.w3.org/1999/xlink">
                     <surname>Van Gennep</surname>
                  </string-name>
               </person-group>
               <source>Les Rites de passage</source>
               <year>1909</year>
            </mixed-citation>
         </ref>
         <ref id="d44142e1532a1310">
            <mixed-citation id="d44142e1536" publication-type="journal">
Voisin, J.L., 1979. "Pendus, crucifies, oscilla dans la Rome paienne," Latomus 38:2, 422-
450.<person-group>
                  <string-name xmlns:xlink="http://www.w3.org/1999/xlink">
                     <surname>Voisin</surname>
                  </string-name>
               </person-group>
               <issue>2</issue>
               <fpage>422</fpage>
               <volume>38</volume>
               <source>Latomus</source>
               <year>1979</year>
            </mixed-citation>
         </ref>
      </ref-list>
   </back>
</article>
