<article xmlns:xsi="http://www.w3.org/2001/XMLSchema-instance"
         xmlns:xlink="http://www.w3.org/1999/xlink"
         xmlns:mml="http://www.w3.org/1998/Math/MathML"
         dtd-version="1.0"
         article-type="research-article">
   <front>
      <journal-meta>
         <journal-id journal-id-type="jstor">poeticstoday</journal-id>
         <journal-id journal-id-type="jstor">j100659</journal-id>
         <journal-title-group>
            <journal-title>Poetics Today</journal-title>
         </journal-title-group>
         <publisher>
            <publisher-name>Duke University Press</publisher-name>
         </publisher>
         <issn pub-type="ppub">03335372</issn>
         <issn pub-type="epub">15275507</issn>
      </journal-meta>
      <article-meta>
         <article-id pub-id-type="doi">10.2307/1772681</article-id>
         <article-categories>
            <subj-group>
               <subject>System and Repertoire in Culture</subject>
            </subj-group>
         </article-categories>
         <title-group>
            <article-title>"Reality" and Realemes in Narrative</article-title>
         </title-group>
         <pub-date>
            <day>1</day>
            <month>4</month>
            <year>1990</year>
         </pub-date>
         <volume>11</volume>
         <issue>1</issue>
         <issue-id>i303085</issue-id>
         <fpage>207</fpage>
         <lpage>218</lpage>
         <page-range>207-218</page-range>
         <permissions>
            <copyright-statement>Copyright 1990 The Porter Institute for Poetics and Semiotics, Tel Aviv University</copyright-statement>
         </permissions>
         <self-uri xlink:href="http://www.jstor.org/stable/1772681"/>
         <custom-meta-group>
            <custom-meta>
               <meta-name>lang</meta-name>
               <meta-value>eng</meta-value>
            </custom-meta>
         </custom-meta-group>
      </article-meta>
   </front>
   <back>
      <fn-group>
         <title>[Footnotes]</title>
         <fn id="d9984e108a1310">
            <label>1</label>
            <p>
               <mixed-citation id="d9984e115" publication-type="other">
Sadan 1979</mixed-citation>
            </p>
            <p>
               <mixed-citation id="d9984e121" publication-type="other">
Sadan 1979: 260-261</mixed-citation>
            </p>
         </fn>
         <fn id="d9984e128a1310">
            <label>2</label>
            <p>
               <mixed-citation id="d9984e135" publication-type="other">
illustrations No. 2 and No. 3</mixed-citation>
            </p>
         </fn>
         <fn id="d9984e142a1310">
            <label>4</label>
            <p>
               <mixed-citation id="d9984e149" publication-type="other">
Skott 1977:
121</mixed-citation>
            </p>
         </fn>
         <fn id="d9984e159a1310">
            <label>5</label>
            <p>
               <mixed-citation id="d9984e166" publication-type="other">
Wennerstrom 1964</mixed-citation>
            </p>
         </fn>
         <fn id="d9984e174a1310">
            <label>6</label>
            <p>
               <mixed-citation id="d9984e181" publication-type="other">
"Depletion and Shift" above</mixed-citation>
            </p>
         </fn>
      </fn-group>
   </back>
</article>
