<article xmlns:xsi="http://www.w3.org/2001/XMLSchema-instance"
         xmlns:xlink="http://www.w3.org/1999/xlink"
         xmlns:mml="http://www.w3.org/1998/Math/MathML"
         dtd-version="1.0"
         article-type="research-article">
   <front>
      <journal-meta>
         <journal-id journal-id-type="jstor">poeticstoday</journal-id>
         <journal-id journal-id-type="jstor">j100659</journal-id>
         <journal-title-group>
            <journal-title>Poetics Today</journal-title>
         </journal-title-group>
         <publisher>
            <publisher-name>Duke University Press</publisher-name>
         </publisher>
         <issn pub-type="ppub">03335372</issn>
         <issn pub-type="epub">15275507</issn>
      </journal-meta>
      <article-meta>
         <article-id pub-id-type="doi">10.2307/1772671</article-id>
         <article-categories>
            <subj-group>
               <subject>Polysystem Theory</subject>
            </subj-group>
         </article-categories>
         <title-group>
            <article-title>Interference in Dependent Literary Polysystems</article-title>
         </title-group>
         <pub-date>
            <day>1</day>
            <month>4</month>
            <year>1990</year>
         </pub-date>
         <volume>11</volume>
         <issue>1</issue>
         <issue-id>i303085</issue-id>
         <fpage>79</fpage>
         <lpage>83</lpage>
         <page-range>79-83</page-range>
         <permissions>
            <copyright-statement>Copyright 1990 The Porter Institute for Poetics and Semiotics, Tel Aviv University</copyright-statement>
         </permissions>
         <self-uri xlink:href="http://www.jstor.org/stable/1772671"/>
         <custom-meta-group>
            <custom-meta>
               <meta-name>lang</meta-name>
               <meta-value>eng</meta-value>
            </custom-meta>
         </custom-meta-group>
      </article-meta>
   </front>
</article>
