<article dtd-version="1.0" article-type="research-article">
   <front>
      <journal-meta>
         <journal-id xmlns:xlink="http://www.w3.org/1999/xlink" journal-id-type="jstor">poeticstoday</journal-id>
         <journal-id xmlns:xlink="http://www.w3.org/1999/xlink" journal-id-type="jstor">j100659</journal-id>
         <journal-title-group xmlns:xlink="http://www.w3.org/1999/xlink">
            <journal-title>Poetics Today</journal-title>
         </journal-title-group>
         <publisher>
            <publisher-name>Porter Institute for Poetics and Semiotics</publisher-name>
         </publisher>
         <issn xmlns:xlink="http://www.w3.org/1999/xlink" pub-type="ppub">03335372</issn>
         <issn xmlns:xlink="http://www.w3.org/1999/xlink" pub-type="epub">15275507</issn>
      </journal-meta>
      <article-meta>
         <article-id xmlns:xlink="http://www.w3.org/1999/xlink" pub-id-type="doi">10.2307/1772493</article-id>
         <article-categories>
            <subj-group>
               <subject>Literary Polysystem and Translation Process</subject>
            </subj-group>
         </article-categories>
         <title-group>
            <article-title> Le Systeme litteraire en etat de crise: Contacts inter-systémiques et comportement traductionnel </article-title>
         </title-group>
         <contrib-group>
            <contrib contrib-type="author">
               <string-name xmlns:xlink="http://www.w3.org/1999/xlink">
                  <given-names>Shelly</given-names>
                  <surname>Yahalom</surname>
               </string-name>
            </contrib>
         </contrib-group>
         <pub-date xmlns:xlink="http://www.w3.org/1999/xlink">
            <day>1</day>
            <month>7</month>
            <year>1981</year>
      
            <day>1</day>
            <month>10</month>
            <year>1981</year>
         </pub-date>
         <volume>2</volume>
         <issue>4</issue>
         <issue-id xmlns:xlink="http://www.w3.org/1999/xlink">i303054</issue-id>
         <fpage>143</fpage>
         <lpage>160</lpage>
         <page-range>143-160</page-range>
         <permissions>
            <copyright-statement>Copyright The Porter Institute for Poetics and Semiotics Tel Aviv University</copyright-statement>
         </permissions>
         <self-uri xmlns:xlink="http://www.w3.org/1999/xlink"
                   xlink:href="http://www.jstor.org/stable/1772493"/>
         <custom-meta-group xmlns:xlink="http://www.w3.org/1999/xlink">
            <custom-meta>
               <meta-name>lang</meta-name>
               <meta-value>fre</meta-value>
            </custom-meta>
         </custom-meta-group>
      </article-meta>
   </front>
   <back>
      <ref-list>
         <title>References</title>
         <ref id="d9866e150a1310">
            <mixed-citation id="d9866e154" publication-type="book">
BOUSQUET, JACQUES, 1972. Le 188me sihcle romantique (Paris: J.J. Pauvert).<person-group>
                  <string-name xmlns:xlink="http://www.w3.org/1999/xlink">
                     <surname>Bousquet</surname>
                  </string-name>
               </person-group>
               <source>Le 188me sihcle romantique</source>
               <year>1972</year>
            </mixed-citation>
         </ref>
         <ref id="d9866e176a1310">
            <mixed-citation id="d9866e180" publication-type="book">
CURTIUS, E.R., 1959. La Litterature europdenne et le Moyen-Age latin (Paris: Presses Universitaires
de France).<person-group>
                  <string-name xmlns:xlink="http://www.w3.org/1999/xlink">
                     <surname>Curtius</surname>
                  </string-name>
               </person-group>
               <source>La Litterature europdenne et le Moyen-Age latin</source>
               <year>1959</year>
            </mixed-citation>
         </ref>
         <ref id="d9866e205a1310">
            <mixed-citation id="d9866e209" publication-type="book">
DIDEROT, DENIS, 1968. Oeuvres Esthitiques (Paris: Garnier).<person-group>
                  <string-name xmlns:xlink="http://www.w3.org/1999/xlink">
                     <surname>Diderot</surname>
                  </string-name>
               </person-group>
               <source>Oeuvres Esthitiques</source>
               <year>1968</year>
            </mixed-citation>
         </ref>
         <ref id="d9866e231a1310">
            <mixed-citation id="d9866e235" publication-type="book">
EHRARD, JEAN, 1970. L'Idde de Nature en France a l'aube des Lumidres (Paris: Flammarion).<person-group>
                  <string-name xmlns:xlink="http://www.w3.org/1999/xlink">
                     <surname>Ehrard</surname>
                  </string-name>
               </person-group>
               <source>L'Idde de Nature en France a l'aube des Lumidres</source>
               <year>1970</year>
            </mixed-citation>
         </ref>
         <ref id="d9866e258a1310">
            <mixed-citation id="d9866e262" publication-type="book">
ETIENNE, SERVAIS, 1922. Le genre romanesque en France depuis l'apparition de la Nouvelle Helofse
jusqu'aux approches de la Revolution (Bruxelles: Lamartin).<person-group>
                  <string-name xmlns:xlink="http://www.w3.org/1999/xlink">
                     <surname>Etienne</surname>
                  </string-name>
               </person-group>
               <source>Le genre romanesque en France depuis l'apparition de la Nouvelle Helofse jusqu'aux approches de la Revolution</source>
               <year>1922</year>
            </mixed-citation>
         </ref>
         <ref id="d9866e287a1310">
            <mixed-citation id="d9866e291" publication-type="other">
EVEN-ZOHAR, ITAMAR, 1971. Introduction to a Theory of Literary Translation (Ph.D. Thesis, Mimeo)
Tel Aviv University (Hebrew, with extensive English summary).</mixed-citation>
            <mixed-citation id="d9866e300" publication-type="book">
1978a "The Position of Translated Literature within the Literary Polysystem", in: James S.
Holmes, José Lambert and Raymond van der Broeck, eds., Literature and Translation: New
Perspectives in Literary Studies (Leuven: Acco), 117-127 (also in Even-Zohar, 1978b: 21-27).<person-group>
                  <string-name xmlns:xlink="http://www.w3.org/1999/xlink">
                     <surname>Holmes</surname>
                  </string-name>
               </person-group>
               <comment content-type="section">The Position of Translated Literature within the Literary Polysystem</comment>
               <fpage>117</fpage>
               <source>Literature and Translation: New Perspectives in Literary Studies</source>
               <year>1978</year>
            </mixed-citation>
            <mixed-citation id="d9866e334" publication-type="book">
1978b Papers in Historical Poetics (Tel-Aviv: The Porter Institute for Poetics and Semiotics).<source>Papers in Historical Poetics</source>
               <year>1978</year>
            </mixed-citation>
            <mixed-citation id="d9866e346" publication-type="book">
1978c "Universals of Literary Contacts," in: F. Coppieters and D. Goyvaerts, eds., Functional
Studies in Language and Literature (Ghent: Story Scientia), 5-15.<person-group>
                  <string-name xmlns:xlink="http://www.w3.org/1999/xlink">
                     <surname>Coppieters</surname>
                  </string-name>
               </person-group>
               <comment content-type="section">Universals of Literary Contacts</comment>
               <fpage>5</fpage>
               <source>Functional Studies in Language and Literature</source>
               <year>1978</year>
            </mixed-citation>
            <mixed-citation id="d9866e378" publication-type="book">
1978d "Interference in Dependent Polysystems," in Even-Zohar, 1978b: 54-59.<comment content-type="section">Interference in Dependent Polysystems</comment>
               <fpage>54</fpage>
               <source>Even-Zohar</source>
               <year>1978</year>
            </mixed-citation>
            <mixed-citation id="d9866e396" publication-type="journal">
1979 "Polysystem Theory," Poetics Today I: 1-2, 287-310.<object-id pub-id-type="doi">10.2307/1772051</object-id>
               <fpage>1</fpage>
            </mixed-citation>
         </ref>
         <ref id="d9866e409a1310">
            <mixed-citation id="d9866e413" publication-type="book">
HAZARD, PAUL, 1961. La Crise de la pensde europdenne (Paris: Gallimard).<person-group>
                  <string-name xmlns:xlink="http://www.w3.org/1999/xlink">
                     <surname>Hazard</surname>
                  </string-name>
               </person-group>
               <source>La Crise de la pensde europdenne</source>
               <year>1961</year>
            </mixed-citation>
         </ref>
         <ref id="d9866e435a1310">
            <mixed-citation id="d9866e439" publication-type="book">
LOTMAN, JU. M., 1976. "Un module dynamique du systhme semiotique," in: Travaux 1976: 77-93.<person-group>
                  <string-name xmlns:xlink="http://www.w3.org/1999/xlink">
                     <surname>Lotman</surname>
                  </string-name>
               </person-group>
               <comment content-type="section">Un module dynamique du systhme semiotique</comment>
               <fpage>77</fpage>
               <source>Travaux</source>
               <year>1976</year>
            </mixed-citation>
            <mixed-citation id="d9866e467" publication-type="book">
1976a "La reduction et le deploiement des systames semiotiques (Introduction au Problbme: le
freudisme et la culturologie Semiotique)," in: Travaux, 1976: 44-51.<comment content-type="section">La reduction et le deploiement des systames semiotiques (Introduction au Problbme: le freudisme et la culturologie Semiotique)</comment>
               <fpage>44</fpage>
               <source>Travaux</source>
               <year>1976</year>
            </mixed-citation>
         </ref>
         <ref id="d9866e490a1310">
            <mixed-citation id="d9866e494" publication-type="book">
LOTMAN, Ju.M., USPENSKIJ, B.A., IVANOV, V.V., TOPOROV, V.N. AND PJATIGORSKIJ, A.M., 1975.
"Theses on the Semiotic Study of Cultures (as Applied to Slavic Texts)," in: Thomas A. Sebeok,
ed., The Tell-Tale Sign: A Survey of Semiotics (Lisse: The Peter de Ridder Press), 57-84.<person-group>
                  <string-name xmlns:xlink="http://www.w3.org/1999/xlink">
                     <surname>Lotman</surname>
                  </string-name>
               </person-group>
               <comment content-type="section">Theses on the Semiotic Study of Cultures (as Applied to Slavic Texts)</comment>
               <fpage>57</fpage>
               <source>The Tell-Tale Sign: A Survey of Semiotics</source>
               <year>1975</year>
            </mixed-citation>
         </ref>
         <ref id="d9866e529a1310">
            <mixed-citation id="d9866e533" publication-type="book">
MAY, GEORGES, 1963. Le dilemme du roman au XVIIIe siècle (Paris: Presses Universitaires de
France).<person-group>
                  <string-name xmlns:xlink="http://www.w3.org/1999/xlink">
                     <surname>May</surname>
                  </string-name>
               </person-group>
               <source>Le dilemme du roman au XVIIIe siècle</source>
               <year>1963</year>
            </mixed-citation>
         </ref>
         <ref id="d9866e559a1310">
            <mixed-citation id="d9866e563" publication-type="journal">
MORNET, DANIEL, 1910. "Les enseignements des bibliothrques privées (1750-1780)," Revue
d'Histoire Littiraire de la France 17, 449-496.<person-group>
                  <string-name xmlns:xlink="http://www.w3.org/1999/xlink">
                     <surname>Mornet</surname>
                  </string-name>
               </person-group>
               <fpage>449</fpage>
               <volume>17</volume>
               <source>Revue d'Histoire Littiraire de la France</source>
               <year>1910</year>
            </mixed-citation>
         </ref>
         <ref id="d9866e595a1310">
            <mixed-citation id="d9866e599" publication-type="book">
PREVOST, ANTOINE FRANCOIS, 1969 (1775). Oeuvres Choisies, XXV (Genave: Slatkine Reprints), ii.<person-group>
                  <string-name xmlns:xlink="http://www.w3.org/1999/xlink">
                     <surname>Prevost</surname>
                  </string-name>
               </person-group>
               <fpage>ii</fpage>
               <volume>XXV</volume>
               <source>Oeuvres Choisies</source>
               <year>1969</year>
            </mixed-citation>
         </ref>
         <ref id="d9866e628a1310">
            <mixed-citation id="d9866e632" publication-type="journal">
SHUKMAN, ANN, 1977. "Jurij Lotman and the Semiotics of Culture," Russian Literature V 1, 41-54.<person-group>
                  <string-name xmlns:xlink="http://www.w3.org/1999/xlink">
                     <surname>Shukman</surname>
                  </string-name>
               </person-group>
               <issue>1</issue>
               <fpage>41</fpage>
               <volume>V</volume>
               <source>Russian Literature</source>
               <year>1977</year>
            </mixed-citation>
         </ref>
         <ref id="d9866e664a1310">
            <mixed-citation id="d9866e668" publication-type="book">
STREETER, HAROLD WADE, 1926. The 18th Century English Novel in French Translation: A
Bibliographical Study (New-York: Publications of the Institute of French Studies, Inc.).<person-group>
                  <string-name xmlns:xlink="http://www.w3.org/1999/xlink">
                     <surname>Streeter</surname>
                  </string-name>
               </person-group>
               <source>The 18th Century English Novel in French Translation: A Bibliographical Study</source>
               <year>1926</year>
            </mixed-citation>
         </ref>
         <ref id="d9866e693a1310">
            <mixed-citation id="d9866e697" publication-type="book">
TIEGHEM, PAUL, VAN, 19141. L'Annie Litteraire (1754-1790) comme intermidiaire en France des
littiratures itrangires (Genave: Slatkine Reprints).<person-group>
                  <string-name xmlns:xlink="http://www.w3.org/1999/xlink">
                     <surname>Tieghem</surname>
                  </string-name>
               </person-group>
               <source>L'Annie Litteraire (1754-1790) comme intermidiaire en France des littiratures itrangires</source>
               <year>1914</year>
            </mixed-citation>
         </ref>
         <ref id="d9866e722a1310">
            <mixed-citation id="d9866e726" publication-type="book">
TIEGHEM, PHILIPPE, VAN, 1961. Les influences &amp;trangeres sur la littirature franqaise (1550-1880)
(Paris: Presses Universitaires de France).<person-group>
                  <string-name xmlns:xlink="http://www.w3.org/1999/xlink">
                     <surname>Tieghem</surname>
                  </string-name>
               </person-group>
               <source>Les influences &amp;trangeres sur la littirature franqaise (1550-1880)</source>
               <year>1961</year>
            </mixed-citation>
         </ref>
         <ref id="d9866e752a1310">
            <mixed-citation id="d9866e756" publication-type="book">
TRAVAUX, TARTU, 1976. Travaux sur les syst~mes de signes: Ecole de Tartu (Bruxelles: Complexe).<person-group>
                  <string-name xmlns:xlink="http://www.w3.org/1999/xlink">
                     <surname>Travaux</surname>
                  </string-name>
               </person-group>
               <source>Travaux sur les syst~mes de signes: Ecole de Tartu</source>
               <year>1976</year>
            </mixed-citation>
         </ref>
         <ref id="d9866e778a1310">
            <mixed-citation id="d9866e782" publication-type="book">
TYNIANOV, JU. N, 1965 (1927) "De l'évolution litteraire," in: Tzvetan Todorov, ed., Thdorie de la
litterature: Textes de formalistes russes (Paris: Seuil), 120-137.<person-group>
                  <string-name xmlns:xlink="http://www.w3.org/1999/xlink">
                     <surname>Tynianov</surname>
                  </string-name>
               </person-group>
               <comment content-type="section">De l'évolution litteraire</comment>
               <fpage>120</fpage>
               <source>Thdorie de la litterature: Textes de formalistes russes</source>
               <year>1965</year>
            </mixed-citation>
         </ref>
         <ref id="d9866e814a1310">
            <mixed-citation id="d9866e818" publication-type="book">
VOLO? V.N., 1973 (1929). Marxism and the Philosophy of Language (New York and London:
Seminar Press).<person-group>
                  <string-name xmlns:xlink="http://www.w3.org/1999/xlink">
                     <surname>Volo?</surname>
                  </string-name>
               </person-group>
               <source>Marxism and the Philosophy of Language</source>
               <year>1973</year>
            </mixed-citation>
         </ref>
      </ref-list>
   </back>
</article>
