<article dtd-version="1.0" article-type="research-article">
   <front>
      <journal-meta>
         <journal-id xmlns:xlink="http://www.w3.org/1999/xlink" journal-id-type="jstor">poeticstoday</journal-id>
         <journal-id xmlns:xlink="http://www.w3.org/1999/xlink" journal-id-type="jstor">j100659</journal-id>
         <journal-title-group xmlns:xlink="http://www.w3.org/1999/xlink">
            <journal-title>Poetics Today</journal-title>
         </journal-title-group>
         <publisher>
            <publisher-name>Porter Institute for Poetics and Semiotics</publisher-name>
         </publisher>
         <issn xmlns:xlink="http://www.w3.org/1999/xlink" pub-type="ppub">03335372</issn>
         <issn xmlns:xlink="http://www.w3.org/1999/xlink" pub-type="epub">15275507</issn>
      </journal-meta>
      <article-meta>
         <article-id xmlns:xlink="http://www.w3.org/1999/xlink" pub-id-type="doi">10.2307/1772256</article-id>
         <title-group>
            <article-title>Stereotypes and Representation in Fiction</article-title>
         </title-group>
         <contrib-group>
            <contrib contrib-type="author">
               <string-name xmlns:xlink="http://www.w3.org/1999/xlink">
                  <given-names>Ruth</given-names>
                  <surname>Amossy</surname>
               </string-name>
            </contrib>
            <contrib contrib-type="author">
               <string-name xmlns:xlink="http://www.w3.org/1999/xlink">
                  <given-names>Therese</given-names>
                  <surname>Heidingsfeld</surname>
               </string-name>
            </contrib>
         </contrib-group>
         <pub-date xmlns:xlink="http://www.w3.org/1999/xlink">
            <day>1</day>
            <month>1</month>
            <year>1984</year>
         </pub-date>
         <volume>5</volume>
         <issue>4</issue>
         <issue-id xmlns:xlink="http://www.w3.org/1999/xlink">i303066</issue-id>
         <fpage>689</fpage>
         <lpage>700</lpage>
         <page-range>689-700</page-range>
         <permissions>
            <copyright-statement>Copyright The Porter Institute for Poetics and Semiotics Tel Aviv University</copyright-statement>
         </permissions>
         <self-uri xmlns:xlink="http://www.w3.org/1999/xlink"
                   xlink:href="http://www.jstor.org/stable/1772256"/>
         <custom-meta-group xmlns:xlink="http://www.w3.org/1999/xlink">
            <custom-meta>
               <meta-name>lang</meta-name>
               <meta-value>eng</meta-value>
            </custom-meta>
         </custom-meta-group>
      </article-meta>
   </front>
   <back>
      <fn-group xmlns:xlink="http://www.w3.org/1999/xlink">
         <title>[Footnotes]</title>
         <fn id="d27059e126a1310">
            <label>2</label>
            <p>
               <mixed-citation id="d27059e133" publication-type="book">
"Problématiques du cliché" (Hersch-
berg-Pierrot 1980) as a cliché, or as "integration of one or more obligatory predicate defini-
tions within a theme" (p. 336).<comment content-type="section">Problématiques du cliché</comment>
                  <fpage>336</fpage>
                  <source>integration of one or more obligatory predicate definitions within a theme</source>
                  <year>1980</year>
               </mixed-citation>
            </p>
         </fn>
         <fn id="d27059e159a1310">
            <label>4</label>
            <p>
               <mixed-citation id="d27059e166" publication-type="book">
Stierle (1979) calls "quasi-pragmatic
reading."<person-group>
                     <string-name>
                        <surname>Stierle</surname>
                     </string-name>
                  </person-group>
                  <source>quasi-pragmatic reading</source>
                  <year>1979</year>
               </mixed-citation>
            </p>
         </fn>
         <fn id="d27059e191a1310">
            <label>5</label>
            <p>
               <mixed-citation id="d27059e198" publication-type="book">
Wolfgang Iser's (1978)  </mixed-citation>
            </p>
         </fn>
         <fn id="d27059e207a1310">
            <label>6</label>
            <p>
               <mixed-citation id="d27059e214" publication-type="journal">
Susan Suleiman (1980:129)  <fpage>12</fpage>
               </mixed-citation>
            </p>
         </fn>
      </fn-group>
      <ref-list>
         <title>References</title>
         <ref id="d27059e235a1310">
            <mixed-citation id="d27059e239" publication-type="book">
Amossy, Ruth and Elisheva Rosen, 1982. Les discours du cliche (Paris: SEDES-CDU).<person-group>
                  <string-name xmlns:xlink="http://www.w3.org/1999/xlink">
                     <surname>Amossy</surname>
                  </string-name>
               </person-group>
               <source>Les discours du cliche</source>
               <year>1982</year>
            </mixed-citation>
         </ref>
         <ref id="d27059e261a1310">
            <mixed-citation id="d27059e265" publication-type="book">
Barthes, Roland, 1974. S/Z , trans. Richard Miller (New York: Hill and Wang).  </mixed-citation>
         </ref>
         <ref id="d27059e274a1310">
            <mixed-citation id="d27059e278" publication-type="journal">
Eco, Umberto, 1966. "James Bond: une combinatoire narrative," Communications 8,
77-93.<person-group>
                  <string-name xmlns:xlink="http://www.w3.org/1999/xlink">
                     <surname>Eco</surname>
                  </string-name>
               </person-group>
               <fpage>77</fpage>
               <volume>8</volume>
               <source>Communications</source>
               <year>1966</year>
            </mixed-citation>
         </ref>
         <ref id="d27059e310a1310">
            <mixed-citation id="d27059e314" publication-type="journal">
Even-Zohar, Itamar, 1980. "Constraints of Realeme Insertability in Narrative," Poetics
Today 1:4, 65-74.<object-id pub-id-type="doi">10.2307/1772411</object-id>
               <fpage>65</fpage>
            </mixed-citation>
         </ref>
         <ref id="d27059e331a1310">
            <mixed-citation id="d27059e335" publication-type="book">
Genette, Gerard, 1972. Figures III (Paris: Seuil).<person-group>
                  <string-name xmlns:xlink="http://www.w3.org/1999/xlink">
                     <surname>Genette</surname>
                  </string-name>
               </person-group>
               <volume>III</volume>
               <source>Figures III</source>
               <year>1972</year>
            </mixed-citation>
         </ref>
         <ref id="d27059e360a1310">
            <mixed-citation id="d27059e364" publication-type="book">
Gombrich, E. H., 1960. Art and Illusion (Princeton: Princeton UP).<person-group>
                  <string-name xmlns:xlink="http://www.w3.org/1999/xlink">
                     <surname>Gombrich</surname>
                  </string-name>
               </person-group>
               <source>Art and Illusion</source>
               <year>1960</year>
            </mixed-citation>
         </ref>
         <ref id="d27059e386a1310">
            <mixed-citation id="d27059e390" publication-type="journal">
Grivel, Charles, 1978. "Les universaux de texte," Littérature 30, 25-50.<person-group>
                  <string-name xmlns:xlink="http://www.w3.org/1999/xlink">
                     <surname>Grivel</surname>
                  </string-name>
               </person-group>
               <fpage>25</fpage>
               <volume>30</volume>
               <source>Littérature</source>
               <year>1978</year>
            </mixed-citation>
            <mixed-citation id="d27059e418" publication-type="journal">
1980-1981 "Esquisse d'une théorie des systèmes doxiques," Degrés, d-d23.<person-group>
                  <string-name xmlns:xlink="http://www.w3.org/1999/xlink">
                     <surname>Grivel</surname>
                  </string-name>
               </person-group>
               <fpage>23</fpage>
               <source>Dégres</source>
               <year>1980</year>
            </mixed-citation>
            <mixed-citation id="d27059e442" publication-type="journal">
1981 "Savoir social et savoir litteraire," Littérature 44, 72-86.<person-group>
                  <string-name xmlns:xlink="http://www.w3.org/1999/xlink">
                     <surname>Grivel</surname>
                  </string-name>
               </person-group>
               <fpage>72</fpage>
               <volume>44</volume>
               <source>Littérature</source>
               <year>1981</year>
            </mixed-citation>
         </ref>
         <ref id="d27059e471a1310">
            <mixed-citation id="d27059e475" publication-type="journal">
Herschberg-Pierrot, Anne, 1980. "Problématiques du Cliche," Poètique 43, 334-345.<person-group>
                  <string-name xmlns:xlink="http://www.w3.org/1999/xlink">
                     <surname>Herschberg-Pierrot</surname>
                  </string-name>
               </person-group>
               <fpage>334</fpage>
               <volume>43</volume>
               <source>Poètique</source>
               <year>1980</year>
            </mixed-citation>
         </ref>
         <ref id="d27059e504a1310">
            <mixed-citation id="d27059e508" publication-type="book">
Iser, Wolfgang, 1978. The Act of Reading - A Theory of Aesthetic Response (Baltimore:
The Johns Hopkins UP).<person-group>
                  <string-name xmlns:xlink="http://www.w3.org/1999/xlink">
                     <surname>Iser</surname>
                  </string-name>
               </person-group>
               <source>The Act of Reading - A Theory of Aesthetic Response</source>
               <year>1978</year>
            </mixed-citation>
         </ref>
         <ref id="d27059e533a1310">
            <mixed-citation id="d27059e537" publication-type="book">
Marriage, Ellen, trans. The Works of Honore de Balzac (New York: The University Society
of Publishers).<person-group>
                  <string-name xmlns:xlink="http://www.w3.org/1999/xlink">
                     <surname>Marriage</surname>
                  </string-name>
               </person-group>
               <source>The Works of Honore de Balzac</source>
            </mixed-citation>
         </ref>
         <ref id="d27059e560a1310">
            <mixed-citation id="d27059e564" publication-type="book">
Riffaterre, Michael, 1971. Essais de stylistique structurale (Paris: Flammarion).<person-group>
                  <string-name xmlns:xlink="http://www.w3.org/1999/xlink">
                     <surname>Riffaterre</surname>
                  </string-name>
               </person-group>
               <source>Essais de stylistique structurale</source>
               <year>1971</year>
            </mixed-citation>
         </ref>
         <ref id="d27059e586a1310">
            <mixed-citation id="d27059e590" publication-type="journal">
Rimmon-Kenan, Shlomith, 1980. "The Paradoxical Status of Repetition," Poetics Today
1:4, 151-160.<object-id pub-id-type="doi">10.2307/1771892</object-id>
               <fpage>151</fpage>
            </mixed-citation>
         </ref>
         <ref id="d27059e606a1310">
            <mixed-citation id="d27059e610" publication-type="journal">
Stierle, Karlheinz, 1979. "Réception et Fiction," Poétique 30.<person-group>
                  <string-name xmlns:xlink="http://www.w3.org/1999/xlink">
                     <surname>Stierle</surname>
                  </string-name>
               </person-group>
               <volume>30</volume>
               <source>Poétique</source>
               <year>1979</year>
            </mixed-citation>
         </ref>
         <ref id="d27059e635a1310">
            <mixed-citation id="d27059e639" publication-type="journal">
Suleiman, Susan, 1980. "Redundancy and the 'Readable' Text," Poetics Today 1:3, 119-
142.<object-id pub-id-type="doi">10.2307/1772415</object-id>
               <fpage>119</fpage>
            </mixed-citation>
         </ref>
      </ref-list>
   </back>
</article>
