<article dtd-version="1.0" article-type="research-article">
   <front>
      <journal-meta>
         <journal-id xmlns:xlink="http://www.w3.org/1999/xlink" journal-id-type="jstor">poeticstoday</journal-id>
         <journal-id xmlns:xlink="http://www.w3.org/1999/xlink" journal-id-type="jstor">j100659</journal-id>
         <journal-title-group xmlns:xlink="http://www.w3.org/1999/xlink">
            <journal-title>Poetics Today</journal-title>
         </journal-title-group>
         <publisher>
            <publisher-name>Porter Institute for Poetics and Semiotics</publisher-name>
         </publisher>
         <issn xmlns:xlink="http://www.w3.org/1999/xlink" pub-type="ppub">03335372</issn>
         <issn xmlns:xlink="http://www.w3.org/1999/xlink" pub-type="epub">15275507</issn>
      </journal-meta>
      <article-meta>
         <article-id xmlns:xlink="http://www.w3.org/1999/xlink" pub-id-type="doi">10.2307/1772203</article-id>
         <article-categories>
            <subj-group>
               <subject>Semiotics of Social Discourse</subject>
            </subj-group>
         </article-categories>
         <title-group>
            <article-title>Towards a Semiotics of Authoritarian Discourse</article-title>
         </title-group>
         <contrib-group>
            <contrib contrib-type="author">
               <string-name xmlns:xlink="http://www.w3.org/1999/xlink">
                  <given-names>Alain</given-names>
                  <surname>Goldschläger</surname>
               </string-name>
            </contrib>
         </contrib-group>
         <pub-date xmlns:xlink="http://www.w3.org/1999/xlink">
            <day>1</day>
            <month>1</month>
            <year>1982</year>
         </pub-date>
         <volume>3</volume>
         <issue>1</issue>
         <issue-id xmlns:xlink="http://www.w3.org/1999/xlink">i303055</issue-id>
         <fpage>11</fpage>
         <lpage>20</lpage>
         <page-range>11-20</page-range>
         <permissions>
            <copyright-statement>Copyright The Porter Institute for Poetics and Semiotics Tel Aviv University</copyright-statement>
         </permissions>
         <self-uri xmlns:xlink="http://www.w3.org/1999/xlink"
                   xlink:href="http://www.jstor.org/stable/1772203"/>
         <custom-meta-group xmlns:xlink="http://www.w3.org/1999/xlink">
            <custom-meta>
               <meta-name>lang</meta-name>
               <meta-value>eng</meta-value>
            </custom-meta>
         </custom-meta-group>
      </article-meta>
   </front>
   <back>
      <ref-list>
         <title>References</title>
         <ref id="d17558e147a1310">
            <mixed-citation id="d17558e151" publication-type="book">
Austin, T.L., 1978 (1955). How to do Things with Words (Oxford: Oxford UP).<person-group>
                  <string-name xmlns:xlink="http://www.w3.org/1999/xlink">
                     <surname>Austin</surname>
                  </string-name>
               </person-group>
               <source>How to do Things with Words</source>
               <year>1978</year>
            </mixed-citation>
         </ref>
         <ref id="d17558e173a1310">
            <mixed-citation id="d17558e177" publication-type="book">
Barthes, R., 1967. Le Systame de la mode (Paris: Seuil).<person-group>
                  <string-name xmlns:xlink="http://www.w3.org/1999/xlink">
                     <surname>Barthes</surname>
                  </string-name>
               </person-group>
               <source>Le Systame de la mode</source>
               <year>1967</year>
            </mixed-citation>
            <mixed-citation id="d17558e198" publication-type="journal">
1970 "L'Ancienne Rhétorique," Communications 16.<person-group>
                  <string-name xmlns:xlink="http://www.w3.org/1999/xlink">
                     <surname>Barthes</surname>
                  </string-name>
               </person-group>
               <fpage>16</fpage>
               <source>Communications</source>
               <year>1970</year>
            </mixed-citation>
            <mixed-citation id="d17558e222" publication-type="book">
1972 Le degré zdro de I'Ecriture (Paris: Seuil).<person-group>
                  <string-name xmlns:xlink="http://www.w3.org/1999/xlink">
                     <surname>Barthes</surname>
                  </string-name>
               </person-group>
               <source>Le degré zdro de I'Ecriture</source>
               <year>1972</year>
            </mixed-citation>
         </ref>
         <ref id="d17558e244a1310">
            <mixed-citation id="d17558e248" publication-type="book">
Benveniste, E., 1966. Problames de linguistique gdndrale (Paris: Gallimard).<person-group>
                  <string-name xmlns:xlink="http://www.w3.org/1999/xlink">
                     <surname>Benveniste</surname>
                  </string-name>
               </person-group>
               <source>Problames de linguistique gdndrale</source>
               <year>1966</year>
            </mixed-citation>
            <mixed-citation id="d17558e269" publication-type="book">
1974 Problames de linguistique gindrale II (Paris: Gallimard).<person-group>
                  <string-name xmlns:xlink="http://www.w3.org/1999/xlink">
                     <surname>Benveniste</surname>
                  </string-name>
               </person-group>
               <volume>II</volume>
               <source>Problames de linguistique gindrale</source>
               <year>1974</year>
            </mixed-citation>
         </ref>
         <ref id="d17558e294a1310">
            <mixed-citation id="d17558e298" publication-type="book">
Buyssens, E., 1970. La Communication et I'articulation linguistique (Brussels: Presses Uni-
versitaires de Bruxelles).<person-group>
                  <string-name xmlns:xlink="http://www.w3.org/1999/xlink">
                     <surname>Buyssens</surname>
                  </string-name>
               </person-group>
               <source>La Communication et I'articulation linguistique</source>
               <year>1970</year>
            </mixed-citation>
         </ref>
         <ref id="d17558e324a1310">
            <mixed-citation id="d17558e328" publication-type="book">
Cassirer, E., 1973 (1924). Langage et mythe (Paris: Minuit).<person-group>
                  <string-name xmlns:xlink="http://www.w3.org/1999/xlink">
                     <surname>Cassirer</surname>
                  </string-name>
               </person-group>
               <source>Langage et mythe</source>
               <year>1973</year>
            </mixed-citation>
         </ref>
         <ref id="d17558e350a1310">
            <mixed-citation id="d17558e354" publication-type="book">
Chatelet, F., 1978. Histoire des iddologies (Paris: Hachette).<person-group>
                  <string-name xmlns:xlink="http://www.w3.org/1999/xlink">
                     <surname>Chatelet</surname>
                  </string-name>
               </person-group>
               <source>Histoire des iddologies</source>
               <year>1978</year>
            </mixed-citation>
         </ref>
         <ref id="d17558e376a1310">
            <mixed-citation id="d17558e380" publication-type="book">
Clastre, P., 1974. La Socit~t contre I'Etat (Paris: Minuit).<person-group>
                  <string-name xmlns:xlink="http://www.w3.org/1999/xlink">
                     <surname>Clastre</surname>
                  </string-name>
               </person-group>
               <source>La Socit~t contre I'Etat</source>
               <year>1974</year>
            </mixed-citation>
         </ref>
         <ref id="d17558e402a1310">
            <mixed-citation id="d17558e406" publication-type="book">
Descombes, V., 1977. L'inconscient malgré lui (Paris: Minuit).<person-group>
                  <string-name xmlns:xlink="http://www.w3.org/1999/xlink">
                     <surname>Descombes</surname>
                  </string-name>
               </person-group>
               <volume>V</volume>
               <source>L'inconscient malgré lui</source>
               <year>1977</year>
            </mixed-citation>
         </ref>
         <ref id="d17558e431a1310">
            <mixed-citation id="d17558e435" publication-type="book">
Eco, U., 1972. La Structure absente (Paris: Mercure de France).<person-group>
                  <string-name xmlns:xlink="http://www.w3.org/1999/xlink">
                     <surname>Eco</surname>
                  </string-name>
               </person-group>
               <source>La Structure absente</source>
               <year>1972</year>
            </mixed-citation>
         </ref>
         <ref id="d17558e457a1310">
            <mixed-citation id="d17558e461" publication-type="book">
Faye, J.P., 1973. Les Langages autoritaires (Paris: Hermann).<person-group>
                  <string-name xmlns:xlink="http://www.w3.org/1999/xlink">
                     <surname>Faye</surname>
                  </string-name>
               </person-group>
               <source>Les Langages autoritaires</source>
               <year>1973</year>
            </mixed-citation>
         </ref>
         <ref id="d17558e484a1310">
            <mixed-citation id="d17558e488" publication-type="book">
Foucault, M., 1971. L'Ordre du discours (Paris: Gallimard).<person-group>
                  <string-name xmlns:xlink="http://www.w3.org/1999/xlink">
                     <surname>Foucault</surname>
                  </string-name>
               </person-group>
               <source>L'Ordre du discours</source>
               <year>1971</year>
            </mixed-citation>
         </ref>
         <ref id="d17558e510a1310">
            <mixed-citation id="d17558e514" publication-type="journal">
Goldschliger, A., 1974. "Le Discours autoritaire,"Journal Canadien de Recherche Simiotique 1.<person-group>
                  <string-name xmlns:xlink="http://www.w3.org/1999/xlink">
                     <surname>Goldschliger</surname>
                  </string-name>
               </person-group>
               <volume>1</volume>
               <source>Journal Canadien de Recherche Simiotique</source>
               <year>1974</year>
            </mixed-citation>
         </ref>
         <ref id="d17558e539a1310">
            <mixed-citation id="d17558e543" publication-type="book">
Jakobson, R., 1963. Essais de Linguistique gindrale (Paris: Minuit).<person-group>
                  <string-name xmlns:xlink="http://www.w3.org/1999/xlink">
                     <surname>Jakobson</surname>
                  </string-name>
               </person-group>
               <source>Essais de Linguistique gindrale</source>
               <year>1963</year>
            </mixed-citation>
         </ref>
         <ref id="d17558e565a1310">
            <mixed-citation id="d17558e569" publication-type="book">
Legendre, P., 1976. Jouir du pouvoir (Paris: Minuit).<person-group>
                  <string-name xmlns:xlink="http://www.w3.org/1999/xlink">
                     <surname>Legendre</surname>
                  </string-name>
               </person-group>
               <source>Jouir du pouvoir</source>
               <year>1976</year>
            </mixed-citation>
         </ref>
         <ref id="d17558e591a1310">
            <mixed-citation id="d17558e595" publication-type="book">
Lyotard, J.F., 1971. Discours, figure (Paris: Klinchsiek).<person-group>
                  <string-name xmlns:xlink="http://www.w3.org/1999/xlink">
                     <surname>Lyotard</surname>
                  </string-name>
               </person-group>
               <source>Discours, figure</source>
               <year>1971</year>
            </mixed-citation>
         </ref>
         <ref id="d17558e617a1310">
            <mixed-citation id="d17558e621" publication-type="book">
Orwell, G., 1976 (1949) Nineteen Eighty-Four (Harmondsworth: Penguin Books).<person-group>
                  <string-name xmlns:xlink="http://www.w3.org/1999/xlink">
                     <surname>Orwell</surname>
                  </string-name>
               </person-group>
               <source>Nineteen Eighty-Four</source>
               <year>1976</year>
            </mixed-citation>
         </ref>
         <ref id="d17558e644a1310">
            <mixed-citation id="d17558e648" publication-type="book">
Peirce, C.S., 1932. Elements of Logic, in: Peirce, Collected Papers, eds. Charles Hartshorne
&amp; Paul Weiss, 3 vols. (Cambridge, Mass.: Harvard UP), vol. 2.<person-group>
                  <string-name xmlns:xlink="http://www.w3.org/1999/xlink">
                     <surname>Peirce</surname>
                  </string-name>
               </person-group>
               <comment content-type="section">Elements of Logic</comment>
               <volume>2</volume>
               <source>Peirce, Collected Papers</source>
               <year>1932</year>
            </mixed-citation>
         </ref>
         <ref id="d17558e680a1310">
            <mixed-citation id="d17558e684" publication-type="book">
Perelman, C., 1968. Elements d'une thdorie de l'argumentation (Brussels: Presses Universi-
taires de Bruxelles).<person-group>
                  <string-name xmlns:xlink="http://www.w3.org/1999/xlink">
                     <surname>Perelman</surname>
                  </string-name>
               </person-group>
               <source>Elements d'une thdorie de l'argumentation</source>
               <year>1968</year>
            </mixed-citation>
         </ref>
         <ref id="d17558e709a1310">
            <mixed-citation id="d17558e713" publication-type="book">
Reboul, O., 1980. Langage et idcologie (Paris: Presses Universitaires de France).<person-group>
                  <string-name xmlns:xlink="http://www.w3.org/1999/xlink">
                     <surname>Reboul</surname>
                  </string-name>
               </person-group>
               <source>Langage et idcologie</source>
               <year>1980</year>
            </mixed-citation>
         </ref>
         <ref id="d17558e735a1310">
            <mixed-citation id="d17558e739" publication-type="book">
Revel, J.F., 1976. La Tentation totalitaire (Paris: Laffont).<person-group>
                  <string-name xmlns:xlink="http://www.w3.org/1999/xlink">
                     <surname>Revel</surname>
                  </string-name>
               </person-group>
               <source>La Tentation totalitaire</source>
               <year>1976</year>
            </mixed-citation>
         </ref>
         <ref id="d17558e761a1310">
            <mixed-citation id="d17558e765" publication-type="book">
Wittgenstein, L., 1922 (1921). Tractatus Logico-philosophicus (London: Routledge &amp; Kegan).<person-group>
                  <string-name xmlns:xlink="http://www.w3.org/1999/xlink">
                     <surname>Wittgenstein</surname>
                  </string-name>
               </person-group>
               <source>Tractatus Logico-philosophicus</source>
               <year>1922</year>
            </mixed-citation>
         </ref>
      </ref-list>
   </back>
</article>
