<article xmlns:xsi="http://www.w3.org/2001/XMLSchema-instance"
         xmlns:xlink="http://www.w3.org/1999/xlink"
         xmlns:mml="http://www.w3.org/1998/Math/MathML"
         dtd-version="1.0"
         article-type="research-article">
   <front>
      <journal-meta>
         <journal-id journal-id-type="jstor">poeticstoday</journal-id>
         <journal-id journal-id-type="jstor">j100659</journal-id>
         <journal-title-group>
            <journal-title>Poetics Today</journal-title>
         </journal-title-group>
         <publisher>
            <publisher-name>Duke University Press</publisher-name>
         </publisher>
         <issn pub-type="ppub">03335372</issn>
         <issn pub-type="epub">15275507</issn>
      </journal-meta>
      <article-meta>
         <article-id pub-id-type="doi">10.2307/1772957</article-id>
         <title-group>
            <article-title>What Is Oppositional Criticism? Politics and German Literary Criticism from Fascism to the Cold War</article-title>
         </title-group>
         <contrib-group>
            <contrib contrib-type="author">
               <string-name>
                  <given-names>Henry J.</given-names>
                  <surname>Schmidt</surname>
               </string-name>
            </contrib>
         </contrib-group>
         <pub-date>
            <day>1</day>
            <month>1</month>
            <year>1988</year>
         </pub-date>
         <volume>9</volume>
         <issue>4</issue>
         <issue-id>i303080</issue-id>
         <fpage>749</fpage>
         <lpage>766</lpage>
         <page-range>749-766</page-range>
         <permissions>
            <copyright-statement>Copyright 1989 The Porter Institute for Poetics and Semiotics, Tel Aviv University</copyright-statement>
         </permissions>
         <self-uri xlink:href="http://www.jstor.org/stable/1772957"/>
         <custom-meta-group>
            <custom-meta>
               <meta-name>lang</meta-name>
               <meta-value>eng</meta-value>
            </custom-meta>
         </custom-meta-group>
      </article-meta>
   </front>
   <back>
      <fn-group>
         <title>[Footnotes]</title>
         <fn id="d31590e114a1310">
            <label>2</label>
            <p>
               <mixed-citation id="d31590e121" publication-type="book">
Killy 1972: 130  <fpage>130</fpage>
               </mixed-citation>
            </p>
            <p>
               <mixed-citation id="d31590e132" publication-type="book">
Wapnewski 1972: 205-6  <fpage>205</fpage>
               </mixed-citation>
            </p>
         </fn>
         <fn id="d31590e144a1310">
            <label>3</label>
            <p>
               <mixed-citation id="d31590e151" publication-type="partial">
Schmidt 1986</mixed-citation>
            </p>
         </fn>
         <fn id="d31590e158a1310">
            <label>4</label>
            <p>
               <mixed-citation id="d31590e165" publication-type="partial">
Schmidt 1985: 212</mixed-citation>
            </p>
         </fn>
         <fn id="d31590e172a1310">
            <label>5</label>
            <p>
               <mixed-citation id="d31590e179" publication-type="partial">
Schmidt 1985: 212-13</mixed-citation>
            </p>
         </fn>
         <fn id="d31590e187a1310">
            <label>7</label>
            <p>
               <mixed-citation id="d31590e194" publication-type="other">
1941: 67</mixed-citation>
            </p>
         </fn>
         <fn id="d31590e201a1310">
            <label>9</label>
            <p>
               <mixed-citation id="d31590e208" publication-type="journal">
Gowa 1953  </mixed-citation>
            </p>
         </fn>
         <fn id="d31590e217a1310">
            <label>10</label>
            <p>
               <mixed-citation id="d31590e224" publication-type="journal">
Schumann 1948: 56, 61  </mixed-citation>
            </p>
         </fn>
         <fn id="d31590e233a1310">
            <label>11</label>
            <p>
               <mixed-citation id="d31590e240" publication-type="partial">
Miller 1950: 176</mixed-citation>
            </p>
            <p>
               <mixed-citation id="d31590e246" publication-type="journal">
Zipes 1977: 84-103  <fpage>84</fpage>
               </mixed-citation>
            </p>
         </fn>
         <fn id="d31590e258a1310">
            <label>13</label>
            <p>
               <mixed-citation id="d31590e265" publication-type="partial">
Seidlin 1971: 924-39</mixed-citation>
            </p>
         </fn>
         <fn id="d31590e272a1310">
            <label>14</label>
            <p>
               <mixed-citation id="d31590e279" publication-type="other">
1968: 155-56</mixed-citation>
            </p>
         </fn>
      </fn-group>
      <ref-list>
         <title>References</title>
         <ref id="d31590e295a1310">
            <mixed-citation id="d31590e299" publication-type="journal">
Alewyn, Richard
1948/49 "Goethe als Alibi?" Hamburger Akademische Rundschau 3: 685-87.<person-group>
                  <string-name>
                     <surname>Alewyn</surname>
                  </string-name>
               </person-group>
               <fpage>685</fpage>
               <volume>3</volume>
               <source>Hamburger Akademische Rundschau</source>
               <year>1949</year>
            </mixed-citation>
         </ref>
         <ref id="d31590e331a1310">
            <mixed-citation id="d31590e335" publication-type="journal">
Baeck, Leo
1946 "Vernunft-Gerechtigkeit-Vergebung," Monatshefte 38(2): 114-15.<person-group>
                  <string-name>
                     <surname>Baeck</surname>
                  </string-name>
               </person-group>
               <issue>2</issue>
               <fpage>114</fpage>
               <volume>38</volume>
               <source>Monatshefte</source>
               <year>1946</year>
            </mixed-citation>
         </ref>
         <ref id="d31590e370a1310">
            <mixed-citation id="d31590e374" publication-type="book">
Bertaux, Pierre
1968 "Ist die Klassik noch zeitgemdiss?" in Das Niirnberger Gespriich. Opposition in
der Bundesrepublik, edited by Hermann Glaser (Freiburg: Rombach).<person-group>
                  <string-name>
                     <surname>Bertaux</surname>
                  </string-name>
               </person-group>
               <comment content-type="section">Ist die Klassik noch zeitgemdiss</comment>
               <source>Das Niirnberger Gespriich</source>
               <year>1968</year>
            </mixed-citation>
         </ref>
         <ref id="d31590e406a1310">
            <mixed-citation id="d31590e410" publication-type="journal">
Boeninger, H. R.
1955 "The Dilemma of Bertold [sic] Brecht," Monatshefte 47(8): 387-92.<person-group>
                  <string-name>
                     <surname>Boeninger</surname>
                  </string-name>
               </person-group>
               <issue>8</issue>
               <fpage>387</fpage>
               <volume>47</volume>
               <source>Monatshefte</source>
               <year>1955</year>
            </mixed-citation>
         </ref>
         <ref id="d31590e446a1310">
            <mixed-citation id="d31590e450" publication-type="book">
Claussen, Horst, and Norbert Oellers, eds.
1984 Beschiidigtes Erbe. Beitriige zur Klassikerrezeption in finsterer Zeit (Bonn: Bou-
vier).<person-group>
                  <string-name>
                     <surname>Claussen</surname>
                  </string-name>
               </person-group>
               <comment content-type="section">Beschiidigtes Erbe</comment>
               <source>Beitriige zur Klassikerrezeption in finsterer Zeit</source>
               <year>1984</year>
            </mixed-citation>
         </ref>
         <ref id="d31590e482a1310">
            <mixed-citation id="d31590e486" publication-type="book">
Conrady, Karl Otto
1972 "Reminiszenzen und Reflexionen," in Unseld 1972: 39-78.<person-group>
                  <string-name>
                     <surname>Conrady</surname>
                  </string-name>
               </person-group>
               <comment content-type="section">Reminiszenzen und Reflexionen</comment>
               <fpage>39</fpage>
               <source>Unseld</source>
               <year>1972</year>
            </mixed-citation>
         </ref>
         <ref id="d31590e518a1310">
            <mixed-citation id="d31590e522" publication-type="journal">
Demetz, Peter
1954 "Early Beginnings of Marxist Literary Theory," Germanic Review 29(3):
201-13.<person-group>
                  <string-name>
                     <surname>Demetz</surname>
                  </string-name>
               </person-group>
               <issue>3</issue>
               <fpage>201</fpage>
               <volume>29</volume>
               <source>Germanic Review</source>
               <year>1954</year>
            </mixed-citation>
         </ref>
         <ref id="d31590e560a1310">
            <mixed-citation id="d31590e564" publication-type="journal">
Frey, John R.
1953 "Socialist Realism in East Germany," German Quarterly 26(4): 272-78.<object-id pub-id-type="doi">10.2307/402002</object-id>
               <fpage>272</fpage>
            </mixed-citation>
         </ref>
         <ref id="d31590e580a1310">
            <mixed-citation id="d31590e584" publication-type="book">
Friederich, Werner P.
1948 History of German Literature, with the collaboration of Philip A. Shelley and
Oskar Seidlin (New York: Barnes &amp; Noble).<person-group>
                  <string-name>
                     <surname>Friederich</surname>
                  </string-name>
               </person-group>
               <source>History of German Literature</source>
               <year>1948</year>
            </mixed-citation>
            <mixed-citation id="d31590e612" publication-type="book">
1961 [1948] History of German Literature, with the collaboration of Oskar Seidlin
and Philip A. Shelley (New York: Barnes &amp; Noble).<person-group>
                  <string-name>
                     <surname>Friederich</surname>
                  </string-name>
               </person-group>
               <source>History of German Literature</source>
               <year>1961</year>
            </mixed-citation>
         </ref>
         <ref id="d31590e637a1310">
            <mixed-citation id="d31590e641" publication-type="journal">
Gowa, Ferdinand
1953 "Present Trends in American and German Literary Criticism," Germanic
Review 28(2): 99-112.<person-group>
                  <string-name>
                     <surname>Gowa</surname>
                  </string-name>
               </person-group>
               <issue>2</issue>
               <fpage>99</fpage>
               <volume>28</volume>
               <source>Germanic Review</source>
               <year>1953</year>
            </mixed-citation>
         </ref>
         <ref id="d31590e680a1310">
            <mixed-citation id="d31590e684" publication-type="journal">
Heller, Peter
1953 "Nihilist into Activist: Two Phases in the Development of Bertolt Brecht,"
Germanic Review 28(2): 144-55.<person-group>
                  <string-name>
                     <surname>Heller</surname>
                  </string-name>
               </person-group>
               <issue>2</issue>
               <fpage>144</fpage>
               <volume>28</volume>
               <source>Germanic Review</source>
               <year>1953</year>
            </mixed-citation>
         </ref>
         <ref id="d31590e722a1310">
            <mixed-citation id="d31590e726" publication-type="journal">
Hieble, Jacob
1948 "Deutschland und die Deutschlehrer," German Quarterly 21(2): 102-16.<object-id pub-id-type="doi">10.2307/400642</object-id>
               <fpage>102</fpage>
            </mixed-citation>
         </ref>
         <ref id="d31590e742a1310">
            <mixed-citation id="d31590e746" publication-type="journal">
Jaspers, Karl
1946 "Antwort an Sigrid Undset," Monatshefte 38(2): 115-19.<person-group>
                  <string-name>
                     <surname>Jaspers</surname>
                  </string-name>
               </person-group>
               <issue>2</issue>
               <fpage>115</fpage>
               <volume>38</volume>
               <source>Monatshefte</source>
               <year>1946</year>
            </mixed-citation>
         </ref>
         <ref id="d31590e781a1310">
            <mixed-citation id="d31590e785" publication-type="book">
Jens, Walther
1975 [1958] Dichten und Trachten. Mitteilungen des Suhrkamp-Verlages, No. 10
(Frankfurt a.M.: Suhrkamp) quoted in Imperialismus und Kultur. Zur kulturellen
the editorial boards of Kiirbiskern and
Tendenzen (Munich: Damnitz).<person-group>
                  <string-name>
                     <surname>Jens</surname>
                  </string-name>
               </person-group>
               <source>Dichten und Trachten. Mitteilungen des Suhrkamp-Verlages</source>
               <year>1975</year>
            </mixed-citation>
         </ref>
         <ref id="d31590e820a1310">
            <mixed-citation id="d31590e824" publication-type="book">
Killy, Walther
1972 "Warum ich Literaturwissenschaftler wurde," in Unseld 1972: 116-37.<person-group>
                  <string-name>
                     <surname>Killy</surname>
                  </string-name>
               </person-group>
               <comment content-type="section">Warum ich Literaturwissenschaftler wurde</comment>
               <fpage>116</fpage>
               <source>Unseld</source>
               <year>1972</year>
            </mixed-citation>
         </ref>
         <ref id="d31590e856a1310">
            <mixed-citation id="d31590e860" publication-type="other">
Lauwers-Rech, Magda
1985 "The Influence of Nazism and World War II on German Studies in the
United States," Ph.D. diss., Ohio State University.</mixed-citation>
         </ref>
         <ref id="d31590e874a1310">
            <mixed-citation id="d31590e878" publication-type="book">
Mandelkow, Karl Robert
1984 "Klassiker in finsteren Zeiten: Rezeptionstheoretische Reflexionen," in
Claussen and Oellers 1984: 103-17.<person-group>
                  <string-name>
                     <surname>Mandelkow</surname>
                  </string-name>
               </person-group>
               <comment content-type="section">Klassiker in finsteren Zeiten: Rezeptionstheoretische Reflexionen</comment>
               <fpage>103</fpage>
               <source>in Claussen and Oellers</source>
               <year>1984</year>
            </mixed-citation>
         </ref>
         <ref id="d31590e913a1310">
            <mixed-citation id="d31590e917" publication-type="journal">
Mann, Thomas
1941 "An die Deutschlehrer Amerikas," German Quarterly 14(2): 67-68.<person-group>
                  <string-name>
                     <surname>Mann</surname>
                  </string-name>
               </person-group>
               <issue>2</issue>
               <fpage>67</fpage>
               <volume>14</volume>
               <source>German Quarterly</source>
               <year>1941</year>
            </mixed-citation>
         </ref>
         <ref id="d31590e952a1310">
            <mixed-citation id="d31590e956" publication-type="journal">
Mathieu, G.
1957 "Was liest Hiinschen in Ost-Deutschland?," German Quarterly 30(1): 15-19.<object-id pub-id-type="doi">10.2307/401317</object-id>
               <fpage>15</fpage>
            </mixed-citation>
         </ref>
         <ref id="d31590e972a1310">
            <mixed-citation id="d31590e976" publication-type="journal">
Miller, Edmund G.
1950 "Notes on the German Theatre Season 1949-50," German Quarterly 23(3):
173-79.<object-id pub-id-type="doi">10.2307/401257</object-id>
               <fpage>173</fpage>
            </mixed-citation>
         </ref>
         <ref id="d31590e995a1310">
            <mixed-citation id="d31590e999" publication-type="book">
Nagele, Rainer
1977 "Die Goethefeiern von 1932 und 1949," in Deutsche Feiern, edited by Rein-
hold Grimm and Jost Hermand, 97-122 (Wiesbaden: Athenaion).<person-group>
                  <string-name>
                     <surname>Nagele</surname>
                  </string-name>
               </person-group>
               <comment content-type="section">Die Goethefeiern von 1932 und 1949</comment>
               <fpage>97</fpage>
               <source>Deutsche Feiern</source>
               <year>1977</year>
            </mixed-citation>
         </ref>
         <ref id="d31590e1034a1310">
            <mixed-citation id="d31590e1038" publication-type="journal">
Neuse, Werner
1955 "Post-War Germany and the Teacher of German Today," German Quarterly
28(4): 237-46.<object-id pub-id-type="doi">10.2307/401294</object-id>
               <fpage>237</fpage>
            </mixed-citation>
         </ref>
         <ref id="d31590e1058a1310">
            <mixed-citation id="d31590e1062" publication-type="journal">
Richter, Werner
1946 "Strémungen und Stimmungen in den Literaturwissenschaften von heute,"
Germanic Review 21(2): 81-113.<person-group>
                  <string-name>
                     <surname>Richter</surname>
                  </string-name>
               </person-group>
               <issue>2</issue>
               <fpage>81</fpage>
               <volume>21</volume>
               <source>Germanic Review</source>
               <year>1946</year>
            </mixed-citation>
         </ref>
         <ref id="d31590e1100a1310">
            <mixed-citation id="d31590e1104" publication-type="journal">
Rie, Robert
1966 "Ein amerikanischer Professor in der Zone," German Quarterly 39(2): 267-
70.<person-group>
                  <string-name>
                     <surname>Rie</surname>
                  </string-name>
               </person-group>
               <issue>2</issue>
               <fpage>267</fpage>
               <volume>39</volume>
               <source>German Quarterly</source>
               <year>1966</year>
            </mixed-citation>
         </ref>
         <ref id="d31590e1142a1310">
            <mixed-citation id="d31590e1146" publication-type="book">
Said, Edward W.
1983 The World, the Text, and the Critic (Cambridge, MA: Harvard University Press).<person-group>
                  <string-name>
                     <surname>Said</surname>
                  </string-name>
               </person-group>
               <source>The World, the Text, and the Critic</source>
               <year>1983</year>
            </mixed-citation>
         </ref>
         <ref id="d31590e1171a1310">
            <mixed-citation id="d31590e1175" publication-type="book">
Schmidt, Henry J.
1985 "The Rhetoric of Survival: The Germanist in America from 1900 to 1925,"
in America and the Germans, edited by Frank Trommler and Joseph McVeigh,
Vol. 2, 204-16. (Philadelphia: University of Pennsylvania Press).<person-group>
                  <string-name>
                     <surname>Schmidt</surname>
                  </string-name>
               </person-group>
               <comment content-type="section">The Rhetoric of Survival: The Germanist in America from 1900 to 1925</comment>
               <fpage>204</fpage>
               <volume>2</volume>
               <source>America and the Germans</source>
               <year>1985</year>
            </mixed-citation>
            <mixed-citation id="d31590e1215" publication-type="journal">
1986 "Vergangenheitsbewdiltigung 1983," German Quarterly 59(3): 457-61.<object-id pub-id-type="doi">10.2307/406308</object-id>
               <fpage>457</fpage>
            </mixed-citation>
         </ref>
         <ref id="d31590e1228a1310">
            <mixed-citation id="d31590e1232" publication-type="journal">
Schumann, Detlev W.
1948 "A Report on the Present Condition of Germanic Studies in Germany and
Austria," Monatshefte 40(2): 49-62.<person-group>
                  <string-name>
                     <surname>Schumann</surname>
                  </string-name>
               </person-group>
               <issue>2</issue>
               <fpage>49</fpage>
               <volume>40</volume>
               <source>Monatshefte</source>
               <year>1948</year>
            </mixed-citation>
         </ref>
         <ref id="d31590e1270a1310">
            <mixed-citation id="d31590e1274" publication-type="journal">
Schwarz, Egon
1985 "In Memoriam: Oskar Seidlin," German Quarterly 58(2): 325-26.<object-id pub-id-type="jstor">10.2307/407027</object-id>
               <fpage>325</fpage>
            </mixed-citation>
         </ref>
         <ref id="d31590e1291a1310">
            <mixed-citation id="d31590e1295" publication-type="journal">
Seidlin, Oskar
1940 "Das Humane und der Dichter," Monatshefte 32(7): 333-38.<person-group>
                  <string-name>
                     <surname>Seidlin</surname>
                  </string-name>
               </person-group>
               <issue>7</issue>
               <fpage>333</fpage>
               <volume>32</volume>
               <source>Monatshefte</source>
               <year>1940</year>
            </mixed-citation>
            <mixed-citation id="d31590e1329" publication-type="journal">
1943 "Thomas Mann und die Demokratie," German Quarterly 16(3): 117-23.<object-id pub-id-type="doi">10.2307/400263</object-id>
               <fpage>117</fpage>
            </mixed-citation>
            <mixed-citation id="d31590e1341" publication-type="journal">
1968a "Begrfindung einer Absage," Siiddeutsche Zeitung, No. 38 (13 February).<person-group>
                  <string-name>
                     <surname>Seidlin</surname>
                  </string-name>
               </person-group>
               <issue>38</issue>
               <source>Siiddeutsche Zeitung</source>
               <year>1968</year>
            </mixed-citation>
            <mixed-citation id="d31590e1365" publication-type="other">
1968b Letter to the Silddeutsche Zeitung, No. 48 (24-25 February).</mixed-citation>
            <mixed-citation id="d31590e1372" publication-type="book">
1969 "Interpretation als eine moralische Veranstaltung betrachtet," inJahrbuch
1968 der Deutschen Akademie für Sprache und Dichtung Darmstadt, 32-45 (Hei-
delberg/Darmstadt: Lambert Schneider).<person-group>
                  <string-name>
                     <surname>Seidlin</surname>
                  </string-name>
               </person-group>
               <comment content-type="section">Interpretation als eine moralische Veranstaltung betrachtet</comment>
               <fpage>32</fpage>
               <source>Jahrbuch 1968 der Deutschen Akademie für Sprache und Dichtung Darmstadt</source>
               <year>1969</year>
            </mixed-citation>
            <mixed-citation id="d31590e1406" publication-type="journal">
1971 "The Lofty Game of Numbers: The Mynheer Peeperkorn Episode in
Thomas Mann's Der Zauberberg," PMLA 86: 924-39.<person-group>
                  <string-name>
                     <surname>Seidlin</surname>
                  </string-name>
               </person-group>
               <fpage>924</fpage>
               <volume>86</volume>
               <source>PMLA</source>
               <year>1971</year>
            </mixed-citation>
         </ref>
         <ref id="d31590e1438a1310">
            <mixed-citation id="d31590e1442" publication-type="journal">
Spitzer, Leo
1945 "Deutsche Literaturforschung in Amerika (Randbemerkungen zu Karl
Vietors Aufsatz PMLA LX, 899-916)," Monatshefte 37(7): 475-80.<person-group>
                  <string-name>
                     <surname>Spitzer</surname>
                  </string-name>
               </person-group>
               <issue>7</issue>
               <fpage>475</fpage>
               <volume>37</volume>
               <source>Monatshefte</source>
               <year>1945</year>
            </mixed-citation>
         </ref>
         <ref id="d31590e1480a1310">
            <mixed-citation id="d31590e1484" publication-type="book">
Unseld, Siegfried, ed.
1972 Wie, warum und zu welchem Ende wurde ich Literaturhistoriker? (Frankfurt
a.M.: Suhrkamp).<person-group>
                  <string-name>
                     <surname>Unseld</surname>
                  </string-name>
               </person-group>
               <source>Wie, warum und zu welchem Ende wurde ich Literaturhistoriker</source>
               <year>1972</year>
            </mixed-citation>
         </ref>
         <ref id="d31590e1513a1310">
            <mixed-citation id="d31590e1517" publication-type="journal">
Vietor, Karl
1945 "Deutsche Literaturgeschichte als Geistesgeschichte," PMLA 60(3): 899-
916.<person-group>
                  <string-name>
                     <surname>Vietor</surname>
                  </string-name>
               </person-group>
               <issue>3</issue>
               <fpage>899</fpage>
               <volume>60</volume>
               <source>PMLA</source>
               <year>1945</year>
            </mixed-citation>
         </ref>
         <ref id="d31590e1555a1310">
            <mixed-citation id="d31590e1559" publication-type="book">
von Wiese, Benno
1948 Die deutsche Tragodie von Lessing bis Hebbel, vol. 1 (Hamburg: Hoffmann &amp;
Campe).<person-group>
                  <string-name>
                     <surname>von Wiese</surname>
                  </string-name>
               </person-group>
               <volume>1</volume>
               <source>Die deutsche Tragodie von Lessing bis Hebbel</source>
               <year>1948</year>
            </mixed-citation>
            <mixed-citation id="d31590e1590" publication-type="book">
1984 "Diskussion," in Claussen and Oellers 1984, 119-42.<person-group>
                  <string-name>
                     <surname>von Wiese</surname>
                  </string-name>
               </person-group>
               <comment content-type="section">Diskussion</comment>
               <fpage>119</fpage>
               <source>Claussen and Oellers</source>
               <year>1984</year>
            </mixed-citation>
         </ref>
         <ref id="d31590e1619a1310">
            <mixed-citation id="d31590e1623" publication-type="book">
Wapnewski, Peter
1972 "Germanist: warum einer es wurde und wie," in Unseld 1972: 199-212.<person-group>
                  <string-name>
                     <surname>Wapnewski</surname>
                  </string-name>
               </person-group>
               <comment content-type="section">Germanist: warum einer es wurde und wie</comment>
               <fpage>199</fpage>
               <source>Unseld</source>
               <year>1972</year>
            </mixed-citation>
         </ref>
         <ref id="d31590e1656a1310">
            <mixed-citation id="d31590e1660" publication-type="book">
Zeller, Bernhard
1984 "Die Deutschen und ihre Klassiker 1933-1945," in Claussen and Oellers
1984: 9-25.<person-group>
                  <string-name>
                     <surname>Zeller</surname>
                  </string-name>
               </person-group>
               <comment content-type="section">Die Deutschen und ihre Klassiker 1933-1945</comment>
               <fpage>9</fpage>
               <source>Claussen and Oellers</source>
               <year>1984</year>
            </mixed-citation>
         </ref>
         <ref id="d31590e1695a1310">
            <mixed-citation id="d31590e1699" publication-type="journal">
Zipes, Jack
1977 "Die Dammerung der amerikanischen Germanistik," Diskussion Deutsch 33:
84-103.<person-group>
                  <string-name>
                     <surname>Zipes</surname>
                  </string-name>
               </person-group>
               <fpage>84</fpage>
               <volume>33</volume>
               <source>Diskussion Deutsch</source>
               <year>1977</year>
            </mixed-citation>
         </ref>
      </ref-list>
   </back>
</article>
