<article dtd-version="1.0" article-type="research-article">
   <front>
      <journal-meta>
         <journal-id xmlns:xlink="http://www.w3.org/1999/xlink" journal-id-type="jstor">poeticstoday</journal-id>
         <journal-id xmlns:xlink="http://www.w3.org/1999/xlink" journal-id-type="jstor">j100659</journal-id>
         <journal-title-group xmlns:xlink="http://www.w3.org/1999/xlink">
            <journal-title>Poetics Today</journal-title>
         </journal-title-group>
         <publisher>
            <publisher-name>Porter Institute for Poetics and Semiotics</publisher-name>
         </publisher>
         <issn xmlns:xlink="http://www.w3.org/1999/xlink" pub-type="ppub">03335372</issn>
         <issn xmlns:xlink="http://www.w3.org/1999/xlink" pub-type="epub">15275507</issn>
      </journal-meta>
      <article-meta>
         <article-id xmlns:xlink="http://www.w3.org/1999/xlink" pub-id-type="doi">10.2307/1772086</article-id>
         <article-categories>
            <subj-group>
               <subject>Conventions</subject>
            </subj-group>
         </article-categories>
         <title-group>
            <article-title>The Languages of Convention: Literature and Consensus</article-title>
         </title-group>
         <contrib-group>
            <contrib contrib-type="author">
               <string-name xmlns:xlink="http://www.w3.org/1999/xlink">
                  <given-names>Charles Eric</given-names>
                  <surname>Reeves</surname>
               </string-name>
            </contrib>
         </contrib-group>
         <pub-date xmlns:xlink="http://www.w3.org/1999/xlink">
            <day>1</day>
            <month>1</month>
            <year>1986</year>
         </pub-date>
         <volume>7</volume>
         <issue>1</issue>
         <issue-id xmlns:xlink="http://www.w3.org/1999/xlink">i303070</issue-id>
         <fpage>3</fpage>
         <lpage>28</lpage>
         <page-range>3-28</page-range>
         <permissions>
            <copyright-statement>Copyright The Porter Institute for Poetics and Semiotics Tel Aviv University</copyright-statement>
         </permissions>
         <self-uri xmlns:xlink="http://www.w3.org/1999/xlink"
                   xlink:href="http://www.jstor.org/stable/1772086"/>
         <custom-meta-group xmlns:xlink="http://www.w3.org/1999/xlink">
            <custom-meta>
               <meta-name>lang</meta-name>
               <meta-value>eng</meta-value>
            </custom-meta>
         </custom-meta-group>
      </article-meta>
   </front>
   <back>
      <fn-group xmlns:xlink="http://www.w3.org/1999/xlink">
         <title>[Footnotes]</title>
         <fn id="d2708e123a1310">
            <label>3</label>
            <p>
               <mixed-citation id="d2708e130" publication-type="book">
John Searle
in Speech Acts: An Essay in the Philosophy of Language (1969:33-42)<person-group>
                     <string-name>
                        <surname>Searle</surname>
                     </string-name>
                  </person-group>
                  <fpage>33</fpage>
                  <source>Speech Acts: An Essay in the Philosophy of Language</source>
                  <year>1969</year>
               </mixed-citation>
            </p>
            <p>
               <mixed-citation id="d2708e158" publication-type="other">
p. 34</mixed-citation>
            </p>
         </fn>
         <fn id="d2708e165a1310">
            <label>4</label>
            <p>
               <mixed-citation id="d2708e172" publication-type="book">
G.P. Baker and P.M.S. Hacker in Wittgenstein, Understanding, and
Meaning:<person-group>
                     <string-name>
                        <surname>Baker</surname>
                     </string-name>
                  </person-group>
                  <source>Wittgenstein, Understanding, and Meaning:</source>
               </mixed-citation>
            </p>
            <p>
               <mixed-citation id="d2708e193" publication-type="other">
1980:95</mixed-citation>
            </p>
         </fn>
         <fn id="d2708e200a1310">
            <label>6</label>
            <p>
               <mixed-citation id="d2708e207" publication-type="book">
Frye's "Glossary":<person-group>
                     <string-name>
                        <surname>Frye</surname>
                     </string-name>
                  </person-group>
                  <source>Glossary</source>
               </mixed-citation>
            </p>
            <p>
               <mixed-citation id="d2708e225" publication-type="other">
p. 366</mixed-citation>
            </p>
         </fn>
         <fn id="d2708e232a1310">
            <label>7</label>
            <p>
               <mixed-citation id="d2708e239" publication-type="other">
1983:301</mixed-citation>
            </p>
         </fn>
         <fn id="d2708e247a1310">
            <label>8</label>
            <p>
               <mixed-citation id="d2708e254" publication-type="book">
Kant's
noumena<person-group>
                     <string-name>
                        <surname>Kant</surname>
                     </string-name>
                  </person-group>
                  <source>noumena</source>
               </mixed-citation>
            </p>
         </fn>
         <fn id="d2708e276a1310">
            <label>9</label>
            <p>
               <mixed-citation id="d2708e283" publication-type="other">
p. 284n</mixed-citation>
            </p>
         </fn>
      </fn-group>
      <ref-list>
         <title>References</title>
         <ref id="d2708e299a1310">
            <mixed-citation id="d2708e303" publication-type="book">
Alpers, Paul, 1973. "Mode in Narrative Poet- " in: Earl Miner, ed. To Tell a Story;
Narrative Theory and Practice (Le geles: William Andrews Clark Memorial
Library), 19-35.<person-group>
                  <string-name xmlns:xlink="http://www.w3.org/1999/xlink">
                     <surname>Alpers</surname>
                  </string-name>
               </person-group>
               <comment content-type="section">Mode in Narrative Poet</comment>
               <fpage>19</fpage>
               <source>To Tell a Story; Narrative Theory and Practice</source>
               <year>1973</year>
            </mixed-citation>
            <mixed-citation id="d2708e337" publication-type="journal">
---1983 "Convening and Conventic aI Pastoral Poetry," New Literary History 14:2,
277-304.<object-id pub-id-type="doi">10.2307/468687</object-id>
               <fpage>2</fpage>
            </mixed-citation>
         </ref>
         <ref id="d2708e353a1310">
            <mixed-citation id="d2708e357" publication-type="book">
Baker, G.P. and Hacker P.M.S., 1980. Wittgenstein, Understanding, and Meaning (Chicago:
University of Chicago Press).<person-group>
                  <string-name xmlns:xlink="http://www.w3.org/1999/xlink">
                     <surname>Baker</surname>
                  </string-name>
               </person-group>
               <source>Wittgenstein, Understanding, and Meaning</source>
               <year>1980</year>
            </mixed-citation>
         </ref>
         <ref id="d2708e382a1310">
            <mixed-citation id="d2708e386" publication-type="book">
Bradbrook, M.C., 1952. Themes and Conventions of Elizabethan Tragedy (Cambridge,
England: Cambridge UP).<person-group>
                  <string-name xmlns:xlink="http://www.w3.org/1999/xlink">
                     <surname>Bradbrook</surname>
                  </string-name>
               </person-group>
               <source>Themes and Conventions of Elizabethan Tragedy</source>
               <year>1952</year>
            </mixed-citation>
         </ref>
         <ref id="d2708e411a1310">
            <mixed-citation id="d2708e415" publication-type="book">
Crane, R.S., 1953. The Languages of Criticism and the Structure of Poetry (Toronto:
University of Toronto Press).<person-group>
                  <string-name xmlns:xlink="http://www.w3.org/1999/xlink">
                     <surname>Crane</surname>
                  </string-name>
               </person-group>
               <source>The Languages of Criticism and the Structure of Poetry</source>
               <year>1953</year>
            </mixed-citation>
         </ref>
         <ref id="d2708e441a1310">
            <mixed-citation id="d2708e445" publication-type="book">
Culler, Jonathan, 1975. Structuralist Poetics: Structuralism, Linguistics, and the Study of
Literature (Ithaca: Cornell UP).<person-group>
                  <string-name xmlns:xlink="http://www.w3.org/1999/xlink">
                     <surname>Culler</surname>
                  </string-name>
               </person-group>
               <source>Structuralist Poetics: Structuralism, Linguistics, and the Study of Literature</source>
               <year>1975</year>
            </mixed-citation>
         </ref>
         <ref id="d2708e470a1310">
            <mixed-citation id="d2708e474" publication-type="book">
Derrida, Jacques, 1978 (1967). Writing and Difference, trans. Alan Bass (Chicago: Univ of
Chicago Press).<person-group>
                  <string-name xmlns:xlink="http://www.w3.org/1999/xlink">
                     <surname>Derrida</surname>
                  </string-name>
               </person-group>
               <source>Writing and Difference</source>
               <year>1978</year>
            </mixed-citation>
         </ref>
         <ref id="d2708e499a1310">
            <mixed-citation id="d2708e503" publication-type="book">
Fish, Stanley, 1980. Is There a Text in This Class?: The Authority of Interpretive
Communities (Cambridge, MA: Harvard UP).<person-group>
                  <string-name xmlns:xlink="http://www.w3.org/1999/xlink">
                     <surname>Fish</surname>
                  </string-name>
               </person-group>
               <source>Is There a Text in This Class?: The Authority of Interpretive Communities</source>
               <year>1980</year>
            </mixed-citation>
         </ref>
         <ref id="d2708e528a1310">
            <mixed-citation id="d2708e532" publication-type="book">
Frye, Northrop, 1957. Anatomy of Criticism: Four Essays (Princeton: Princeton UP).<person-group>
                  <string-name xmlns:xlink="http://www.w3.org/1999/xlink">
                     <surname>Frye</surname>
                  </string-name>
               </person-group>
               <source>Anatomy of Criticism: Four Essays</source>
               <year>1957</year>
            </mixed-citation>
         </ref>
         <ref id="d2708e554a1310">
            <mixed-citation id="d2708e558" publication-type="book">
Gombrich, E.H., "Image and Code: Scope and Limits of Conventionalism in Pictorial
Representation," in: The Image and the Eye (Ithaca: Cornell UP), 278-297.<person-group>
                  <string-name xmlns:xlink="http://www.w3.org/1999/xlink">
                     <surname>Gombrich</surname>
                  </string-name>
               </person-group>
               <comment content-type="section">Image and Code: Scope and Limits of Conventionalism in Pictorial Representation</comment>
               <fpage>278</fpage>
               <source>The Image and the Eye</source>
            </mixed-citation>
         </ref>
         <ref id="d2708e587a1310">
            <mixed-citation id="d2708e591" publication-type="journal">
Greene, Thomas, 1957. "Spenser and the Epithalamic Convention," Comparative Literature
9, 215-228.<object-id pub-id-type="doi">10.2307/1769017</object-id>
               <fpage>9</fpage>
            </mixed-citation>
         </ref>
         <ref id="d2708e608a1310">
            <mixed-citation id="d2708e612" publication-type="book">
Johnson, Samuel, 1968. The Yale Edition of the Works of Samuel Johnson Vols. V-VII, ed.
Walter Jackson Bate et al. (New Haven: Yale UP).<person-group>
                  <string-name xmlns:xlink="http://www.w3.org/1999/xlink">
                     <surname>Johnson</surname>
                  </string-name>
               </person-group>
               <volume>V</volume>
               <source>The Yale Edition of the Works of Samuel Johnson</source>
               <year>1968</year>
            </mixed-citation>
         </ref>
         <ref id="d2708e641a1310">
            <mixed-citation id="d2708e645" publication-type="journal">
Kennard, Jean, 1981. "Convention Coverage, or How to Read Your Own Life," New
Literary History 13:1, 69-88.<object-id pub-id-type="doi">10.2307/468643</object-id>
               <fpage>69</fpage>
            </mixed-citation>
         </ref>
         <ref id="d2708e661a1310">
            <mixed-citation id="d2708e665" publication-type="journal">
Langbaum, Robert, 1983. "The Epiphanic Mode in Wordsworth and Modern Literature,"
New Literary History 14:2, 335-358.<object-id pub-id-type="doi">10.2307/468689</object-id>
               <fpage>2</fpage>
            </mixed-citation>
         </ref>
         <ref id="d2708e681a1310">
            <mixed-citation id="d2708e685" publication-type="book">
Lowes, John Livingston, 1919. Convention and Revolt in Poetry (Cambridge, MA:
Houghton Mifflin).<person-group>
                  <string-name xmlns:xlink="http://www.w3.org/1999/xlink">
                     <surname>Lowes</surname>
                  </string-name>
               </person-group>
               <source>Convention and Revolt in Poetry</source>
               <year>1919</year>
            </mixed-citation>
         </ref>
         <ref id="d2708e710a1310">
            <mixed-citation id="d2708e714" publication-type="book">
Mailloux, Steven, 1982. Interpretive Conventions: The Reader in the Study of American
Fiction (Ithaca: Cornell UP).<person-group>
                  <string-name xmlns:xlink="http://www.w3.org/1999/xlink">
                     <surname>Mailloux</surname>
                  </string-name>
               </person-group>
               <source>Interpretive Conventions: The Reader in the Study of American Fiction</source>
               <year>1982</year>
            </mixed-citation>
         </ref>
         <ref id="d2708e739a1310">
            <mixed-citation id="d2708e743" publication-type="book">
Manley, Lawrence, 1980. Convention, 1500 - 1750 (Cambridge, MA: Harvard UP).<person-group>
                  <string-name xmlns:xlink="http://www.w3.org/1999/xlink">
                     <surname>Manley</surname>
                  </string-name>
               </person-group>
               <source>Convention, 1500 - 1750</source>
               <year>1980</year>
            </mixed-citation>
         </ref>
         <ref id="d2708e766a1310">
            <mixed-citation id="d2708e770" publication-type="book">
Nietzsche, Friedrich, 1967 (1901). The Will to Power, trans. Walter Kaufmann and R.J.
Hollingdale (New York: Random House).<person-group>
                  <string-name xmlns:xlink="http://www.w3.org/1999/xlink">
                     <surname>Nietzsche</surname>
                  </string-name>
               </person-group>
               <source>The Will to Power</source>
               <year>1967</year>
            </mixed-citation>
         </ref>
         <ref id="d2708e795a1310">
            <mixed-citation id="d2708e799" publication-type="journal">
Pitcher, Edward W., 1975. "On the Conventions of Eighteenth-Century British Short
Fiction: Part I," Studies in Short Fiction 12 (Summer), 199-212.<person-group>
                  <string-name xmlns:xlink="http://www.w3.org/1999/xlink">
                     <surname>Pitcher</surname>
                  </string-name>
               </person-group>
               <issue>Summer</issue>
               <fpage>199</fpage>
               <volume>12</volume>
               <source>Studies in Short Fiction</source>
               <year>1975</year>
            </mixed-citation>
         </ref>
         <ref id="d2708e834a1310">
            <mixed-citation id="d2708e838" publication-type="book">
Raleigh, John Henry, 1969. "The English Novel and the Three Kinds of Time," in: Robert
M. Davis, ed. The Novel: Modern Essays in Criticism (Englewood Cliffs, NJ: Prentice
Hall), 242-253.<person-group>
                  <string-name xmlns:xlink="http://www.w3.org/1999/xlink">
                     <surname>Raleigh</surname>
                  </string-name>
               </person-group>
               <comment content-type="section">The English Novel and the Three Kinds of Time</comment>
               <fpage>242</fpage>
               <source>The Novel: Modern Essays in Criticism</source>
               <year>1969</year>
            </mixed-citation>
         </ref>
         <ref id="d2708e873a1310">
            <mixed-citation id="d2708e877" publication-type="book">
Reed, John, 1975. Victorian Convention (Ohio University Press).<person-group>
                  <string-name xmlns:xlink="http://www.w3.org/1999/xlink">
                     <surname>Reed</surname>
                  </string-name>
               </person-group>
               <source>Victorian Convention</source>
               <year>1975</year>
            </mixed-citation>
         </ref>
         <ref id="d2708e899a1310">
            <mixed-citation id="d2708e903" publication-type="book">
Rorty, Richard, 1979. Philosophy and the Mirror of Nature (Princeton: Princeton UP).<person-group>
                  <string-name xmlns:xlink="http://www.w3.org/1999/xlink">
                     <surname>Rorty</surname>
                  </string-name>
               </person-group>
               <source>Philosophy and the Mirror of Nature</source>
               <year>1979</year>
            </mixed-citation>
            <mixed-citation id="d2708e924" publication-type="book">
---1982 Consequences of Pragmatism: Essays 1972-1980 (Minneapolis: University of
Minnesota Press).<person-group>
                  <string-name xmlns:xlink="http://www.w3.org/1999/xlink">
                     <surname>Rorty</surname>
                  </string-name>
               </person-group>
               <source>Consequences of Pragmatism: Essays 1972-1980</source>
               <year>1982</year>
            </mixed-citation>
         </ref>
         <ref id="d2708e949a1310">
            <mixed-citation id="d2708e953" publication-type="book">
Searle, John, 1969. Speech Acts: An Essay in the Philosophy of Language (Cambridge,
England: Cambridge UP).<person-group>
                  <string-name xmlns:xlink="http://www.w3.org/1999/xlink">
                     <surname>Searle</surname>
                  </string-name>
               </person-group>
               <source>Speech Acts: An Essay in the Philosophy of Language</source>
               <year>1969</year>
            </mixed-citation>
         </ref>
         <ref id="d2708e979a1310">
            <mixed-citation id="d2708e983" publication-type="book">
Shelley, Percy Bysshe, 1965. The Complete Works of Percy Bysshe Shelley, ed. Roger
Ingpen and Walter Peck (New York: Gordian Press).<person-group>
                  <string-name xmlns:xlink="http://www.w3.org/1999/xlink">
                     <surname>Shelley</surname>
                  </string-name>
               </person-group>
               <source>The Complete Works of Percy Bysshe Shelley</source>
               <year>1965</year>
            </mixed-citation>
         </ref>
         <ref id="d2708e1008a1310">
            <mixed-citation id="d2708e1012" publication-type="book">
Steinmann, Martin, 1974. "Convention," in: Alex Preminger et al., ed. Princeton
Encyclopedia of Poetry and Poetics (Princeton: Princeton UP).<person-group>
                  <string-name xmlns:xlink="http://www.w3.org/1999/xlink">
                     <surname>Steinmann</surname>
                  </string-name>
               </person-group>
               <comment content-type="section">Convention</comment>
               <source>Princeton Encyclopedia of Poetry and Poetics</source>
               <year>1974</year>
            </mixed-citation>
         </ref>
         <ref id="d2708e1041a1310">
            <mixed-citation id="d2708e1045" publication-type="book">
Tate, Allen, 1953. The Forlorn Demon: Didactic and Critical Essays (Chicago: Regnery).<person-group>
                  <string-name xmlns:xlink="http://www.w3.org/1999/xlink">
                     <surname>Tate</surname>
                  </string-name>
               </person-group>
               <source>The Forlorn Demon: Didactic and Critical Essays</source>
               <year>1953</year>
            </mixed-citation>
         </ref>
         <ref id="d2708e1067a1310">
            <mixed-citation id="d2708e1071" publication-type="book">
Tillyard, E.M.W., 1948. The Elizabethan World Picture (London: Chatto &amp; Windus).<person-group>
                  <string-name xmlns:xlink="http://www.w3.org/1999/xlink">
                     <surname>Tillyard</surname>
                  </string-name>
               </person-group>
               <source>The Elizabethan World Picture</source>
               <year>1948</year>
            </mixed-citation>
         </ref>
         <ref id="d2708e1093a1310">
            <mixed-citation id="d2708e1097" publication-type="book">
Valdry, Paul, 1924. Varite' (Paris), cited in: Harry Levin, ed. Perspectives on Criticism
(Cambridge, MA: Harvard UP), p. 79.<person-group>
                  <string-name xmlns:xlink="http://www.w3.org/1999/xlink">
                     <surname>Valdry</surname>
                  </string-name>
               </person-group>
               <comment content-type="section">Varite</comment>
               <fpage>79</fpage>
               <source>Perspectives on Criticism</source>
               <year>1924</year>
            </mixed-citation>
         </ref>
         <ref id="d2708e1129a1310">
            <mixed-citation id="d2708e1133" publication-type="book">
Watt, Ian, 1967. The Rise of the Novel: Studies in Defoe, Richardson, and Fielding
(Berkeley: University of California Press).<person-group>
                  <string-name xmlns:xlink="http://www.w3.org/1999/xlink">
                     <surname>Watt</surname>
                  </string-name>
               </person-group>
               <source>The Rise of the Novel: Studies in Defoe, Richardson, and Fielding</source>
               <year>1967</year>
            </mixed-citation>
         </ref>
         <ref id="d2708e1159a1310">
            <mixed-citation id="d2708e1163" publication-type="journal">
White, Hayden, 1981. "Conventional Conflicts," New Literary History 13:1, 145-160.<object-id pub-id-type="doi">10.2307/468647</object-id>
               <fpage>1</fpage>
            </mixed-citation>
         </ref>
         <ref id="d2708e1176a1310">
            <mixed-citation id="d2708e1180" publication-type="book">
Winters, Yvor, 1947. In Defense of Reason (Denver: Alan Swallow).<person-group>
                  <string-name xmlns:xlink="http://www.w3.org/1999/xlink">
                     <surname>Winters</surname>
                  </string-name>
               </person-group>
               <source>In Defense of Reason</source>
               <year>1947</year>
            </mixed-citation>
         </ref>
         <ref id="d2708e1202a1310">
            <mixed-citation id="d2708e1206" publication-type="book">
Wittgenstein, Ludwig, 1958a. The Blue and Brown Books (New York: Harper &amp; Brothers).<person-group>
                  <string-name xmlns:xlink="http://www.w3.org/1999/xlink">
                     <surname>Wittgenstein</surname>
                  </string-name>
               </person-group>
               <source>The Blue and Brown Books</source>
               <year>1958</year>
            </mixed-citation>
            <mixed-citation id="d2708e1227" publication-type="book">
---1958b Philosophical Investigations, trans. G.E.M. Anscombe (New York: Macmillan).<person-group>
                  <string-name xmlns:xlink="http://www.w3.org/1999/xlink">
                     <surname>Wittgenstein</surname>
                  </string-name>
               </person-group>
               <source>Philosophical Investigations</source>
               <year>1958</year>
            </mixed-citation>
         </ref>
         <ref id="d2708e1249a1310">
            <mixed-citation id="d2708e1253" publication-type="book">
Wordsworth, William, 1940. The Poetical Works, ed. E. de Selincourt (Oxford: Oxford UP).<person-group>
                  <string-name xmlns:xlink="http://www.w3.org/1999/xlink">
                     <surname>Wordsworth</surname>
                  </string-name>
               </person-group>
               <source>The Poetical Works</source>
               <year>1940</year>
            </mixed-citation>
            <mixed-citation id="d2708e1274" publication-type="book">
---1974. The Prose Works of William Wordsworth, ed. W.J.B. Owen and J.W. Smyser
(Oxford: Oxford UP).<person-group>
                  <string-name xmlns:xlink="http://www.w3.org/1999/xlink">
                     <surname>Wittgenstein</surname>
                  </string-name>
               </person-group>
               <source>The Prose Works of William Wordsworth</source>
               <year>1974</year>
            </mixed-citation>
         </ref>
      </ref-list>
   </back>
</article>
