<article dtd-version="1.0" article-type="research-article">
   <front>
      <journal-meta>
         <journal-id xmlns:xlink="http://www.w3.org/1999/xlink" journal-id-type="jstor">poeticstoday</journal-id>
         <journal-id xmlns:xlink="http://www.w3.org/1999/xlink" journal-id-type="jstor">j100659</journal-id>
         <journal-title-group xmlns:xlink="http://www.w3.org/1999/xlink">
            <journal-title>Poetics Today</journal-title>
         </journal-title-group>
         <publisher>
            <publisher-name>Porter Institute for Poetics and Semiotics</publisher-name>
         </publisher>
         <issn xmlns:xlink="http://www.w3.org/1999/xlink" pub-type="ppub">03335372</issn>
         <issn xmlns:xlink="http://www.w3.org/1999/xlink" pub-type="epub">15275507</issn>
      </journal-meta>
      <article-meta>
         <article-id xmlns:xlink="http://www.w3.org/1999/xlink" pub-id-type="doi">10.2307/1772089</article-id>
         <article-categories>
            <subj-group>
               <subject>Topics in Theory</subject>
            </subj-group>
         </article-categories>
         <title-group>
            <article-title>Peirce and Derrida: "Natural Signs" Empiricism versus "Originary Trace" Deconstruction</article-title>
         </title-group>
         <contrib-group>
            <contrib contrib-type="author">
               <string-name xmlns:xlink="http://www.w3.org/1999/xlink">
                  <given-names>Jeffrey</given-names>
                  <surname>Barnouw</surname>
               </string-name>
            </contrib>
         </contrib-group>
         <pub-date xmlns:xlink="http://www.w3.org/1999/xlink">
            <day>1</day>
            <month>1</month>
            <year>1986</year>
         </pub-date>
         <volume>7</volume>
         <issue>1</issue>
         <issue-id xmlns:xlink="http://www.w3.org/1999/xlink">i303070</issue-id>
         <fpage>73</fpage>
         <lpage>94</lpage>
         <page-range>73-94</page-range>
         <permissions>
            <copyright-statement>Copyright The Porter Institute for Poetics and Semiotics Tel Aviv University</copyright-statement>
         </permissions>
         <self-uri xmlns:xlink="http://www.w3.org/1999/xlink"
                   xlink:href="http://www.jstor.org/stable/1772089"/>
         <custom-meta-group xmlns:xlink="http://www.w3.org/1999/xlink">
            <custom-meta>
               <meta-name>lang</meta-name>
               <meta-value>eng</meta-value>
            </custom-meta>
         </custom-meta-group>
      </article-meta>
   </front>
   <back>
      <fn-group xmlns:xlink="http://www.w3.org/1999/xlink">
         <title>[Footnotes]</title>
         <fn id="d2554e123a1310">
            <label>1</label>
            <p>
               <mixed-citation id="d2554e130" publication-type="book">
Derrida (1978), pp. 139, 151 and 288  <fpage>139</fpage>
               </mixed-citation>
            </p>
            <p>
               <mixed-citation id="d2554e141" publication-type="partial">
empiricism</mixed-citation>
            </p>
            <p>
               <mixed-citation id="d2554e147" publication-type="book">
Derrida, Edmund Husserl's Origin of Geometry: An Introduction,
trans. John P. Leavy, Jr. (Stony Brook: Nicholas Hays, 1978), pp. 93, 151 and 152n<person-group>
                     <string-name>
                        <surname>Derrida</surname>
                     </string-name>
                  </person-group>
                  <fpage>93</fpage>
                  <source>Edmund Husserl's Origin of Geometry: An Introduction</source>
                  <year>1978</year>
               </mixed-citation>
            </p>
            <p>
               <mixed-citation id="d2554e176" publication-type="book">
Derrida (1973), p. 135  <fpage>135</fpage>
               </mixed-citation>
            </p>
            <p>
               <mixed-citation id="d2554e187" publication-type="journal">
Marian
Hobson, "Deconstruction, Empiricism, and the Postal Services," French Studies 36 (1982),
290--314<person-group>
                     <string-name>
                        <surname>Hobson</surname>
                     </string-name>
                  </person-group>
                  <fpage>290</fpage>
                  <volume>36</volume>
                  <source>French Studies</source>
                  <year>1982</year>
               </mixed-citation>
            </p>
            <p>
               <mixed-citation id="d2554e221" publication-type="journal">
Gary Shapiro, "Peirce and Derrida on First and Last Things," University of
Dayton Review (Spring 1984), 33-38<person-group>
                     <string-name>
                        <surname>Shapiro</surname>
                     </string-name>
                  </person-group>
                  <fpage>33</fpage>
                  <source>University of Dayton Review</source>
                  <year>1984</year>
               </mixed-citation>
            </p>
         </fn>
         <fn id="d2554e250a1310">
            <label>2</label>
            <p>
               <mixed-citation id="d2554e257" publication-type="book">
Jeffrey
Barnouw, forthcoming, Natural Signs. The Sign Theory of Perception and Thought from
the Greeks to the American Pragmatists<person-group>
                     <string-name>
                        <surname>Barnouw</surname>
                     </string-name>
                  </person-group>
                  <source>Natural Signs. The Sign Theory of Perception and Thought from the Greeks to the American Pragmatists</source>
               </mixed-citation>
            </p>
         </fn>
         <fn id="d2554e282a1310">
            <label>3</label>
            <p>
               <mixed-citation id="d2554e291" publication-type="journal">
Jeffrey Barnouw, "Active Experience vs. Wish-Fulfillment in
Francis Bacon's Moral Psychology of Science," The Philosophical Forum 9 (1977), 78-99<person-group>
                     <string-name>
                        <surname>Barnouw</surname>
                     </string-name>
                  </person-group>
                  <fpage>78</fpage>
                  <volume>9</volume>
                  <source>The Philosophical Forum</source>
                  <year>1977</year>
               </mixed-citation>
            </p>
            <p>
               <mixed-citation id="d2554e322" publication-type="book">
The Quest for Certainty (New York: Minton, Balch, 1929), pp. 99, 126,
129, 132, 175, 213, 236, 241 and 297<person-group>
                     <string-name>
                        <surname>Minton</surname>
                     </string-name>
                  </person-group>
                  <fpage>99</fpage>
                  <source>The Quest for Certainty</source>
                  <year>1929</year>
               </mixed-citation>
            </p>
            <p>
               <mixed-citation id="d2554e351" publication-type="book">
Decartes's cogito<person-group>
                     <string-name>
                        <surname>Decartes</surname>
                     </string-name>
                  </person-group>
                  <source>cogito</source>
               </mixed-citation>
            </p>
            <p>
               <mixed-citation id="d2554e369" publication-type="journal">
Jeffrey Barnouw, "Vico and the Continuity of Science. The
Relation of his Epistemology to Bacon and Hobbes," Isis 71 (1980): 609-620, pp. 616ff<object-id pub-id-type="jstor">10.2307/230503</object-id>
                  <fpage>616</fpage>
               </mixed-citation>
            </p>
         </fn>
         <fn id="d2554e385a1310">
            <label>4</label>
            <p>
               <mixed-citation id="d2554e392" publication-type="journal">
review of Paul de Man, Allegories of Reading, in Comparative Literature Studies
19 (1982), 459-463<person-group>
                     <string-name>
                        <surname>de Man</surname>
                     </string-name>
                  </person-group>
                  <fpage>459</fpage>
                  <volume>19</volume>
                  <source>Allegories of Reading, in Comparative Literature Studies</source>
                  <year>1982</year>
               </mixed-citation>
            </p>
            <p>
               <mixed-citation id="d2554e423" publication-type="partial">
"tropes," should result in a "state of
suspended ignorance" (p. 19)</mixed-citation>
            </p>
         </fn>
         <fn id="d2554e434a1310">
            <label>5</label>
            <p>
               <mixed-citation id="d2554e441" publication-type="book">
Sextus Empiricus, Adversus Mathematicos viii, 275f., tr. A.A. Long, in "Language and
Thought in Stoicism," in A.A. Long, ed. Problems in Stoicism (London: Athlone, 1971),
p. 87.<person-group>
                     <string-name>
                        <surname>Empiricus</surname>
                     </string-name>
                  </person-group>
                  <comment content-type="section">Adversus Mathematicos</comment>
                  <fpage>87</fpage>
                  <volume>viii</volume>
                  <source>Problems in Stoicism</source>
                  <year>1971</year>
               </mixed-citation>
            </p>
         </fn>
         <fn id="d2554e479a1310">
            <label>6</label>
            <p>
               <mixed-citation id="d2554e486" publication-type="book">
Writing and Difference, p. 84  <fpage>84</fpage>
               </mixed-citation>
            </p>
            <p>
               <mixed-citation id="d2554e497" publication-type="journal">
review of this work in The
Review of Metaphysics 33, no. 1 (Sept. 1979), 172-174  <fpage>172</fpage>
               </mixed-citation>
            </p>
         </fn>
         <fn id="d2554e512a1310">
            <label>7</label>
            <p>
               <mixed-citation id="d2554e519" publication-type="journal">
review of Derrida, Edmund Husserl's Origin of Geometry: An Introduction,
in The Review of Metaphysics 33, no. 1 (Sept. 1979), 168-172<person-group>
                     <string-name>
                        <surname>Husserl</surname>
                     </string-name>
                  </person-group>
                  <issue>1</issue>
                  <fpage>168</fpage>
                  <volume>33</volume>
                  <source>Edmund Husserl's Origin of Geometry: An Introduction, in The Review of Metaphysics</source>
                  <year>1979</year>
               </mixed-citation>
            </p>
         </fn>
         <fn id="d2554e554a1310">
            <label>8</label>
            <p>
               <mixed-citation id="d2554e561" publication-type="book">
"Goethe
and Helmholtz: Science and Sensation," in: Goethe and the Sciences, Boston Studies in
the Philosophy of Science (Dordrecht: Reidel, 1986). Forthcoming<person-group>
                     <string-name>
                        <surname>Reidel</surname>
                     </string-name>
                  </person-group>
                  <comment content-type="section">Goethe and Helmholtz: Science and Sensation</comment>
                  <source>Goethe and the Sciences</source>
                  <year>1986</year>
               </mixed-citation>
            </p>
         </fn>
         <fn id="d2554e593a1310">
            <label>9</label>
            <p>
               <mixed-citation id="d2554e600" publication-type="book">
Max H. Fisch, in his introduction to Peirce (1983) "It was from Whately that Peirce first
took the premiss that all thought is in signs" (p. xxii).<person-group>
                     <string-name>
                        <surname>Fisch</surname>
                     </string-name>
                  </person-group>
                  <fpage>xxii</fpage>
                  <source>It was from Whately that Peirce first took the premiss that all thought is in signs</source>
                  <year>1983</year>
               </mixed-citation>
            </p>
         </fn>
         <fn id="d2554e629a1310">
            <label>10</label>
            <p>
               <mixed-citation id="d2554e636" publication-type="book">
Collected Papers 6.60-63  </mixed-citation>
            </p>
            <p>
               <mixed-citation id="d2554e644" publication-type="book">
Schiller, On the
Aesthetic Education of Mankind in a Series of Letters, tr. Elizabeth M. Wilkinson and L.A.
Willoughby (Oxford: Clarendon Press, 1967), p. 207<person-group>
                     <string-name>
                        <surname>Schiller</surname>
                     </string-name>
                  </person-group>
                  <fpage>207</fpage>
                  <source>On the Aesthetic Education of Mankind in a Series of Letters</source>
                  <year>1967</year>
               </mixed-citation>
            </p>
            <p>
               <mixed-citation id="d2554e675" publication-type="journal">
Jeffrey Barnouw, "The Morality of the Sublime: Kant and Schiller," Studies in Romantic-
ism 19 (1980), 497-514<person-group>
                     <string-name>
                        <surname>Barnouw</surname>
                     </string-name>
                  </person-group>
                  <fpage>497</fpage>
                  <volume>19</volume>
                  <source>Studies in Romanticism</source>
                  <year>1980</year>
               </mixed-citation>
            </p>
            <p>
               <mixed-citation id="d2554e707" publication-type="book">
Collected Papers 5.402n
(p. 260)  <fpage>260</fpage>
               </mixed-citation>
            </p>
         </fn>
      </fn-group>
      <ref-list>
         <title>References</title>
         <ref id="d2554e731a1310">
            <mixed-citation id="d2554e735" publication-type="journal">
Barnouw, Jeffrey, 1981. "Signification and Meaning. A Critique of the Saussurean Concep-
tion of the Sign," Comparative Literature Studies 18, 260-271.<person-group>
                  <string-name xmlns:xlink="http://www.w3.org/1999/xlink">
                     <surname>Jeffrey</surname>
                  </string-name>
               </person-group>
               <fpage>260</fpage>
               <volume>18</volume>
               <source>Comparative Literature Studies</source>
               <year>1981</year>
            </mixed-citation>
         </ref>
         <ref id="d2554e767a1310">
            <mixed-citation id="d2554e771" publication-type="book">
Derrida, Jacques, 1973 (1972). "Differance," in: Speech and Phenomena. And Other Essays
on Husserl's Theory of Signs, trans. David B. Allison (Evanston: Northwestern
UP) 129-160.<person-group>
                  <string-name xmlns:xlink="http://www.w3.org/1999/xlink">
                     <surname>Jacques</surname>
                  </string-name>
               </person-group>
               <comment content-type="section">Differance</comment>
               <fpage>129</fpage>
               <source>Speech and Phenomena. And Other Essays on Husserl's Theory of Signs</source>
               <year>1973</year>
            </mixed-citation>
            <mixed-citation id="d2554e805" publication-type="book">
---1976 (1967) Of Grammatology, trans. Gayatri Spivak (Baltimore: Johns Hopkins UP).<person-group>
                  <string-name xmlns:xlink="http://www.w3.org/1999/xlink">
                     <surname>Jacques</surname>
                  </string-name>
               </person-group>
               <source>Of Grammatology</source>
               <year>1976</year>
            </mixed-citation>
            <mixed-citation id="d2554e826" publication-type="book">
---1978 (1967) Writing and Difference, trans. Alan Bass (Chicago: University of Chicago
Press).<person-group>
                  <string-name xmlns:xlink="http://www.w3.org/1999/xlink">
                     <surname>Jacques</surname>
                  </string-name>
               </person-group>
               <source>Writing and Difference</source>
               <year>1978</year>
            </mixed-citation>
         </ref>
         <ref id="d2554e851a1310">
            <mixed-citation id="d2554e855" publication-type="book">
Edelstein, Ludwig, 1966. The Meaning of Stoicism (Cambridge: Harvard UP).<person-group>
                  <string-name xmlns:xlink="http://www.w3.org/1999/xlink">
                     <surname>Edelstein</surname>
                  </string-name>
               </person-group>
               <source>The Meaning of Stoicism</source>
               <year>1966</year>
            </mixed-citation>
         </ref>
         <ref id="d2554e877a1310">
            <mixed-citation id="d2554e881" publication-type="book">
Kieffer, John S., 1964. Introduction to his translation of Galen, Institutio Logica (Balti-
more: Johns Hopkins UP).<person-group>
                  <string-name xmlns:xlink="http://www.w3.org/1999/xlink">
                     <surname>Kieffer</surname>
                  </string-name>
               </person-group>
               <source>Institutio Logica</source>
               <year>1964</year>
            </mixed-citation>
         </ref>
         <ref id="d2554e907a1310">
            <mixed-citation id="d2554e911" publication-type="book">
Murphey, Murray G., 1961. The Development of Peirce's Philosophy (Cambridge: Harvard
UP).<person-group>
                  <string-name xmlns:xlink="http://www.w3.org/1999/xlink">
                     <surname>Murphey</surname>
                  </string-name>
               </person-group>
               <source>The Development of Peirce's Philosophy</source>
               <year>1961</year>
            </mixed-citation>
         </ref>
         <ref id="d2554e936a1310">
            <mixed-citation id="d2554e940" publication-type="book">
Peirce, Charles Sanders, 1894. The Nation<person-group>
                  <string-name xmlns:xlink="http://www.w3.org/1999/xlink">
                     <surname>Peirce</surname>
                  </string-name>
               </person-group>
               <source>The Nation</source>
               <year>1978</year>
            </mixed-citation>
            <mixed-citation id="d2554e961" publication-type="book">
K.L. Ketner and
J.E. Cook, eds., Peirce, Contributions to The Nation (1978, Lubbock: Texas Tech
UP).<person-group>
                  <string-name xmlns:xlink="http://www.w3.org/1999/xlink">
                     <surname>Ketner</surname>
                  </string-name>
               </person-group>
               <source>Peirce, Contributions to The Nation</source>
               <year>1978</year>
            </mixed-citation>
            <mixed-citation id="d2554e989" publication-type="book">
---1931ff. Collected Papers (Cambridge: Harvard UP).<person-group>
                  <string-name xmlns:xlink="http://www.w3.org/1999/xlink">
                     <surname>Peirce</surname>
                  </string-name>
               </person-group>
               <source>Collected Papers</source>
               <year>1931</year>
            </mixed-citation>
            <mixed-citation id="d2554e1010" publication-type="book">
---1983 (1883) ed. Studies in Logic, By Members of the Johns Hopkins University
(Philadelphia: John Benjamin).<person-group>
                  <string-name xmlns:xlink="http://www.w3.org/1999/xlink">
                     <surname>Peirce</surname>
                  </string-name>
               </person-group>
               <source>Studies in Logic, By Members of the Johns Hopkins University</source>
               <year>1983</year>
            </mixed-citation>
         </ref>
         <ref id="d2554e1035a1310">
            <mixed-citation id="d2554e1039" publication-type="book">
Sextus Empiricus, 1933. Outlines of Pyrrhonism, trans. R.G. Bury (Cambridge: Harvard
UP, Loeb Classical Library).<person-group>
                  <string-name xmlns:xlink="http://www.w3.org/1999/xlink">
                     <surname>Empiricus</surname>
                  </string-name>
               </person-group>
               <source>Outlines of Pyrrhonism</source>
               <year>1933</year>
            </mixed-citation>
         </ref>
         <ref id="d2554e1064a1310">
            <label>11</label>
            <mixed-citation id="d2554e1071" publication-type="book">
Philosophy and the Mirror of Nature
(Princeton: Princeton UP, 1979)<person-group>
                  <string-name xmlns:xlink="http://www.w3.org/1999/xlink">
                     <surname>Rorty</surname>
                  </string-name>
               </person-group>
               <source>Philosophy and the Mirror of Nature</source>
               <year>1979</year>
            </mixed-citation>
            <mixed-citation id="d2554e1095" publication-type="partial">
chapters 3, 5, 6, 8, 9 and 11</mixed-citation>
            <mixed-citation id="d2554e1101" publication-type="book">
Consequences of
Pragmatism (Minneapolis: University of Minnesota Press, 1982)<source>Consequences of Pragmatism</source>
               <year>1982</year>
            </mixed-citation>
            <mixed-citation id="d2554e1117" publication-type="book">
Rorty ignores the essential
"reconstructive" drive of Dewey<person-group>
                  <string-name xmlns:xlink="http://www.w3.org/1999/xlink">
                     <surname>Rorty</surname>
                  </string-name>
               </person-group>
               <source>reconstructive</source>
            </mixed-citation>
         </ref>
      </ref-list>
   </back>
</article>
