<article xmlns:xsi="http://www.w3.org/2001/XMLSchema-instance"
         xmlns:xlink="http://www.w3.org/1999/xlink"
         xmlns:mml="http://www.w3.org/1998/Math/MathML"
         dtd-version="1.0"
         article-type="research-article">
   <front>
      <journal-meta>
         <journal-id journal-id-type="jstor">poeticstoday</journal-id>
         <journal-id journal-id-type="jstor">j100659</journal-id>
         <journal-title-group>
            <journal-title>Poetics Today</journal-title>
         </journal-title-group>
         <publisher>
            <publisher-name>Duke University Press</publisher-name>
         </publisher>
         <issn pub-type="ppub">03335372</issn>
         <issn pub-type="epub">15275507</issn>
      </journal-meta>
      <article-meta>
         <article-id pub-id-type="doi">10.2307/1772825</article-id>
         <title-group>
            <article-title>Where the Lines Meet: Parallelism in Chinese and Western Literatures</article-title>
         </title-group>
         <contrib-group>
            <contrib contrib-type="author">
               <string-name>
                  <given-names>Andrew H.</given-names>
                  <surname>Plaks</surname>
               </string-name>
            </contrib>
         </contrib-group>
         <pub-date>
            <day>1</day>
            <month>10</month>
            <year>1990</year>
         </pub-date>
         <volume>11</volume>
         <issue>3</issue>
         <issue-id>i303087</issue-id>
         <fpage>523</fpage>
         <lpage>546</lpage>
         <page-range>523-546</page-range>
         <permissions>
            <copyright-statement>Copyright 1990 The Porter Institute for Poetics and Semiotics, Tel Aviv University</copyright-statement>
         </permissions>
         <self-uri xlink:href="http://www.jstor.org/stable/1772825"/>
         <custom-meta-group>
            <custom-meta>
               <meta-name>lang</meta-name>
               <meta-value>eng</meta-value>
            </custom-meta>
         </custom-meta-group>
      </article-meta>
   </front>
   <back>
      <fn-group>
         <title>[Footnotes]</title>
         <fn id="d24796e114a1310">
            <label>1</label>
            <p>
               <mixed-citation id="d24796e121" publication-type="book">
Margoulies
(1929: 17-19)  <fpage>17</fpage>
               </mixed-citation>
            </p>
            <p>
               <mixed-citation id="d24796e135" publication-type="other">
Wang Li (1958: 142-81, 468-80, 651-63)</mixed-citation>
            </p>
            <p>
               <mixed-citation id="d24796e141" publication-type="book">
James J. Y. Liu (1962:
146-50)  <fpage>146</fpage>
               </mixed-citation>
            </p>
            <p>
               <mixed-citation id="d24796e156" publication-type="book">
Watson (1971: 16-17, 102-3)  <fpage>16</fpage>
               </mixed-citation>
            </p>
            <p>
               <mixed-citation id="d24796e167" publication-type="book">
François Cheng (1982: 53-55)  <fpage>53</fpage>
               </mixed-citation>
            </p>
         </fn>
         <fn id="d24796e179a1310">
            <label>2</label>
            <p>
               <mixed-citation id="d24796e186" publication-type="journal">
"Rhetoric," and "Rhetoric to Alexander," in The Complete Works of Aristotle, vol. II
(1984: 2249-50 and 2295-96)<fpage>2249</fpage>
                  <volume>II</volume>
                  <source>The Complete Works of Aristotle</source>
                  <year>1984</year>
               </mixed-citation>
            </p>
            <p>
               <mixed-citation id="d24796e208" publication-type="book">
Cicero, De Partitione Oratoria (1948: 6:21: 326ff.)<person-group>
                     <string-name>
                        <surname>Cicero</surname>
                     </string-name>
                  </person-group>
                  <fpage>21</fpage>
                  <volume>6</volume>
                  <source>De Partitione Oratoria</source>
                  <year>1948</year>
               </mixed-citation>
            </p>
            <p>
               <mixed-citation id="d24796e236" publication-type="book">
Quintilian, De Institutione Oratoria (1805: 9:3:81-99: 199-200)<person-group>
                     <string-name>
                        <surname>Quintilian</surname>
                     </string-name>
                  </person-group>
                  <fpage>81</fpage>
                  <volume>9</volume>
                  <source>De Institutione Oratoria</source>
                  <year>1805</year>
               </mixed-citation>
            </p>
            <p>
               <mixed-citation id="d24796e265" publication-type="other">
Ch'ien
Chung-shu's application of certain terms of classical Western rhetoric to Chinese
examples (1979: Vol. I: 66, Vol. III: 858 et passim)</mixed-citation>
            </p>
         </fn>
         <fn id="d24796e278a1310">
            <label>3</label>
            <p>
               <mixed-citation id="d24796e285" publication-type="book">
The Rig Veda (1984 [1981]: 10:129:3: 25; 10:71:1-2: 61)<fpage>1</fpage>
                  <volume>10</volume>
                  <source>The Rig Veda</source>
                  <year>1984</year>
               </mixed-citation>
            </p>
            <p>
               <mixed-citation id="d24796e303" publication-type="other">
Beeston, Johnstone,
Serjeant, and Smith (1983: 180-85)</mixed-citation>
            </p>
         </fn>
         <fn id="d24796e313a1310">
            <label>4</label>
            <p>
               <mixed-citation id="d24796e320" publication-type="other">
Berlin (1985: 1-3)</mixed-citation>
            </p>
            <p>
               <mixed-citation id="d24796e326" publication-type="other">
Kugel (1981: 2, 12-
15)</mixed-citation>
            </p>
            <p>
               <mixed-citation id="d24796e335" publication-type="other">
Baker (1973: 429-40)</mixed-citation>
            </p>
         </fn>
         <fn id="d24796e343a1310">
            <label>5</label>
            <p>
               <mixed-citation id="d24796e350" publication-type="book">
parallelismus membrorum<source>parallelismus membrorum</source>
               </mixed-citation>
            </p>
            <p>
               <mixed-citation id="d24796e359" publication-type="partial">
footnote 2</mixed-citation>
            </p>
         </fn>
         <fn id="d24796e366a1310">
            <label>6</label>
            <p>
               <mixed-citation id="d24796e373" publication-type="book">
Koran (1974 [1956]: 93:1-2, 92:4-8: 24; 84:1-4,
8-12: 48-49)<fpage>1</fpage>
                  <volume>93</volume>
                  <source>Koran</source>
                  <year>1974</year>
               </mixed-citation>
            </p>
         </fn>
         <fn id="d24796e396a1310">
            <label>7</label>
            <p>
               <mixed-citation id="d24796e403" publication-type="other">
footnote 4</mixed-citation>
            </p>
         </fn>
         <fn id="d24796e410a1310">
            <label>8</label>
            <p>
               <mixed-citation id="d24796e417" publication-type="book">
Furuta (1982: 18ff  <fpage>18</fpage>
               </mixed-citation>
            </p>
         </fn>
         <fn id="d24796e429a1310">
            <label>9</label>
            <p>
               <mixed-citation id="d24796e436" publication-type="book">
Kao and Mei ("Parallelism always recycles the syntactic flow backwards onto
itself" [1971: 57]<person-group>
                     <string-name>
                        <surname>Kao</surname>
                     </string-name>
                  </person-group>
                  <fpage>57</fpage>
                  <source>Parallelism always recycles the syntactic flow backwards onto itself</source>
                  <year>1971</year>
               </mixed-citation>
            </p>
            <p>
               <mixed-citation id="d24796e464" publication-type="book">
Brower and Miner (1961: 10, 86,
379)  <fpage>10</fpage>
               </mixed-citation>
            </p>
            <p>
               <mixed-citation id="d24796e478" publication-type="book">
Furuta (1982: 13, 15)  <fpage>18</fpage>
               </mixed-citation>
            </p>
         </fn>
         <fn id="d24796e490a1310">
            <label>10</label>
            <p>
               <mixed-citation id="d24796e497" publication-type="book">
Cheng (1982: 53)  <fpage>53</fpage>
               </mixed-citation>
            </p>
         </fn>
         <fn id="d24796e510a1310">
            <label>12</label>
            <p>
               <mixed-citation id="d24796e517" publication-type="book">
Berlin's
"linkage of contrast and equivalence" (1985: 10)<person-group>
                     <string-name>
                        <surname>Berlin</surname>
                     </string-name>
                  </person-group>
                  <fpage>10</fpage>
                  <source>linkage of contrast and equivalence</source>
                  <year>1985</year>
               </mixed-citation>
            </p>
            <p>
               <mixed-citation id="d24796e545" publication-type="book">
Kugel (1981: 51)  <fpage>51</fpage>
               </mixed-citation>
            </p>
            <p>
               <mixed-citation id="d24796e556" publication-type="book">
James
Liu's discussion of "antithetical" couplets (1962: 146-50)<person-group>
                     <string-name>
                        <surname>Liu</surname>
                     </string-name>
                  </person-group>
                  <fpage>146</fpage>
                  <source>antithetical</source>
                  <year>1962</year>
               </mixed-citation>
            </p>
            <p>
               <mixed-citation id="d24796e585" publication-type="book">
Furuta (1982:
15f., 36ff.  <fpage>15</fpage>
               </mixed-citation>
            </p>
         </fn>
         <fn id="d24796e600a1310">
            <label>13</label>
            <p>
               <mixed-citation id="d24796e607" publication-type="book">
Ch'ien: i MA,,M (1965: 219)  <fpage>219</fpage>
               </mixed-citation>
            </p>
            <p>
               <mixed-citation id="d24796e618" publication-type="other">
4U 4 jl (1979: 1083)</mixed-citation>
            </p>
         </fn>
         <fn id="d24796e625a1310">
            <label>14</label>
            <p>
               <mixed-citation id="d24796e632" publication-type="other">
Kukai (1983: 224-76)</mixed-citation>
            </p>
            <p>
               <mixed-citation id="d24796e638" publication-type="other">
page 226</mixed-citation>
            </p>
            <p>
               <mixed-citation id="d24796e644" publication-type="other">
pages 468ff</mixed-citation>
            </p>
            <p>
               <mixed-citation id="d24796e651" publication-type="book">
Wen-hsin tiao-lung (Liu 1959: 61f.)<fpage>61</fpage>
                  <source>Wen-hsin tiao-lung</source>
                  <year>1959</year>
               </mixed-citation>
            </p>
            <p>
               <mixed-citation id="d24796e666" publication-type="book">
Furuta (1982: 45-148, especially pages llff., and 181ff., 381f.)  <fpage>45</fpage>
               </mixed-citation>
            </p>
         </fn>
         <fn id="d24796e678a1310">
            <label>15</label>
            <p>
               <mixed-citation id="d24796e685" publication-type="book">
Liu: fj ( V (1959: 59)  <fpage>59</fpage>
               </mixed-citation>
            </p>
            <p>
               <mixed-citation id="d24796e696" publication-type="other">
Ki-kai: NIY j,(1983: 264)</mixed-citation>
            </p>
         </fn>
         <fn id="d24796e703a1310">
            <label>16</label>
            <p>
               <mixed-citation id="d24796e710" publication-type="book">
Liu (1959: 59, and the final verse on 63)  <fpage>59</fpage>
               </mixed-citation>
            </p>
            <p>
               <mixed-citation id="d24796e721" publication-type="book">
Shih (1959: 190)  <fpage>190</fpage>
               </mixed-citation>
            </p>
            <p>
               <mixed-citation id="d24796e732" publication-type="book">
Chang (1986: 65)  <fpage>65</fpage>
               </mixed-citation>
            </p>
         </fn>
         <fn id="d24796e744a1310">
            <label>17</label>
            <p>
               <mixed-citation id="d24796e751" publication-type="book">
Chin (1934: 7-32)  <fpage>7</fpage>
               </mixed-citation>
            </p>
            <p>
               <mixed-citation id="d24796e762" publication-type="book">
Liu (1965: 11-25)  <fpage>11</fpage>
               </mixed-citation>
            </p>
            <p>
               <mixed-citation id="d24796e773" publication-type="book">
Furuta (1982:
22f., 313ff.)  <fpage>22</fpage>
               </mixed-citation>
            </p>
         </fn>
         <fn id="d24796e789a1310">
            <label>18</label>
            <p>
               <mixed-citation id="d24796e796" publication-type="book">
Chin (1934)  </mixed-citation>
            </p>
            <p>
               <mixed-citation id="d24796e804" publication-type="book">
Wang (1956: 154-78)  <fpage>154</fpage>
               </mixed-citation>
            </p>
            <p>
               <mixed-citation id="d24796e815" publication-type="book">
Liu
(1965)  </mixed-citation>
            </p>
            <p>
               <mixed-citation id="d24796e827" publication-type="book">
Hightower (1966: 108-41)  <fpage>108</fpage>
               </mixed-citation>
            </p>
            <p>
               <mixed-citation id="d24796e838" publication-type="book">
Chiang (1986: 3ff., 299-352)  <fpage>3</fpage>
               </mixed-citation>
            </p>
            <p>
               <mixed-citation id="d24796e849" publication-type="book">
Nienhauser (1986: 656-60)  <fpage>656</fpage>
               </mixed-citation>
            </p>
         </fn>
         <fn id="d24796e861a1310">
            <label>19</label>
            <p>
               <mixed-citation id="d24796e868" publication-type="book">
Ku-wen pi-fa pai-p'ien (1881)<source>Ku-wen pi-fa pai-p'ien</source>
                  <year>1881</year>
               </mixed-citation>
            </p>
            <p>
               <mixed-citation id="d24796e880" publication-type="book">
Ch'ien (1979: 324)  <fpage>324</fpage>
               </mixed-citation>
            </p>
            <p>
               <mixed-citation id="d24796e891" publication-type="journal">
Wang (1986: 344)  <fpage>344</fpage>
               </mixed-citation>
            </p>
         </fn>
         <fn id="d24796e903a1310">
            <label>20</label>
            <p>
               <mixed-citation id="d24796e910" publication-type="book">
Hartman (1986: 239ff.)  <fpage>239</fpage>
               </mixed-citation>
            </p>
         </fn>
         <fn id="d24796e922a1310">
            <label>21</label>
            <p>
               <mixed-citation id="d24796e929" publication-type="other">
my unpublished
paper "The Prose of Our Time" (Plaks n.d.: 3ff.)</mixed-citation>
            </p>
            <p>
               <mixed-citation id="d24796e938" publication-type="book">
Chiang (1986: 533-38)  <fpage>533</fpage>
               </mixed-citation>
            </p>
         </fn>
         <fn id="d24796e950a1310">
            <label>22</label>
            <p>
               <mixed-citation id="d24796e957" publication-type="book">
Sung (1934: 57-64)  <fpage>57</fpage>
               </mixed-citation>
            </p>
            <p>
               <mixed-citation id="d24796e968" publication-type="book">
Ch'ien (1939: 13-17)  <fpage>13</fpage>
               </mixed-citation>
            </p>
            <p>
               <mixed-citation id="d24796e979" publication-type="book">
Kuo (1955: 297, 317-24, 342-48)  <fpage>297</fpage>
               </mixed-citation>
            </p>
            <p>
               <mixed-citation id="d24796e991" publication-type="book">
Chin (1934: 124f.)  <fpage>12</fpage>
               </mixed-citation>
            </p>
            <p>
               <mixed-citation id="d24796e1002" publication-type="other">
the ssu-liu style</mixed-citation>
            </p>
            <p>
               <mixed-citation id="d24796e1008" publication-type="book">
Liu (1965: 14f., 74)  <fpage>14</fpage>
               </mixed-citation>
            </p>
         </fn>
         <fn id="d24796e1020a1310">
            <label>23</label>
            <p>
               <mixed-citation id="d24796e1027" publication-type="book">
Knechtges (1982: 45ff.).  <fpage>45</fpage>
               </mixed-citation>
            </p>
         </fn>
         <fn id="d24796e1040a1310">
            <label>24</label>
            <p>
               <mixed-citation id="d24796e1047" publication-type="journal">
Huters (1987: 62, 67ff., 75f., 81-83)  <fpage>62</fpage>
               </mixed-citation>
            </p>
         </fn>
         <fn id="d24796e1059a1310">
            <label>25</label>
            <p>
               <mixed-citation id="d24796e1066" publication-type="journal">
my "Prose of Our Time" (footnote 21)<source>Prose of Our Time</source>
               </mixed-citation>
            </p>
            <p>
               <mixed-citation id="d24796e1075" publication-type="book">
Nienhauser (1986: 641-43)  <fpage>641</fpage>
               </mixed-citation>
            </p>
            <p>
               <mixed-citation id="d24796e1086" publication-type="book">
Ch'ien (1965: 35)  <fpage>35</fpage>
               </mixed-citation>
            </p>
            <p>
               <mixed-citation id="d24796e1098" publication-type="book">
Chiang (1986)  </mixed-citation>
            </p>
         </fn>
         <fn id="d24796e1107a1310">
            <label>26</label>
            <p>
               <mixed-citation id="d24796e1114" publication-type="other">
Ku Yen-wu's description of the alternation of aesthetic coordinates in pa-
ku composition: - &amp;- E- - W - - - (1968: chapter 16, 398ff.)</mixed-citation>
            </p>
            <p>
               <mixed-citation id="d24796e1123" publication-type="book">
Liu (1965: 115-20)  <fpage>115</fpage>
               </mixed-citation>
            </p>
         </fn>
         <fn id="d24796e1135a1310">
            <label>27</label>
            <p>
               <mixed-citation id="d24796e1142" publication-type="book">
Waley (1978: 49)  <fpage>49</fpage>
               </mixed-citation>
            </p>
            <p>
               <mixed-citation id="d24796e1153" publication-type="journal">
Shih Ching include "P'iao yu mei" rf (No. 20)<issue>20</issue>
                  <source>Shih Ching</source>
               </mixed-citation>
            </p>
            <p>
               <mixed-citation id="d24796e1165" publication-type="book">
"Ye yu ssu-chün" TIFFE (No. 23)<source>Ye yu ssu-chün</source>
               </mixed-citation>
            </p>
            <p>
               <mixed-citation id="d24796e1175" publication-type="journal">
"Po-chou" Mtf (No. 45), "Chiang Chung-tzu
j49 T (No. 76)<issue>45</issue>
                  <source>Chiang Chung-tzu</source>
               </mixed-citation>
            </p>
            <p>
               <mixed-citation id="d24796e1190" publication-type="book">
"T'ao-yao" f Ji(No. 6)<source>T'ao-yao</source>
               </mixed-citation>
            </p>
            <p>
               <mixed-citation id="d24796e1199" publication-type="book">
"Kuan-chil" ode, see Ch'ien (1979: 66)<fpage>66</fpage>
                  <source>Kuan-chil</source>
                  <year>1979</year>
               </mixed-citation>
            </p>
         </fn>
         <fn id="d24796e1215a1310">
            <label>28</label>
            <p>
               <mixed-citation id="d24796e1222" publication-type="book">
Tai (1960: 13-18)  <fpage>13</fpage>
               </mixed-citation>
            </p>
            <p>
               <mixed-citation id="d24796e1233" publication-type="other">
Translation from Watson (1971: 20, 23)</mixed-citation>
            </p>
         </fn>
         <fn id="d24796e1240a1310">
            <label>29</label>
            <p>
               <mixed-citation id="d24796e1247" publication-type="book">
Watson (1971: 102f.)  <fpage>102</fpage>
               </mixed-citation>
            </p>
            <p>
               <mixed-citation id="d24796e1258" publication-type="book">
Lin (1978: 98ff.)  <fpage>98</fpage>
               </mixed-citation>
            </p>
         </fn>
         <fn id="d24796e1271a1310">
            <label>30</label>
            <p>
               <mixed-citation id="d24796e1278" publication-type="book">
Li Po lines, see Kao (1959: 764)  <fpage>764</fpage>
               </mixed-citation>
            </p>
            <p>
               <mixed-citation id="d24796e1289" publication-type="other">
Translation from Watson (1971: 147)</mixed-citation>
            </p>
         </fn>
         <fn id="d24796e1296a1310">
            <label>31</label>
            <p>
               <mixed-citation id="d24796e1303" publication-type="book">
Wang Wei lines, see Kao (1959: 425, 435)  <fpage>425</fpage>
               </mixed-citation>
            </p>
            <p>
               <mixed-citation id="d24796e1314" publication-type="other">
Translation modified from
Watson (1971: 175)</mixed-citation>
            </p>
         </fn>
         <fn id="d24796e1324a1310">
            <label>32</label>
            <p>
               <mixed-citation id="d24796e1331" publication-type="other">
Tu Fu, see Kao (1959: 470, 486f., 581)</mixed-citation>
            </p>
            <p>
               <mixed-citation id="d24796e1337" publication-type="book">
Birch (1965: 235, 238)  <fpage>235</fpage>
               </mixed-citation>
            </p>
         </fn>
         <fn id="d24796e1349a1310">
            <label>33</label>
            <p>
               <mixed-citation id="d24796e1356" publication-type="book">
Watson (1971: 16)  <fpage>16</fpage>
               </mixed-citation>
            </p>
         </fn>
         <fn id="d24796e1368a1310">
            <label>34</label>
            <p>
               <mixed-citation id="d24796e1375" publication-type="book">
Chang (1986: 64-67)  <fpage>64</fpage>
               </mixed-citation>
            </p>
         </fn>
         <fn id="d24796e1387a1310">
            <label>35</label>
            <p>
               <mixed-citation id="d24796e1394" publication-type="journal">
Kung Shang-jen's TLFlE T'ao-hua shan Lut
entitled "T'ao-hua shan kang-ling" AT Q 4 MIJ(1961: 22, 25)<person-group>
                     <string-name>
                        <surname>Shang-jen</surname>
                     </string-name>
                  </person-group>
                  <fpage>22</fpage>
                  <source>T'ao-hua shan</source>
                  <year>1961</year>
               </mixed-citation>
            </p>
         </fn>
         <fn id="d24796e1424a1310">
            <label>36</label>
            <p>
               <mixed-citation id="d24796e1431" publication-type="other">
Li Yü (1981: 18, 30f., 115)</mixed-citation>
            </p>
         </fn>
         <fn id="d24796e1438a1310">
            <label>38</label>
            <p>
               <mixed-citation id="d24796e1445" publication-type="book">
chapter II of my Four Masterworks of the Ming Novel (Plaks 1987: 89-95)<fpage>89</fpage>
                  <source>Four Masterworks of the Ming Novel</source>
                  <year>1987</year>
               </mixed-citation>
            </p>
         </fn>
         <fn id="d24796e1461a1310">
            <label>39</label>
            <p>
               <mixed-citation id="d24796e1468" publication-type="book">
Introduction, "Terminology and Central Concepts," in Rolston (1990:
75-123)<person-group>
                     <string-name>
                        <surname>Rolston</surname>
                     </string-name>
                  </person-group>
                  <fpage>75</fpage>
                  <source>Terminology and Central Concepts</source>
                  <year>1990</year>
               </mixed-citation>
            </p>
         </fn>
         <fn id="d24796e1497a1310">
            <label>40</label>
            <p>
               <mixed-citation id="d24796e1504" publication-type="book">
Mao's "Tu San-kuo chih fa" (1978: items 11, 20)<person-group>
                     <string-name>
                        <surname>Mao</surname>
                     </string-name>
                  </person-group>
                  <fpage>11</fpage>
                  <source>Tu San-kuo chih fa</source>
                  <year>1978</year>
               </mixed-citation>
            </p>
         </fn>
         <fn id="d24796e1529a1310">
            <label>41</label>
            <p>
               <mixed-citation id="d24796e1536" publication-type="book">
Chin Sheng-t'an (1975)  </mixed-citation>
            </p>
         </fn>
         <fn id="d24796e1545a1310">
            <label>42</label>
            <p>
               <mixed-citation id="d24796e1552" publication-type="book">
Rolston (1990: Introduction)  </mixed-citation>
            </p>
         </fn>
         <fn id="d24796e1562a1310">
            <label>43</label>
            <p>
               <mixed-citation id="d24796e1569" publication-type="book">
Plaks (1976: 188-211; 1977: 191-94)  <fpage>188</fpage>
               </mixed-citation>
            </p>
         </fn>
      </fn-group>
      <ref-list>
         <title>References</title>
         <ref id="d24796e1590a1310">
            <mixed-citation id="d24796e1594" publication-type="book">
Aristotle
1984 The Complete Works of Aristotle, edited by Jonathan Barnes, Vol. II (Prince-
ton: Princeton University Press).<person-group>
                  <string-name>
                     <surname>Aristotle</surname>
                  </string-name>
               </person-group>
               <volume>II</volume>
               <source>The Complete Works of Aristotle</source>
               <year>1984</year>
            </mixed-citation>
         </ref>
         <ref id="d24796e1626a1310">
            <mixed-citation id="d24796e1630" publication-type="journal">
Baker, Aelred
1973 "Parallelism: England's Contribution to Biblical Studies," Catholic Biblical
Quarterly 35 (4): 429-40.<person-group>
                  <string-name>
                     <surname>Baker</surname>
                  </string-name>
               </person-group>
               <fpage>429</fpage>
               <volume>35</volume>
               <source>Catholic Biblical Quarterly</source>
               <year>1973</year>
            </mixed-citation>
         </ref>
         <ref id="d24796e1665a1310">
            <mixed-citation id="d24796e1669" publication-type="book">
Beeston, A. F. L., T. M. Johnstone, R. B. Serjeant, and G. R. Smith
1983 Arabic Literature to the End of the Ummayad Period (Cambridge: Cambridge
University Press).<person-group>
                  <string-name>
                     <surname>Beeston</surname>
                  </string-name>
               </person-group>
               <source>Arabic Literature to the End of the Ummayad Period</source>
               <year>1983</year>
            </mixed-citation>
         </ref>
         <ref id="d24796e1698a1310">
            <mixed-citation id="d24796e1702" publication-type="book">
Berlin, Adele
1985 The Dynamics of Biblical Parallelism (Bloomington: Indiana University Press).<person-group>
                  <string-name>
                     <surname>Berlin</surname>
                  </string-name>
               </person-group>
               <source>The Dynamics of Biblical Parallelism</source>
               <year>1985</year>
            </mixed-citation>
         </ref>
         <ref id="d24796e1728a1310">
            <mixed-citation id="d24796e1732" publication-type="book">
Birch, Cyril
1965 Anthology of Chinese Literature, Vol. I (New York: Grove Press).<person-group>
                  <string-name>
                     <surname>Birch</surname>
                  </string-name>
               </person-group>
               <volume>I</volume>
               <source>Anthology of Chinese Literature</source>
               <year>1965</year>
            </mixed-citation>
         </ref>
         <ref id="d24796e1761a1310">
            <mixed-citation id="d24796e1765" publication-type="book">
Brower, Robert H., and Earl Miner
1961 Japanese Court Poetry (Palo Alto: Stanford University Press).<person-group>
                  <string-name>
                     <surname>Brower</surname>
                  </string-name>
               </person-group>
               <source>Japanese Court Poetry</source>
               <year>1961</year>
            </mixed-citation>
         </ref>
         <ref id="d24796e1790a1310">
            <mixed-citation id="d24796e1794" publication-type="book">
Chang, K'ang-i Sun
1986 Six Dynasties Poetry (Princeton: Princeton University Press).<person-group>
                  <string-name>
                     <surname>Chang</surname>
                  </string-name>
               </person-group>
               <source>Six Dynasties Poetry</source>
               <year>1986</year>
            </mixed-citation>
         </ref>
         <ref id="d24796e1819a1310">
            <mixed-citation id="d24796e1823" publication-type="book">
Cheng, Franwois
1982 Chinese Poetic Writing, translated by Donald A. Riggs and Jerome P. Seaton
(Bloomington: Indiana University Press).<person-group>
                  <string-name>
                     <surname>Cheng</surname>
                  </string-name>
               </person-group>
               <source>Chinese Poetic Writing</source>
               <year>1982</year>
            </mixed-citation>
         </ref>
         <ref id="d24796e1852a1310">
            <mixed-citation id="d24796e1856" publication-type="book">
Chiang, Shu-ko t if 5
1986 P'ien-wen shih-lun F C A (Beijing: Jen-min).<person-group>
                  <string-name>
                     <surname>Chiang</surname>
                  </string-name>
               </person-group>
               <source>P'ien-wen shih-lun</source>
               <year>1986</year>
            </mixed-citation>
         </ref>
         <ref id="d24796e1881a1310">
            <mixed-citation id="d24796e1885" publication-type="book">
Ch'ien, Chi-po
1939 Ming-tai wen-hsüeh (Shanghai: Shang-wu).<person-group>
                  <string-name>
                     <surname>Ch'ien</surname>
                  </string-name>
               </person-group>
               <source>Ming-tai wen-hsüeh</source>
               <year>1939</year>
            </mixed-citation>
         </ref>
         <ref id="d24796e1911a1310">
            <mixed-citation id="d24796e1915" publication-type="book">
Ch'ien, Chung-shu
1979 Kuan-chui pien (Beijing: Chung-hua).<person-group>
                  <string-name>
                     <surname>Ch'ien</surname>
                  </string-name>
               </person-group>
               <source>Kuan-chui pien</source>
               <year>1979</year>
            </mixed-citation>
            <mixed-citation id="d24796e1939" publication-type="book">
--- 1965 T'an-i lu (Hong Kong: Lung-men).<person-group>
                  <string-name>
                     <surname>Ch'ien</surname>
                  </string-name>
               </person-group>
               <source>T'an-i lu</source>
               <year>1965</year>
            </mixed-citation>
         </ref>
         <ref id="d24796e1961a1310">
            <mixed-citation id="d24796e1965" publication-type="book">
Chin, Chü-hsiang
1934 P'ien-wen kai-lun (Shanghai: Shang-wu).<person-group>
                  <string-name>
                     <surname>Chin</surname>
                  </string-name>
               </person-group>
               <source>P'ien-wen kai-lun</source>
               <year>1934</year>
            </mixed-citation>
         </ref>
         <ref id="d24796e1990a1310">
            <mixed-citation id="d24796e1994" publication-type="book">
Chin, Sheng-t'an
1975 "Tu ti-wu ts'ai-tzu shu fa", in Shui-hu chuan, Vol. I, ch. 3.
Facsimile reprint (Peking: Chung-hua).<person-group>
                  <string-name>
                     <surname>Chin</surname>
                  </string-name>
               </person-group>
               <comment content-type="section">Tu ti-wu ts'ai-tzu shu fa</comment>
               <volume>I</volume>
               <source>Shui-hu chuan</source>
               <year>1975</year>
            </mixed-citation>
         </ref>
         <ref id="d24796e2029a1310">
            <mixed-citation id="d24796e2033" publication-type="book">
Cicero
1948 De Partitione Oratoria, translated by H. Rackham (London: Heinemann).<person-group>
                  <string-name>
                     <surname>Cicero</surname>
                  </string-name>
               </person-group>
               <source>De Partitione Oratoria</source>
               <year>1948</year>
            </mixed-citation>
         </ref>
         <ref id="d24796e2058a1310">
            <mixed-citation id="d24796e2062" publication-type="book">
Furuta, Keiichi
1982 Chugoku bungaku ni okeru tsuiku to tsuiku-ron
(Tokyo: Kazama Shobo).<person-group>
                  <string-name>
                     <surname>Furuta</surname>
                  </string-name>
               </person-group>
               <source>Chugoku bungaku ni okeru tsuiku to tsuiku-ron</source>
               <year>1982</year>
            </mixed-citation>
         </ref>
         <ref id="d24796e2091a1310">
            <mixed-citation id="d24796e2095" publication-type="book">
Graham, A. C.
1970 [1965] Poems of the Late T'ang (Harmondsworth: Penguin Books).<person-group>
                  <string-name>
                     <surname>Graham</surname>
                  </string-name>
               </person-group>
               <source>Poems of the Late T'ang</source>
               <year>1970</year>
            </mixed-citation>
         </ref>
         <ref id="d24796e2121a1310">
            <mixed-citation id="d24796e2125" publication-type="book">
Hartman, Charles
1986 Han Yü and the T'ang Search for Unity (Princeton: Princeton University
Press).<person-group>
                  <string-name>
                     <surname>Hartman</surname>
                  </string-name>
               </person-group>
               <source>Han Yü and the T'ang Search for Unity</source>
               <year>1986</year>
            </mixed-citation>
         </ref>
         <ref id="d24796e2154a1310">
            <mixed-citation id="d24796e2158" publication-type="book">
Hightower, James R.
1966 "Some Characteristics of Parallel Prose," in Studies in Chinese Literature,
edited by John L. Bishop, 108-41 (Cambridge: Harvard University Press).<person-group>
                  <string-name>
                     <surname>Hightower</surname>
                  </string-name>
               </person-group>
               <comment content-type="section">Some Characteristics of Parallel Prose</comment>
               <fpage>108</fpage>
               <source>Studies in Chinese Literature</source>
               <year>1966</year>
            </mixed-citation>
         </ref>
         <ref id="d24796e2193a1310">
            <mixed-citation id="d24796e2197" publication-type="journal">
Huters, Theodore
1987 "From Writing to Literature: The Development of Late Qing Theories of
Prose," Harvard Journal of Asiatic Studies 47 ( 1): 51-96.<object-id pub-id-type="doi">10.2307/2719158</object-id>
               <fpage>51</fpage>
            </mixed-citation>
         </ref>
         <ref id="d24796e2216a1310">
            <mixed-citation id="d24796e2220" publication-type="book">
Jakobson, Roman
1960 "Closing Statement: Linguistics and Poetics," in Style in Language, edited
by Thomas A. Sebeok, 350-77 (Cambridge, MA: MIT Press).<person-group>
                  <string-name>
                     <surname>Jakobson</surname>
                  </string-name>
               </person-group>
               <comment content-type="section">Closing Statement: Linguistics and Poetics</comment>
               <fpage>350</fpage>
               <source>Style in Language</source>
               <year>1960</year>
            </mixed-citation>
         </ref>
         <ref id="d24796e2255a1310">
            <mixed-citation id="d24796e2259" publication-type="book">
Kao, Pu-ying
1959 T'ang-Sung shih chü-yao (Shanghai: Chang-hua).<person-group>
                  <string-name>
                     <surname>Kao</surname>
                  </string-name>
               </person-group>
               <source>T'ang-Sung shih chü-yao</source>
               <year>1959</year>
            </mixed-citation>
         </ref>
         <ref id="d24796e2284a1310">
            <mixed-citation id="d24796e2288" publication-type="journal">
Kao, Yu-kung, and Tsu-lin Mei
1971 "Syntax, Diction, and Imagery in T'ang Poetry," Harvard Journal of Asiatic
Studies 31: 51-136.<object-id pub-id-type="doi">10.2307/2718714</object-id>
               <fpage>51</fpage>
            </mixed-citation>
         </ref>
         <ref id="d24796e2308a1310">
            <mixed-citation id="d24796e2312" publication-type="book">
Knechtges, David
1982 Wen Xuan (Princeton: Princeton University Press).<person-group>
                  <string-name>
                     <surname>Knechtges</surname>
                  </string-name>
               </person-group>
               <source>Wen Xuan</source>
               <year>1982</year>
            </mixed-citation>
         </ref>
         <ref id="d24796e2337a1310">
            <mixed-citation id="d24796e2341" publication-type="book">
Koran
1974 [1956] Translated by N. J. Dawood (New York: Penguin Books).<person-group>
                  <string-name>
                     <surname>Dawood</surname>
                  </string-name>
               </person-group>
               <source>Koran</source>
               <year>1974</year>
            </mixed-citation>
         </ref>
         <ref id="d24796e2366a1310">
            <mixed-citation id="d24796e2370" publication-type="book">
Ku, Yen-wu
1968 Jih-chih lu chi-shih (Taipei: Shih-chieh).<person-group>
                  <string-name>
                     <surname>Ku</surname>
                  </string-name>
               </person-group>
               <source>Jih-chih lu chi-shih</source>
               <year>1968</year>
            </mixed-citation>
         </ref>
         <ref id="d24796e2395a1310">
            <mixed-citation id="d24796e2399" publication-type="book">
Kugel, James L.
1981 The Idea of Biblical Poetry (New Haven: Yale University Press).<person-group>
                  <string-name>
                     <surname>Kugel</surname>
                  </string-name>
               </person-group>
               <source>The Idea of Biblical Poetry</source>
               <year>1981</year>
            </mixed-citation>
         </ref>
         <ref id="d24796e2424a1310">
            <mixed-citation id="d24796e2428" publication-type="book">
Kükai (Kobo Daishi)
1983 [8th-9th C. E.] Wen-ching mi-fu lun chiao-chu, edited by Wang Li-ch'i
(Beijing: Chung-kuo she-hui k'o-hsüeh).<person-group>
                  <string-name>
                     <surname>Kükai</surname>
                  </string-name>
               </person-group>
               <source>Wen-ching mi-fu lun chiao-chu</source>
               <year>1983</year>
            </mixed-citation>
         </ref>
         <ref id="d24796e2457a1310">
            <mixed-citation id="d24796e2461" publication-type="book">
K'ung, Shang-jen
1961 T'ao-hua shan (Peking: Jen-min).<person-group>
                  <string-name>
                     <surname>K'ung</surname>
                  </string-name>
               </person-group>
               <source>T'ao-hua shan</source>
               <year>1961</year>
            </mixed-citation>
         </ref>
         <ref id="d24796e2487a1310">
            <mixed-citation id="d24796e2491" publication-type="book">
Kuo, Shao-yü
1955 Chung-kuo wen-hsüeh p'i-p'ing shih (Shanghai: Hsin wen-i).<person-group>
                  <string-name>
                     <surname>Kuo</surname>
                  </string-name>
               </person-group>
               <source>Chung-kuo wen-hsüeh p'i-p'ing shih</source>
               <year>1955</year>
            </mixed-citation>
         </ref>
         <ref id="d24796e2516a1310">
            <mixed-citation id="d24796e2520" publication-type="other">
Ku-wen pi-fa pai-p'ien
1881 (Shanghai: Chin-pu shu-chü).</mixed-citation>
         </ref>
         <ref id="d24796e2530a1310">
            <mixed-citation id="d24796e2534" publication-type="book">
Li, Yü
1981 Hsien-ch'ing ou-chini , edited by Hsü Shou-kai (Ho-fei: An-huei Jen-
min).<person-group>
                  <string-name>
                     <surname>Li</surname>
                  </string-name>
               </person-group>
               <source>Hsien-ch'ing ou-chini</source>
               <year>1981</year>
            </mixed-citation>
         </ref>
         <ref id="d24796e2563a1310">
            <mixed-citation id="d24796e2567" publication-type="book">
Lin, Shuen-fu
1978 The Transformation of the Chinese Lyric Tradition (Princeton: Princeton Uni-
versity Press).<person-group>
                  <string-name>
                     <surname>Lin</surname>
                  </string-name>
               </person-group>
               <source>The Transformation of the Chinese Lyric Tradition</source>
               <year>1978</year>
            </mixed-citation>
         </ref>
         <ref id="d24796e2596a1310">
            <mixed-citation id="d24796e2600" publication-type="book">
Liu, Hsieh
1959 [6th C. E.] Wen-hsin tiao-lung, edited by Chuang Shih (Hong Kong: Shang-
wu).<person-group>
                  <string-name>
                     <surname>Liu</surname>
                  </string-name>
               </person-group>
               <edition>6</edition>
               <source>Wen-hsin tiao-lung</source>
               <year>1959</year>
            </mixed-citation>
         </ref>
         <ref id="d24796e2632a1310">
            <mixed-citation id="d24796e2636" publication-type="book">
Liu, James J. Y.
1962 The Art of Chinese Poetry (Chicago: University of Chicago Press).<person-group>
                  <string-name>
                     <surname>Liu</surname>
                  </string-name>
               </person-group>
               <source>The Art of Chinese Poetry</source>
               <year>1962</year>
            </mixed-citation>
         </ref>
         <ref id="d24796e2662a1310">
            <mixed-citation id="d24796e2666" publication-type="book">
Liu, Lin-sheng
1965 Chung-kuo p'ien-wen shih (Taipei: Shang-wu).<person-group>
                  <string-name>
                     <surname>Liu</surname>
                  </string-name>
               </person-group>
               <source>Chung-kuo p'ien-wen shih</source>
               <year>1965</year>
            </mixed-citation>
         </ref>
         <ref id="d24796e2691a1310">
            <mixed-citation id="d24796e2695" publication-type="book">
Lotman, Yurij
1977 [1970] The Structure of the Artistic Text, translated by R. and G. Vroon (Ann
Arbor: University of Michigan Press).<person-group>
                  <string-name>
                     <surname>Lotman</surname>
                  </string-name>
               </person-group>
               <source>The Structure of the Artistic Text</source>
               <year>1977</year>
            </mixed-citation>
         </ref>
         <ref id="d24796e2724a1310">
            <mixed-citation id="d24796e2728" publication-type="book">
Lyly, John
1916 [ 1578, 1580] Euphues: The Anatomy of Wit; Euphues and His England (London:
Routledge).<person-group>
                  <string-name>
                     <surname>Lyly</surname>
                  </string-name>
               </person-group>
               <source>Euphues: The Anatomy of Wit; Euphues and His England</source>
               <year>1916</year>
            </mixed-citation>
         </ref>
         <ref id="d24796e2757a1310">
            <mixed-citation id="d24796e2761" publication-type="book">
Mao, Tsung-kang
1978 " Tu San-kuo chih fa", in San-kuo chih yen-i (Hong Kong: Shang-
wu).<person-group>
                  <string-name>
                     <surname>Mao</surname>
                  </string-name>
               </person-group>
               <comment content-type="section">Tu San-kuo chih fa</comment>
               <source>San-kuo chih yen-i</source>
               <year>1978</year>
            </mixed-citation>
         </ref>
         <ref id="d24796e2793a1310">
            <mixed-citation id="d24796e2797" publication-type="book">
Margoulies, Georges
1929 Evolution de la prose artistique chinoise (Munich: Encyclopedie-Verlag).<person-group>
                  <string-name>
                     <surname>Margoulies</surname>
                  </string-name>
               </person-group>
               <source>Evolution de la prose artistique chinoise</source>
               <year>1929</year>
            </mixed-citation>
         </ref>
         <ref id="d24796e2822a1310">
            <mixed-citation id="d24796e2826" publication-type="book">
Nienhauser, William H.
1986 Indiana Companion to Traditional Chinese Literature (Bloomington: Indiana
University Press).<person-group>
                  <string-name>
                     <surname>Nienhauser</surname>
                  </string-name>
               </person-group>
               <source>Indiana Companion to Traditional Chinese Literature</source>
               <year>1986</year>
            </mixed-citation>
         </ref>
         <ref id="d24796e2856a1310">
            <mixed-citation id="d24796e2860" publication-type="book">
Norden, Eduard
1898 Die Antike Kunstprosa (Leipzig: Teubner).<person-group>
                  <string-name>
                     <surname>Norden</surname>
                  </string-name>
               </person-group>
               <source>Die Antike Kunstprosa</source>
               <year>1898</year>
            </mixed-citation>
         </ref>
         <ref id="d24796e2885a1310">
            <mixed-citation id="d24796e2891" publication-type="book">
Plaks, Andrew H.
1976 Archetype and Allegory in the Dream of the Red Chamber (Princeton: Princeton
University Press).<person-group>
                  <string-name>
                     <surname>Plaks</surname>
                  </string-name>
               </person-group>
               <source>Archetype and Allegory in the Dream of the Red Chamber</source>
               <year>1976</year>
            </mixed-citation>
            <mixed-citation id="d24796e2919" publication-type="book">
1977 "Allegory in Hsi-yu chi and Hung-lou Meng," in Chinese Narrative (Prince-
ton: Princeton University Press).<person-group>
                  <string-name>
                     <surname>Plaks</surname>
                  </string-name>
               </person-group>
               <comment content-type="section">Allegory in Hsi-yu chi and Hung-lou Meng</comment>
               <source>Chinese Narrative</source>
               <year>1977</year>
            </mixed-citation>
            <mixed-citation id="d24796e2947" publication-type="book">
1987 Four Masterworks of the Ming Novel: Ssu ta ch'i-shu (Princeton: Princeton
University Press).<person-group>
                  <string-name>
                     <surname>Plaks</surname>
                  </string-name>
               </person-group>
               <source>Four Masterworks of the Ming Novel: Ssu ta ch'i-shu</source>
               <year>1987</year>
            </mixed-citation>
            <mixed-citation id="d24796e2972" publication-type="other">
n.d. "The Prose of Our Time." Unpublished.</mixed-citation>
         </ref>
         <ref id="d24796e2979a1310">
            <mixed-citation id="d24796e2983" publication-type="book">
Quintilian
1805 De Institutione Oratoria (Institutions of Eloquence), translated by W. Guthrie
(London).<person-group>
                  <string-name>
                     <surname>Quintilian</surname>
                  </string-name>
               </person-group>
               <source>De Institutione Oratoria</source>
               <year>1805</year>
            </mixed-citation>
         </ref>
         <ref id="d24796e3012a1310">
            <mixed-citation id="d24796e3016" publication-type="book">
Riffaterre, Michael
1970 [1966] "Describing Poetic Structures: Two Approaches to Baudelaire's Les
Chats," in Structuralism, edited by Jacques Ehrmann, 188-230 (Garden City,
NY: Anchor Books).<person-group>
                  <string-name>
                     <surname>Riffaterre</surname>
                  </string-name>
               </person-group>
               <comment content-type="section">Describing Poetic Structures: Two Approaches to Baudelaire's Les Chats</comment>
               <fpage>188</fpage>
               <source>Structuralism</source>
               <year>1970</year>
            </mixed-citation>
         </ref>
         <ref id="d24796e3054a1310">
            <mixed-citation id="d24796e3058" publication-type="book">
Rig Veda
1984 [1981] Translated by Wendy O'Flaherty (New York: Penguin Books).<person-group>
                  <string-name>
                     <surname>O'Flaherty</surname>
                  </string-name>
               </person-group>
               <source>Rig Veda</source>
               <year>1984</year>
            </mixed-citation>
         </ref>
         <ref id="d24796e3083a1310">
            <mixed-citation id="d24796e3087" publication-type="book">
Rolston, David
1990 How to Read the Chinese Novel (Princeton: Princeton University Press).<person-group>
                  <string-name>
                     <surname>Rolston</surname>
                  </string-name>
               </person-group>
               <source>How to Read the Chinese Novel</source>
               <year>1990</year>
            </mixed-citation>
         </ref>
         <ref id="d24796e3113a1310">
            <mixed-citation id="d24796e3117" publication-type="book">
Shih, Vincent
1959 The Literary Mind and the Carving of Dragons (New York: Columbia Univer-
sity Press).<person-group>
                  <string-name>
                     <surname>Shih</surname>
                  </string-name>
               </person-group>
               <source>The Literary Mind and the Carving of Dragons</source>
               <year>1959</year>
            </mixed-citation>
         </ref>
         <ref id="d24796e3146a1310">
            <mixed-citation id="d24796e3150" publication-type="book">
Sung, P'ei-wei
1934 Ming wen-hsüeh shih (Shanghai: Shang-wu).<person-group>
                  <string-name>
                     <surname>Sung</surname>
                  </string-name>
               </person-group>
               <source>Ming wen-hsüeh shih</source>
               <year>1934</year>
            </mixed-citation>
         </ref>
         <ref id="d24796e3175a1310">
            <mixed-citation id="d24796e3179" publication-type="book">
Tai, Chün-jen, ed.
1960 Shih-hsüan (Taipei: Chung-hua).<person-group>
                  <string-name>
                     <surname>Tai</surname>
                  </string-name>
               </person-group>
               <source>Shih-hsüan</source>
               <year>1960</year>
            </mixed-citation>
         </ref>
         <ref id="d24796e3204a1310">
            <mixed-citation id="d24796e3208" publication-type="book">
Waley, Arthur
1978 The Book of Songs (New York: Grove Press).<person-group>
                  <string-name>
                     <surname>Waley</surname>
                  </string-name>
               </person-group>
               <source>The Book of Songs</source>
               <year>1978</year>
            </mixed-citation>
         </ref>
         <ref id="d24796e3233a1310">
            <mixed-citation id="d24796e3237" publication-type="book">
Wang, Li
1958 Han-yii shih-lii hsüeh (Shanghai: Hsin chih-shih).<person-group>
                  <string-name>
                     <surname>Wang</surname>
                  </string-name>
               </person-group>
               <source>Han-yii shih-lii hsüeh</source>
               <year>1958</year>
            </mixed-citation>
         </ref>
         <ref id="d24796e3262a1310">
            <mixed-citation id="d24796e3266" publication-type="journal">
Wang, Li-ch'i
1986 "Chi-chung yu mu wu shu ti chang-hui hsiao-shuo",
in Ku-tien wen-hsüeh lun-ts'ung 5: 344.<person-group>
                  <string-name>
                     <surname>Wang</surname>
                  </string-name>
               </person-group>
               <fpage>344</fpage>
               <volume>5</volume>
               <source>Ku-tien wen-hsüeh lun-ts'ung</source>
               <year>1986</year>
            </mixed-citation>
         </ref>
         <ref id="d24796e3302a1310">
            <mixed-citation id="d24796e3306" publication-type="book">
Wang, Yao
1956 "Hsi-Yü yi p'ien-wen," in Chung-kuo wen-hsüeh shih lun-chi
(Shanghai: Ku-tien wen-hsueh).<person-group>
                  <string-name>
                     <surname>Wang</surname>
                  </string-name>
               </person-group>
               <comment content-type="section">Hsi-Yü yi p'ien-wen</comment>
               <source>Chung-kuo wen-hsüeh shih lun-chi</source>
               <year>1956</year>
            </mixed-citation>
         </ref>
         <ref id="d24796e3338a1310">
            <mixed-citation id="d24796e3342" publication-type="book">
Watson, Burton
1971 Chinese Lyricism (New York and London: Columbia University Press).<person-group>
                  <string-name>
                     <surname>Watson</surname>
                  </string-name>
               </person-group>
               <source>Chinese Lyricism</source>
               <year>1971</year>
            </mixed-citation>
         </ref>
      </ref-list>
   </back>
</article>
