<article dtd-version="1.0" article-type="research-article">
   <front>
      <journal-meta>
         <journal-id xmlns:xlink="http://www.w3.org/1999/xlink" journal-id-type="jstor">poeticstoday</journal-id>
         <journal-id xmlns:xlink="http://www.w3.org/1999/xlink" journal-id-type="jstor">j100659</journal-id>
         <journal-title-group xmlns:xlink="http://www.w3.org/1999/xlink">
            <journal-title>Poetics Today</journal-title>
         </journal-title-group>
         <publisher>
            <publisher-name>Porter Institute for Poetics and Semiotics</publisher-name>
         </publisher>
         <issn xmlns:xlink="http://www.w3.org/1999/xlink" pub-type="ppub">03335372</issn>
         <issn xmlns:xlink="http://www.w3.org/1999/xlink" pub-type="epub">15275507</issn>
      </journal-meta>
      <article-meta>
         <article-id xmlns:xlink="http://www.w3.org/1999/xlink" pub-id-type="doi">10.2307/1772484</article-id>
         <article-categories>
            <subj-group>
               <subject>Translation Theory and Methodology</subject>
            </subj-group>
         </article-categories>
         <title-group>
            <article-title>Programmatic Second Thoughts on "Literary" and "Translation": Or: Where Do We Go from Here</article-title>
         </title-group>
         <contrib-group>
            <contrib contrib-type="author">
               <string-name xmlns:xlink="http://www.w3.org/1999/xlink">
                  <given-names>André</given-names>
                  <surname>Lefevere</surname>
               </string-name>
            </contrib>
         </contrib-group>
         <pub-date xmlns:xlink="http://www.w3.org/1999/xlink">
            <day>1</day>
            <month>7</month>
            <year>1981</year>
      
            <day>1</day>
            <month>10</month>
            <year>1981</year>
         </pub-date>
         <volume>2</volume>
         <issue>4</issue>
         <issue-id xmlns:xlink="http://www.w3.org/1999/xlink">i303054</issue-id>
         <fpage>39</fpage>
         <lpage>50</lpage>
         <page-range>39-50</page-range>
         <permissions>
            <copyright-statement>Copyright The Porter Institute for Poetics and Semiotics Tel Aviv University</copyright-statement>
         </permissions>
         <self-uri xmlns:xlink="http://www.w3.org/1999/xlink"
                   xlink:href="http://www.jstor.org/stable/1772484"/>
         <custom-meta-group xmlns:xlink="http://www.w3.org/1999/xlink">
            <custom-meta>
               <meta-name>lang</meta-name>
               <meta-value>eng</meta-value>
            </custom-meta>
         </custom-meta-group>
      </article-meta>
   </front>
   <back>
      <ref-list>
         <title>References</title>
         <ref id="d9803e159a1310">
            <mixed-citation id="d9803e163" publication-type="book">
BORCHARDT, R., 1908. "Dante und deutscher Dante," in: Lefevere, 1977: 109.<person-group>
                  <string-name xmlns:xlink="http://www.w3.org/1999/xlink">
                     <surname>Borchardt</surname>
                  </string-name>
               </person-group>
               <fpage>109</fpage>
               <source>Dante und deutscher Dante</source>
               <year>1908</year>
            </mixed-citation>
         </ref>
         <ref id="d9803e188a1310">
            <mixed-citation id="d9803e192" publication-type="book">
BUNGE, M., 1967. Scientific Research II (New York: Springer).<person-group>
                  <string-name xmlns:xlink="http://www.w3.org/1999/xlink">
                     <surname>Bunge</surname>
                  </string-name>
               </person-group>
               <source>Scientific Research II</source>
               <year>1967</year>
            </mixed-citation>
         </ref>
         <ref id="d9803e214a1310">
            <mixed-citation id="d9803e218" publication-type="book">
ELLIS, J.M., 1974. The Theory of Literature (Berkeley: California UP).<person-group>
                  <string-name xmlns:xlink="http://www.w3.org/1999/xlink">
                     <surname>Ellis</surname>
                  </string-name>
               </person-group>
               <source>The Theory of Literature</source>
               <year>1974</year>
            </mixed-citation>
         </ref>
         <ref id="d9803e240a1310">
            <mixed-citation id="d9803e244" publication-type="book">
GUILLEN, C., 1975. "Introduction," in: Literature as System (Princeton UP), 3-14.<person-group>
                  <string-name xmlns:xlink="http://www.w3.org/1999/xlink">
                     <surname>Guillen</surname>
                  </string-name>
               </person-group>
               <comment content-type="section">Introduction</comment>
               <fpage>3</fpage>
               <source>Literature as System</source>
               <year>1975</year>
            </mixed-citation>
         </ref>
         <ref id="d9803e274a1310">
            <mixed-citation id="d9803e278" publication-type="book">
HUYSSEN, A., 1969. Die friihromantische Konzeption von Ubersetzung und Aneignung (Ziirich:
Atlantis).<person-group>
                  <string-name xmlns:xlink="http://www.w3.org/1999/xlink">
                     <surname>Huyssen</surname>
                  </string-name>
               </person-group>
               <source>Die friihromantische Konzeption von Ubersetzung und Aneignung</source>
               <year>1969</year>
            </mixed-citation>
         </ref>
         <ref id="d9803e303a1310">
            <mixed-citation id="d9803e307" publication-type="book">
LEFEVERE, A., 1977. Translating Literature: The German Tradition (Assen &amp; Amsterdam: Van
Gorcum).<person-group>
                  <string-name xmlns:xlink="http://www.w3.org/1999/xlink">
                     <surname>Lefevere</surname>
                  </string-name>
               </person-group>
               <source>Translating Literature: The German Tradition</source>
               <year>1977</year>
            </mixed-citation>
         </ref>
         <ref id="d9803e332a1310">
            <mixed-citation id="d9803e336" publication-type="book">
MESCHONNIC, H., 1973. Pour la Poitique (Paris: Gallimard).<person-group>
                  <string-name xmlns:xlink="http://www.w3.org/1999/xlink">
                     <surname>Meschonnic</surname>
                  </string-name>
               </person-group>
               <source>Pour la Poitique</source>
               <year>1973</year>
            </mixed-citation>
         </ref>
         <ref id="d9803e358a1310">
            <mixed-citation id="d9803e362" publication-type="book">
MORGAN, B.Q., 1966. "Bibliography," in: R.A. Brower, ed., On Translation (New York: Oxford
UP), 271-296.<person-group>
                  <string-name xmlns:xlink="http://www.w3.org/1999/xlink">
                     <surname>Morgan</surname>
                  </string-name>
               </person-group>
               <comment content-type="section">Bibliography</comment>
               <fpage>271</fpage>
               <source>On Translation</source>
               <year>1966</year>
            </mixed-citation>
         </ref>
         <ref id="d9803e394a1310">
            <mixed-citation id="d9803e398" publication-type="book">
SENGER, A., 1971. Deutsche Ubersetzungstheorie im 18. Jahrhundert (Bonn: Bouvier).<person-group>
                  <string-name xmlns:xlink="http://www.w3.org/1999/xlink">
                     <surname>Senger</surname>
                  </string-name>
               </person-group>
               <source>Deutsche Ubersetzungstheorie im 18. Jahrhundert</source>
               <year>1971</year>
            </mixed-citation>
         </ref>
         <ref id="d9803e420a1310">
            <mixed-citation id="d9803e424" publication-type="book">
STEINER, G., 1975. After Babel(Oxford UP).<person-group>
                  <string-name xmlns:xlink="http://www.w3.org/1999/xlink">
                     <surname>Steiner</surname>
                  </string-name>
               </person-group>
               <source>After Babel</source>
               <year>1975</year>
            </mixed-citation>
         </ref>
         <ref id="d9803e447a1310">
            <mixed-citation id="d9803e451" publication-type="other">
TOURY, G., 1976. Norms of Literary Translation into Hebrew, Tel Aviv University (Abstract doctoral
dissertation).</mixed-citation>
         </ref>
         <ref id="d9803e461a1310">
            <mixed-citation id="d9803e465" publication-type="book">
WIENOLD, G., 1975. "Aufgaben der Textsortenspezifikation und Méglichkeiten der experimentellen
Uberprfifung," in: H. Heuermann, P. Hiihn, and B. Réttger, eds., Literarische Rezeption
(Paderborn: Schéningh), 50-71.<person-group>
                  <string-name xmlns:xlink="http://www.w3.org/1999/xlink">
                     <surname>Wienold</surname>
                  </string-name>
               </person-group>
               <comment content-type="section">Aufgaben der Textsortenspezifikation und Méglichkeiten der experimentellen Uberprfifung</comment>
               <fpage>50</fpage>
               <source>Literarische Rezeption</source>
               <year>1975</year>
            </mixed-citation>
         </ref>
      </ref-list>
   </back>
</article>
