<article xmlns:xsi="http://www.w3.org/2001/XMLSchema-instance"
         xmlns:xlink="http://www.w3.org/1999/xlink"
         xmlns:mml="http://www.w3.org/1998/Math/MathML"
         dtd-version="1.0"
         article-type="research-article">
   <front>
      <journal-meta>
         <journal-id journal-id-type="jstor">poeticstoday</journal-id>
         <journal-id journal-id-type="jstor">j100659</journal-id>
         <journal-title-group>
            <journal-title>Poetics Today</journal-title>
         </journal-title-group>
         <publisher>
            <publisher-name>Duke University Press</publisher-name>
         </publisher>
         <issn pub-type="ppub">03335372</issn>
         <issn pub-type="epub">15275507</issn>
      </journal-meta>
      <article-meta>
         <article-id pub-id-type="doi">10.2307/1772717</article-id>
         <article-categories>
            <subj-group>
               <subject>On National Literature and Cultural History: Papers from Estonia</subject>
            </subj-group>
         </article-categories>
         <title-group>
            <article-title>Technological Progress as a Problem in the Study of Culture</article-title>
         </title-group>
         <contrib-group>
            <contrib contrib-type="author">
               <string-name>
                  <given-names>Jurij M.</given-names>
                  <surname>Lotman</surname>
               </string-name>
            </contrib>
            <contrib contrib-type="author">
               <string-name>
                  <given-names>Ilana</given-names>
                  <surname>Gomel</surname>
               </string-name>
            </contrib>
         </contrib-group>
         <pub-date>
            <day>1</day>
            <month>12</month>
            <year>1991</year>
         </pub-date>
         <volume>12</volume>
         <issue>4</issue>
         <issue-id>i303092</issue-id>
         <fpage>781</fpage>
         <lpage>800</lpage>
         <page-range>781-800</page-range>
         <permissions>
            <copyright-statement>Copyright 1991 The Porter Institute for Poetics and Semiotics, Tel Aviv University</copyright-statement>
         </permissions>
         <self-uri xlink:href="http://www.jstor.org/stable/1772717"/>
         <custom-meta-group>
            <custom-meta>
               <meta-name>lang</meta-name>
               <meta-value>eng</meta-value>
            </custom-meta>
         </custom-meta-group>
      </article-meta>
   </front>
   <back>
      <fn-group>
         <title>[Footnotes]</title>
         <fn id="d1634e135a1310">
            <label>1</label>
            <p>
               <mixed-citation id="d1634e142" publication-type="book">
Jowett 1892:
580  <fpage>580</fpage>
               </mixed-citation>
            </p>
            <p>
               <mixed-citation id="d1634e156" publication-type="book">
Lotman (1987: 3-11)  <fpage>3</fpage>
               </mixed-citation>
            </p>
         </fn>
         <fn id="d1634e168a1310">
            <label>2</label>
            <p>
               <mixed-citation id="d1634e175" publication-type="book">
Todorov (1982)  </mixed-citation>
            </p>
            <p>
               <mixed-citation id="d1634e183" publication-type="book">
Chaunu (1969)  </mixed-citation>
            </p>
         </fn>
         <fn id="d1634e192a1310">
            <label>3</label>
            <p>
               <mixed-citation id="d1634e199" publication-type="book">
Macfarlane
(1970: 167)  <fpage>167</fpage>
               </mixed-citation>
            </p>
         </fn>
         <fn id="d1634e214a1310">
            <label>4</label>
            <p>
               <mixed-citation id="d1634e221" publication-type="book">
Rude (1984 [1848])  </mixed-citation>
            </p>
            <p>
               <mixed-citation id="d1634e229" publication-type="book">
Vovel's (1985)  </mixed-citation>
            </p>
         </fn>
      </fn-group>
      <ref-list>
         <title>References</title>
         <ref id="d1634e247a1310">
            <mixed-citation id="d1634e251" publication-type="book">
Anikst, A.
1983 Gete i Faust (Moscow: Kniga).<person-group>
                  <string-name>
                     <surname>Anikst</surname>
                  </string-name>
               </person-group>
               <source>Gete i Faust</source>
               <year>1983</year>
            </mixed-citation>
         </ref>
         <ref id="d1634e276a1310">
            <mixed-citation id="d1634e280" publication-type="book">
Anon.
1964 Povest o Drakule [The Story of Dracula] (Moscow/Leningrad: Nauka).<person-group>
                  <string-name>
                     <surname>Anon</surname>
                  </string-name>
               </person-group>
               <source>Povest o Drakule (The Story of Dracula)</source>
               <year>1964</year>
            </mixed-citation>
         </ref>
         <ref id="d1634e305a1310">
            <mixed-citation id="d1634e309" publication-type="book">
Arutyunova, N. D.
1982 "Novoe v zarubezhnoj lingvistike: problemy referentsii," Logika i lingvistika
(Problemy referentsii) 13 (Moscow).<person-group>
                  <string-name>
                     <surname>Arutyunova</surname>
                  </string-name>
               </person-group>
               <comment content-type="section">Novoe v zarubezhnoj lingvistike: problemy referentsii</comment>
               <fpage>13</fpage>
               <source>Logika i lingvistika</source>
               <year>1982</year>
            </mixed-citation>
         </ref>
         <ref id="d1634e344a1310">
            <mixed-citation id="d1634e348" publication-type="book">
Bacon, Francis
1974 [1906] The Advancement of Learning and New Atlantis, introduced by Thomas
Case (London: Oxford University Press).<person-group>
                  <string-name>
                     <surname>Bacon</surname>
                  </string-name>
               </person-group>
               <source>The Advancement of Learning and New Atlantis</source>
               <year>1974</year>
            </mixed-citation>
         </ref>
         <ref id="d1634e378a1310">
            <mixed-citation id="d1634e382" publication-type="book">
Baudrillard, H.J.
1853 Bodin et son temps (Paris).<person-group>
                  <string-name>
                     <surname>Baudrillard</surname>
                  </string-name>
               </person-group>
               <source>Bodin et son temps</source>
               <year>1853</year>
            </mixed-citation>
         </ref>
         <ref id="d1634e407a1310">
            <mixed-citation id="d1634e411" publication-type="book">
Bryusov, V.
1913 Oklevetanni uchenni [The Slandered Scientist] (Moscow).<person-group>
                  <string-name>
                     <surname>Bryusov</surname>
                  </string-name>
               </person-group>
               <source>Oklevetanni uchenni (The Slandered Scientist)</source>
               <year>1913</year>
            </mixed-citation>
         </ref>
         <ref id="d1634e436a1310">
            <mixed-citation id="d1634e440" publication-type="book">
Chaunu, P.
1969 Conquete et exploitation de nouveaux mondes, 16e siècle (Paris: Presses Univer-
sitaires de France).<person-group>
                  <string-name>
                     <surname>Chaunu</surname>
                  </string-name>
               </person-group>
               <source>Conquete et exploitation de nouveaux mondes, 16e siècle</source>
               <year>1969</year>
            </mixed-citation>
         </ref>
         <ref id="d1634e469a1310">
            <mixed-citation id="d1634e473" publication-type="book">
Delumeau, Jean
1980 [1978] La Peur en Occident 14e-18e sicles: Une cite assiegee (Paris: Fayard).<person-group>
                  <string-name>
                     <surname>Delumeau</surname>
                  </string-name>
               </person-group>
               <source>La Peur en Occident 14e-18e sicles: Une cite assiegee</source>
               <year>1980</year>
            </mixed-citation>
            <mixed-citation id="d1634e497" publication-type="book">
1984 La Civilisation de la Renaissance (Paris: Editions Arthaud).<person-group>
                  <string-name>
                     <surname>Delumeau</surname>
                  </string-name>
               </person-group>
               <source>La Civilisation de la Renaissance</source>
               <year>1984</year>
            </mixed-citation>
         </ref>
         <ref id="d1634e519a1310">
            <mixed-citation id="d1634e523" publication-type="book">
Heppe, H., ed.
1880 Soltan's Geschichte der Hexenprozesse, Neubearbeitet von Dr. H. Heppe (Stuttgart).<person-group>
                  <string-name>
                     <surname>Heppe</surname>
                  </string-name>
               </person-group>
               <source>Soltan's Geschichte der Hexenprozesse</source>
               <year>1880</year>
            </mixed-citation>
         </ref>
         <ref id="d1634e548a1310">
            <mixed-citation id="d1634e552" publication-type="book">
Janssen, J.
1883-1894 Geschichte des deutschen Volkes: VII (1, 27)-VIII (Freiburg).<person-group>
                  <string-name>
                     <surname>Janssen</surname>
                  </string-name>
               </person-group>
               <volume>VII</volume>
               <source>Geschichte des deutschen Volkes</source>
               <year>1894</year>
            </mixed-citation>
         </ref>
         <ref id="d1634e582a1310">
            <mixed-citation id="d1634e586" publication-type="book">
Jowett, B., ed. and trans.
1892 The Dialogues of Plato (New York: Scribner's).<person-group>
                  <string-name>
                     <surname>Jowett</surname>
                  </string-name>
               </person-group>
               <source>The Dialogues of Plato</source>
               <year>1892</year>
            </mixed-citation>
         </ref>
         <ref id="d1634e611a1310">
            <mixed-citation id="d1634e615" publication-type="book">
Kovacs, Z.
1973 Die Hexen in Russland, Acta Ethnographica Academiae Hungaricae, Vol. 22,
53-86.<person-group>
                  <string-name>
                     <surname>Kovacs</surname>
                  </string-name>
               </person-group>
               <fpage>53</fpage>
               <volume>22</volume>
               <source>Die Hexen in Russland, Acta Ethnographica Academiae Hungaricae</source>
               <year>1973</year>
            </mixed-citation>
         </ref>
         <ref id="d1634e650a1310">
            <mixed-citation id="d1634e654" publication-type="book">
Kuhn, Thomas
1970 [1962] International Encyclopedia of Unified Science. Vol. 2, No. 2, The Structure
of Scientific Revolutions (Chicago and London: University of Chicago Press).<person-group>
                  <string-name>
                     <surname>Kuhn</surname>
                  </string-name>
               </person-group>
               <volume>2</volume>
               <source>International Encyclopedia of Unified Science</source>
               <year>1970</year>
            </mixed-citation>
            <mixed-citation id="d1634e685" publication-type="book">
Livy (Titus Livius)
1958 [1936] The History of Rome from Its Foundations (Ab Urbe Condita), trans-
lated by Evan T. Sage, Vol. 11, Books 38-39. Loeb Classical Library (London:
Heinemann; Cambridge, MA: Harvard University Press).<person-group>
                  <string-name>
                     <surname>Livy</surname>
                  </string-name>
               </person-group>
               <source>The History of Rome from Its Foundations (Ab Urbe Condita)</source>
               <year>1958</year>
            </mixed-citation>
         </ref>
         <ref id="d1634e717a1310">
            <mixed-citation id="d1634e721" publication-type="journal">
Lotman, Jurij. M.
1983 "Ob ode vybrannoj iz Iova" ["On an Ode from the Book of Job"], Izvestcija
ANSSSR (Ser. Literatury iJazyka) 42: 3.<person-group>
                  <string-name>
                     <surname>Lotman</surname>
                  </string-name>
               </person-group>
               <fpage>3</fpage>
               <volume>42</volume>
               <source>Izvestcija ANSSSR</source>
               <year>1983</year>
            </mixed-citation>
            <mixed-citation id="d1634e755" publication-type="book">
1987 Neskol'ko myslei o tipologii kultury [Some Thoughts on Cultural Typology] (Mos-
cow).<person-group>
                  <string-name>
                     <surname>Lotman</surname>
                  </string-name>
               </person-group>
               <source>Neskol'ko myslei o tipologii kultury (Some Thoughts on Cultural Typology)</source>
               <year>1987</year>
            </mixed-citation>
         </ref>
         <ref id="d1634e780a1310">
            <mixed-citation id="d1634e784" publication-type="book">
Macfarlane, Alan
1970 Witchcraft in Tudor and Stuart England: A Regional and Comparative Study
(London: Routledge and Kegan Paul).<person-group>
                  <string-name>
                     <surname>Macfarlane</surname>
                  </string-name>
               </person-group>
               <source>Witchcraft in Tudor and Stuart England: A Regional and Comparative Study</source>
               <year>1970</year>
            </mixed-citation>
         </ref>
         <ref id="d1634e813a1310">
            <mixed-citation id="d1634e817" publication-type="book">
Machiavelli, Niccolo
1950 [1513] The Prince and The Discourses, introduced by Max Lerner (New York:
Random House).<person-group>
                  <string-name>
                     <surname>Niccolo</surname>
                  </string-name>
               </person-group>
               <source>The Prince and The Discourses</source>
               <year>1950</year>
            </mixed-citation>
         </ref>
         <ref id="d1634e847a1310">
            <mixed-citation id="d1634e851" publication-type="book">
Marcus Minucius Felicius
1689 Octavius seu Idolorum Vanitate.<person-group>
                  <string-name>
                     <surname>Felicius</surname>
                  </string-name>
               </person-group>
               <source>Octavius seu Idolorum Vanitate</source>
               <year>1689</year>
            </mixed-citation>
         </ref>
         <ref id="d1634e876a1310">
            <mixed-citation id="d1634e880" publication-type="book">
Naude, G.
1625 Apologies pour tous les grands personnages qui ont ete faussement soupconnes de
magie (Paris).<person-group>
                  <string-name>
                     <surname>Naude</surname>
                  </string-name>
               </person-group>
               <source>Apologies pour tous les grands personnages qui ont ete faussement soupconnes de magie</source>
               <year>1625</year>
            </mixed-citation>
         </ref>
         <ref id="d1634e909a1310">
            <mixed-citation id="d1634e913" publication-type="book">
Nauert, Charles G.
1965 Agrippa and the Crisis of the Renaissance (Urbana: University of Illinois Press).<person-group>
                  <string-name>
                     <surname>Nauert</surname>
                  </string-name>
               </person-group>
               <source>Agrippa and the Crisis of the Renaissance</source>
               <year>1965</year>
            </mixed-citation>
         </ref>
         <ref id="d1634e938a1310">
            <mixed-citation id="d1634e942" publication-type="book">
Osborn, M.
1893 Die Teufelliteratur des 16 Jahrhund/Acta Germanica 3:3 (Berlin).<person-group>
                  <string-name>
                     <surname>Osborn</surname>
                  </string-name>
               </person-group>
               <fpage>3</fpage>
               <volume>3</volume>
               <source>Die Teufelliteratur des 16 Jahrhund/Acta Germanica</source>
               <year>1893</year>
            </mixed-citation>
         </ref>
         <ref id="d1634e974a1310">
            <mixed-citation id="d1634e978" publication-type="book">
Pinski, L.
1961 Realism epokhi vozrozhdenija [Realism of the Renaissance] (Moscow).<person-group>
                  <string-name>
                     <surname>Pinski</surname>
                  </string-name>
               </person-group>
               <source>Realism epokhi vozrozhdenija (Realism of the Renaissance)</source>
               <year>1961</year>
            </mixed-citation>
         </ref>
         <ref id="d1634e1003a1310">
            <mixed-citation id="d1634e1007" publication-type="book">
Roskoff, G.
1869 Geschichte des Teufels (Leipzig).<person-group>
                  <string-name>
                     <surname>Roskoff</surname>
                  </string-name>
               </person-group>
               <source>Geschichte des Teufels</source>
               <year>1869</year>
            </mixed-citation>
         </ref>
         <ref id="d1634e1033a1310">
            <mixed-citation id="d1634e1037" publication-type="book">
Rude, D.
1984 [1848] Narodnye nizy v istorii [Lower Classes in History] (Moscow: Progress).<person-group>
                  <string-name>
                     <surname>Rude</surname>
                  </string-name>
               </person-group>
               <source>Narodnye nizy v istorii (Lower Classes in History)</source>
               <year>1984</year>
            </mixed-citation>
         </ref>
         <ref id="d1634e1062a1310">
            <mixed-citation id="d1634e1066" publication-type="book">
Searle, John R.
1969 "Reference as a Speech Act," in Speech Acts: An Essay in the Philosophy of
Language (Cambridge: Cambridge University Press).<person-group>
                  <string-name>
                     <surname>Searle</surname>
                  </string-name>
               </person-group>
               <comment content-type="section">Reference as a Speech Act</comment>
               <source>Speech Acts: An Essay in the Philosophy of Language</source>
               <year>1969</year>
            </mixed-citation>
         </ref>
         <ref id="d1634e1098a1310">
            <mixed-citation id="d1634e1102" publication-type="book">
Shakespeare, William
1971 [1954] The Tempest, in The Arden Shakespeare, edited by F. Kermode (Lon-
don: Methuen).<person-group>
                  <string-name>
                     <surname>Shakespeare</surname>
                  </string-name>
               </person-group>
               <source>The Tempest, in The Arden Shakespeare</source>
               <year>1971</year>
            </mixed-citation>
         </ref>
         <ref id="d1634e1131a1310">
            <mixed-citation id="d1634e1135" publication-type="book">
Speranski, N.
1906 Vedmy i vedmovstvo [Witches and Witchcraft] (Moscow).<person-group>
                  <string-name>
                     <surname>Speranski</surname>
                  </string-name>
               </person-group>
               <source>Vedmy i vedmovstvo (Witches and Witchcraft)</source>
               <year>1906</year>
            </mixed-citation>
         </ref>
         <ref id="d1634e1160a1310">
            <mixed-citation id="d1634e1164" publication-type="book">
Todorov, Tsvetan
1982 La Conquete de l'Amerique: La Question de l'autre (Paris: Editions du Seuil).<person-group>
                  <string-name>
                     <surname>Todorov</surname>
                  </string-name>
               </person-group>
               <source>La Conquete de l'Amerique: La Question de l'autre</source>
               <year>1982</year>
            </mixed-citation>
         </ref>
         <ref id="d1634e1189a1310">
            <mixed-citation id="d1634e1193" publication-type="book">
Trevor-Roper, H. R.
1967 Religion, The Reformation and Social Change, and Other Essays (London/Mel-
bourne: Macmillan).<person-group>
                  <string-name>
                     <surname>Trevor-Roper</surname>
                  </string-name>
               </person-group>
               <source>Religion, The Reformation and Social Change, and Other Essays</source>
               <year>1967</year>
            </mixed-citation>
         </ref>
         <ref id="d1634e1223a1310">
            <mixed-citation id="d1634e1227" publication-type="book">
Vovel, M.
1985 "K istorii obshchestvennogo soznanija epokhi Velikovoj francuzskoj revol-
jucii," Francuzckij ezhegodnik (Moscow: Nauka).<person-group>
                  <string-name>
                     <surname>Vovel</surname>
                  </string-name>
               </person-group>
               <comment content-type="section">K istorii obshchestvennogo soznanija epokhi Velikovoj francuzskoj revoljucii</comment>
               <source>Francuzckij ezhegodnik</source>
               <year>1985</year>
            </mixed-citation>
         </ref>
         <ref id="d1634e1259a1310">
            <mixed-citation id="d1634e1263" publication-type="book">
Zhirmunskij, Viktor M., ed.
1978 Istorija legendy o Fauste: Legenda o doktore Fauste (Moscow: Nauka).<person-group>
                  <string-name>
                     <surname>Zhirmunskij</surname>
                  </string-name>
               </person-group>
               <source>Istorija legendy o Fauste: Legenda o doktore Fauste</source>
               <year>1978</year>
            </mixed-citation>
         </ref>
      </ref-list>
   </back>
</article>
