<article dtd-version="1.0" article-type="research-article">
   <front>
      <journal-meta>
         <journal-id xmlns:xlink="http://www.w3.org/1999/xlink" journal-id-type="jstor">poeticstoday</journal-id>
         <journal-id xmlns:xlink="http://www.w3.org/1999/xlink" journal-id-type="jstor">j100659</journal-id>
         <journal-title-group xmlns:xlink="http://www.w3.org/1999/xlink">
            <journal-title>Poetics Today</journal-title>
         </journal-title-group>
         <publisher>
            <publisher-name>Porter Institute for Poetics and Semiotics</publisher-name>
         </publisher>
         <issn xmlns:xlink="http://www.w3.org/1999/xlink" pub-type="ppub">03335372</issn>
         <issn xmlns:xlink="http://www.w3.org/1999/xlink" pub-type="epub">15275507</issn>
      </journal-meta>
      <article-meta>
         <article-id xmlns:xlink="http://www.w3.org/1999/xlink" pub-id-type="doi">10.2307/1772204</article-id>
         <article-categories>
            <subj-group>
               <subject>Experimental Novel</subject>
            </subj-group>
         </article-categories>
         <title-group>
            <article-title>Ambiguity and Narrative Levels: Christine Brooke-Rose's Thru</article-title>
         </title-group>
         <contrib-group>
            <contrib contrib-type="author">
               <string-name xmlns:xlink="http://www.w3.org/1999/xlink">
                  <given-names>Shlomith</given-names>
                  <surname>Rimmon-Kenan</surname>
               </string-name>
            </contrib>
         </contrib-group>
         <pub-date xmlns:xlink="http://www.w3.org/1999/xlink">
            <day>1</day>
            <month>1</month>
            <year>1982</year>
         </pub-date>
         <volume>3</volume>
         <issue>1</issue>
         <issue-id xmlns:xlink="http://www.w3.org/1999/xlink">i303055</issue-id>
         <fpage>21</fpage>
         <lpage>32</lpage>
         <page-range>21-32</page-range>
         <permissions>
            <copyright-statement>Copyright The Porter Institute for Poetics and Semiotics Tel Aviv University</copyright-statement>
         </permissions>
         <self-uri xmlns:xlink="http://www.w3.org/1999/xlink"
                   xlink:href="http://www.jstor.org/stable/1772204"/>
         <custom-meta-group xmlns:xlink="http://www.w3.org/1999/xlink">
            <custom-meta>
               <meta-name>lang</meta-name>
               <meta-value>eng</meta-value>
            </custom-meta>
         </custom-meta-group>
      </article-meta>
   </front>
   <back>
      <fn-group xmlns:xlink="http://www.w3.org/1999/xlink">
         <title>[Footnotes]</title>
         <fn id="d17530e123a1310">
            <label>1</label>
            <p>
               <mixed-citation id="d17530e130" publication-type="book">
Gombrich's analysis of such figures (1968: 4-5).  <fpage>4</fpage>
               </mixed-citation>
            </p>
         </fn>
         <fn id="d17530e142a1310">
            <label>2</label>
            <p>
               <mixed-citation id="d17530e149" publication-type="book">
Gombrich's comment on this painting (1963: 154).  <fpage>154</fpage>
               </mixed-citation>
            </p>
         </fn>
         <fn id="d17530e161a1310">
            <label>4</label>
            <p>
               <mixed-citation id="d17530e168" publication-type="book">
"narrative metalepses" by Genette (1972: 238-51)<person-group>
                     <string-name>
                        <surname>Genette</surname>
                     </string-name>
                  </person-group>
                  <fpage>238</fpage>
                  <source>narrative metalepses</source>
                  <year>1972</year>
               </mixed-citation>
            </p>
            <p>
               <mixed-citation id="d17530e192" publication-type="other">
Genette calls the
levels themselves "extradiegetic" (the level of narration), "diegetic" (the level of the events
narrated), and "metadiegetic" (the level of a narrative within a narrative).</mixed-citation>
            </p>
         </fn>
         <fn id="d17530e205a1310">
            <label>5</label>
            <p>
               <mixed-citation id="d17530e212" publication-type="book">
"The Novel as Intentional Object" (p. 21)<fpage>21</fpage>
                  <source>The Novel as Intentional Object</source>
               </mixed-citation>
            </p>
            <p>
               <mixed-citation id="d17530e224" publication-type="other">
staff meeting (p. 96)</mixed-citation>
            </p>
            <p>
               <mixed-citation id="d17530e230" publication-type="other">
Armel in turn writes a letter
to Larissa during another staff meeting (p. 26),</mixed-citation>
            </p>
            <p>
               <mixed-citation id="d17530e240" publication-type="other">
students' composi-
tions (pp. 48, 73, 74)</mixed-citation>
            </p>
            <p>
               <mixed-citation id="d17530e249" publication-type="book">
("The Beginnings of Narrative") is listed in the
file of a student named Saroja (p. 34)<fpage>34</fpage>
                  <source>The Beginnings of Narrative</source>
               </mixed-citation>
            </p>
            <p>
               <mixed-citation id="d17530e264" publication-type="other">
Armel writes to Larissa during a staff
meeting, it is also possible that she teaches elsewhere, or that she is away for some time, on
a sabbatical perhaps (p. 133).</mixed-citation>
            </p>
         </fn>
      </fn-group>
      <ref-list>
         <title>References</title>
         <ref id="d17530e286a1310">
            <mixed-citation id="d17530e290" publication-type="book">
Barthes, Roland, 1964. Essais Critiques (Paris: Seuil).<person-group>
                  <string-name xmlns:xlink="http://www.w3.org/1999/xlink">
                     <surname>Barthes</surname>
                  </string-name>
               </person-group>
               <source>Essais Critiques</source>
               <year>1964</year>
            </mixed-citation>
         </ref>
         <ref id="d17530e312a1310">
            <mixed-citation id="d17530e316" publication-type="book">
Booth, Wayne, C., 1961. The Rhetoric of Fiction (Chicago: Univ. of Chicago).<person-group>
                  <string-name xmlns:xlink="http://www.w3.org/1999/xlink">
                     <surname>Booth</surname>
                  </string-name>
               </person-group>
               <source>The Rhetoric of Fiction</source>
               <year>1961</year>
            </mixed-citation>
         </ref>
         <ref id="d17530e338a1310">
            <mixed-citation id="d17530e342" publication-type="book">
Brooke-Rose, Christine, 1975. Thru (London: Hamilton).<person-group>
                  <string-name xmlns:xlink="http://www.w3.org/1999/xlink">
                     <surname>Brooke-Rose</surname>
                  </string-name>
               </person-group>
               <source>Thru</source>
               <year>1975</year>
            </mixed-citation>
         </ref>
         <ref id="d17530e364a1310">
            <mixed-citation id="d17530e368" publication-type="book">
Carnap, Rudolf, 1937. The Logical Syntax of Language, trans. Amethe Smeaton, Countess
von Zeppelin (London: Kegan Paul).<person-group>
                  <string-name xmlns:xlink="http://www.w3.org/1999/xlink">
                     <surname>Carnap</surname>
                  </string-name>
               </person-group>
               <source>The Logical Syntax of Language</source>
               <year>1937</year>
            </mixed-citation>
         </ref>
         <ref id="d17530e394a1310">
            <mixed-citation id="d17530e398" publication-type="book">
Escher, M. C., 1972. The Graphic Work of M. C. Escher, trans. John E. Brigham (London:
Pan/Ballantine).<person-group>
                  <string-name xmlns:xlink="http://www.w3.org/1999/xlink">
                     <surname>Escher</surname>
                  </string-name>
               </person-group>
               <source>The Graphic Work of M. C. Escher</source>
               <year>1972</year>
            </mixed-citation>
         </ref>
         <ref id="d17530e423a1310">
            <mixed-citation id="d17530e427" publication-type="book">
Genette, Gerard, 1972. Figures III (Paris: Seuil).<person-group>
                  <string-name xmlns:xlink="http://www.w3.org/1999/xlink">
                     <surname>Genette</surname>
                  </string-name>
               </person-group>
               <source>Figures III</source>
               <year>1972</year>
            </mixed-citation>
         </ref>
         <ref id="d17530e449a1310">
            <mixed-citation id="d17530e453" publication-type="book">
Gombrich, E.M., 1963. Meditations on a Hobby-Horse and Other Essays on the Theory of Art
(London: Phaidon Press).<person-group>
                  <string-name xmlns:xlink="http://www.w3.org/1999/xlink">
                     <surname>Gombrich</surname>
                  </string-name>
               </person-group>
               <source>Meditations on a Hobby-Horse and Other Essays on the Theory of Art</source>
               <year>1963</year>
            </mixed-citation>
            <mixed-citation id="d17530e477" publication-type="book">
1968 Art and Illusion (London: Phaidon Press).<person-group>
                  <string-name xmlns:xlink="http://www.w3.org/1999/xlink">
                     <surname>Gombrich</surname>
                  </string-name>
               </person-group>
               <source>Art and Illusion</source>
               <year>1968</year>
            </mixed-citation>
         </ref>
         <ref id="d17530e499a1310">
            <mixed-citation id="d17530e503" publication-type="book">
Krook, Dorothea, 1967. The Ordeal of Consciousness in Henry ames (Cambridge: At the Uni-
veristy Press).<person-group>
                  <string-name xmlns:xlink="http://www.w3.org/1999/xlink">
                     <surname>Krook</surname>
                  </string-name>
               </person-group>
               <source>The Ordeal of Consciousness in Henry ames</source>
               <year>1967</year>
            </mixed-citation>
         </ref>
         <ref id="d17530e528a1310">
            <mixed-citation id="d17530e532" publication-type="book">
Lacan, Jacques, 1966. Ecrits I (Paris: Points).<person-group>
                  <string-name xmlns:xlink="http://www.w3.org/1999/xlink">
                     <surname>Lacan</surname>
                  </string-name>
               </person-group>
               <volume>I</volume>
               <source>Ecrits</source>
               <year>1966</year>
            </mixed-citation>
         </ref>
         <ref id="d17530e557a1310">
            <mixed-citation id="d17530e561" publication-type="journal">
Perry, Menakhem and Meir Sternberg, 1968. "The King Through Ironic Eyes: The Narra-
tor's Devices in the Biblical Story of David and Bathsheba and Two Excursuses on the
Theory of the Narrative Text," Ha-Sifrut 1:2, 263-292.<person-group>
                  <string-name xmlns:xlink="http://www.w3.org/1999/xlink">
                     <surname>Perry</surname>
                  </string-name>
               </person-group>
               <issue>2</issue>
               <fpage>263</fpage>
               <volume>1</volume>
               <source>Ha-Sifrut</source>
               <year>1968</year>
            </mixed-citation>
         </ref>
         <ref id="d17530e600a1310">
            <mixed-citation id="d17530e604" publication-type="book">
Rimmon, Shlomith, 1977. The Concept of Ambiguity: The Example ofjames (Chicago: Univ. of
Chicago Press).<person-group>
                  <string-name xmlns:xlink="http://www.w3.org/1999/xlink">
                     <surname>Rimmon</surname>
                  </string-name>
               </person-group>
               <source>The Concept of Ambiguity: The Example ofjames</source>
               <year>1977</year>
            </mixed-citation>
         </ref>
         <ref id="d17530e629a1310">
            <mixed-citation id="d17530e633" publication-type="book">
Russel, Bertrand, and Alfred Norton Whitehead, 1964 (1913). The Principles of Mathematics
(Cambridge: Cambridge UP).<person-group>
                  <string-name xmlns:xlink="http://www.w3.org/1999/xlink">
                     <surname>Russel</surname>
                  </string-name>
               </person-group>
               <source>The Principles of Mathematics</source>
               <year>1964</year>
            </mixed-citation>
         </ref>
         <ref id="d17530e658a1310">
            <mixed-citation id="d17530e662" publication-type="book">
Wittgenstein, Ludwig, 1969. Philosophical Investigations, trans. G.E.M. Anscombe (Oxford:
Blackwell).<person-group>
                  <string-name xmlns:xlink="http://www.w3.org/1999/xlink">
                     <surname>Wittgenstein</surname>
                  </string-name>
               </person-group>
               <source>Philosophical Investigations</source>
               <year>1969</year>
            </mixed-citation>
         </ref>
         <ref id="d17530e687a1310">
            <mixed-citation id="d17530e691" publication-type="book">
Wright, Edmond L. 1976. "Arbitrariness and Motivation: A New Theory," Foundations of
Language 14, 506-508.<person-group>
                  <string-name xmlns:xlink="http://www.w3.org/1999/xlink">
                     <surname>Wright</surname>
                  </string-name>
               </person-group>
               <comment content-type="section">Arbitrariness and Motivation: A New Theory</comment>
               <fpage>506</fpage>
               <volume>14</volume>
               <source>Foundations of Language</source>
               <year>1976</year>
            </mixed-citation>
            <mixed-citation id="d17530e725" publication-type="journal">
1979 "Illusion and Truth," Philosophy and Phenomenological Research 39, 402-432.<object-id pub-id-type="doi">10.2307/2106495</object-id>
               <fpage>402</fpage>
            </mixed-citation>
         </ref>
      </ref-list>
   </back>
</article>
