<article xmlns:xsi="http://www.w3.org/2001/XMLSchema-instance"
         xmlns:xlink="http://www.w3.org/1999/xlink"
         xmlns:mml="http://www.w3.org/1998/Math/MathML"
         dtd-version="1.0"
         article-type="research-article">
   <front>
      <journal-meta>
         <journal-id journal-id-type="jstor">poeticstoday</journal-id>
         <journal-id journal-id-type="jstor">j100659</journal-id>
         <journal-title-group>
            <journal-title>Poetics Today</journal-title>
         </journal-title-group>
         <publisher>
            <publisher-name>Duke University Press</publisher-name>
         </publisher>
         <issn pub-type="ppub">03335372</issn>
         <issn pub-type="epub">15275507</issn>
      </journal-meta>
      <article-meta>
         <article-id pub-id-type="doi">10.2307/1772894</article-id>
         <article-categories>
            <subj-group>
               <subject>Contextual Perspectives in the Study of Man</subject>
            </subj-group>
         </article-categories>
         <title-group>
            <article-title>Continuity, Change, and Context in Human Development</article-title>
         </title-group>
         <contrib-group>
            <contrib contrib-type="author">
               <string-name>
                  <given-names>Jochen</given-names>
                  <surname>Brandtstädter</surname>
               </string-name>
            </contrib>
         </contrib-group>
         <pub-date>
            <day>1</day>
            <month>1</month>
            <year>1988</year>
         </pub-date>
         <volume>9</volume>
         <issue>1</issue>
         <issue-id>i303077</issue-id>
         <fpage>187</fpage>
         <lpage>204</lpage>
         <page-range>187-204</page-range>
         <permissions>
            <copyright-statement>Copyright 1988 The Porter Institute for Poetics and Semiotics, Tel Aviv University</copyright-statement>
         </permissions>
         <self-uri xlink:href="http://www.jstor.org/stable/1772894"/>
         <custom-meta-group>
            <custom-meta>
               <meta-name>lang</meta-name>
               <meta-value>eng</meta-value>
            </custom-meta>
         </custom-meta-group>
      </article-meta>
   </front>
   <back>
      <ref-list>
         <title>References</title>
         <ref id="d19477e147a1310">
            <mixed-citation id="d19477e151" publication-type="journal">
Allport, G. W.
1937 "The Functional Autonomy of Motives," American Journal of Psychology 50:
141-156.<object-id pub-id-type="doi">10.2307/1416626</object-id>
               <fpage>141</fpage>
            </mixed-citation>
         </ref>
         <ref id="d19477e170a1310">
            <mixed-citation id="d19477e174" publication-type="journal">
Baltes, P. B., H. W. Reese, and L. P. Lipsitt
1980 "Life-Span Developmental Psychology," Annual Review of Psychology 31:
65-100.<person-group>
                  <string-name>
                     <surname>Baltes</surname>
                  </string-name>
               </person-group>
               <fpage>65</fpage>
               <volume>31</volume>
               <source>Annual Review of Psychology</source>
               <year>1980</year>
            </mixed-citation>
         </ref>
         <ref id="d19477e209a1310">
            <mixed-citation id="d19477e213" publication-type="journal">
Bandura, A.
1982 "The Psychology of Chance Encounters and Life Paths," American Psycholo-
gist 37: 747-755.<person-group>
                  <string-name>
                     <surname>Bandura</surname>
                  </string-name>
               </person-group>
               <fpage>747</fpage>
               <volume>37</volume>
               <source>American Psychologist</source>
               <year>1982</year>
            </mixed-citation>
         </ref>
         <ref id="d19477e248a1310">
            <mixed-citation id="d19477e252" publication-type="book">
Bloom, B. S.
1964 Stability and Change in Human Characteristics (New York: Wiley).<person-group>
                  <string-name>
                     <surname>Bloom</surname>
                  </string-name>
               </person-group>
               <source>Stability and Change in Human Characteristics</source>
               <year>1964</year>
            </mixed-citation>
         </ref>
         <ref id="d19477e278a1310">
            <mixed-citation id="d19477e282" publication-type="book">
Brandtstadter, J.
1981 "Entwicklung in Handlungskontexten: Aussichten ffir die entwicklungs-
psychologische Theorienbildung und Anwendung," Trierer Psychologische Be-
richte, 8.<person-group>
                  <string-name>
                     <surname>Brandtstadter</surname>
                  </string-name>
               </person-group>
               <comment content-type="section">Entwicklung in Handlungskontexten: Aussichten ffir die entwicklungspsychologische Theorienbildung und Anwendung</comment>
               <fpage>8</fpage>
               <source>Trierer Psychologische Berichte</source>
               <year>1981</year>
            </mixed-citation>
            <mixed-citation id="d19477e319" publication-type="journal">
1982 "Apriorische Elemente in psychologischen Forschungsprogrammen," Zeit-
schrift für Sozialpsychologie 13: 267-277.<person-group>
                  <string-name>
                     <surname>Brandtstadter</surname>
                  </string-name>
               </person-group>
               <fpage>267</fpage>
               <volume>13</volume>
               <source>Zeitschrift für Sozialpsychologie</source>
               <year>1982</year>
            </mixed-citation>
            <mixed-citation id="d19477e350" publication-type="book">
1984 "Personal and Social Control over Development: Some Implications of
an Action Perspective in Life-Span Developmental Psychology," in Life-Span
Development and Behavior, Vol. 6, edited by P. B. Baltes and O. G. Brim, Jr.
(New York: Academic Press).<person-group>
                  <string-name>
                     <surname>Brandtstadter</surname>
                  </string-name>
               </person-group>
               <comment content-type="section">Personal and Social Control over Development: Some Implications of an Action Perspective in Life-Span Developmental Psychology</comment>
               <volume>6</volume>
               <source>Life-Span Development and Behavior</source>
               <year>1984</year>
            </mixed-citation>
            <mixed-citation id="d19477e387" publication-type="book">
1985 "Individual Development in Social Action Contexts: Problems of Explana-
tion," in Individual Development and Social Change. Explanatory Analysis, edited
by J. R. Nesselroade and A. von Eye. (New York: Academic Press).<person-group>
                  <string-name>
                     <surname>Brandtstadter</surname>
                  </string-name>
               </person-group>
               <comment content-type="section">Individual Development in Social Action Contexts: Problems of Explanation</comment>
               <source>Individual Development and Social Change. Explanatory Analysis</source>
               <year>1985</year>
            </mixed-citation>
         </ref>
         <ref id="d19477e419a1310">
            <mixed-citation id="d19477e423" publication-type="book">
Brim, O. G., Jr., and J. Kagan, eds.
1980 Constancy and Change in Human Development (Cambridge: Harvard Univer-
sity Press).<person-group>
                  <string-name>
                     <surname>Brim</surname>
                  </string-name>
               </person-group>
               <source>Constancy and Change in Human Development</source>
               <year>1980</year>
            </mixed-citation>
         </ref>
         <ref id="d19477e452a1310">
            <mixed-citation id="d19477e456" publication-type="book">
Bunge, M.
1979 Causality and Modern Science (New York: Dover).<person-group>
                  <string-name>
                     <surname>Bunge</surname>
                  </string-name>
               </person-group>
               <source>Causality and Modern Science</source>
               <year>1979</year>
            </mixed-citation>
         </ref>
         <ref id="d19477e481a1310">
            <mixed-citation id="d19477e485" publication-type="book">
Eichorn, D. H., J. A. Clausen, N. Haan, M. P. Honzik, and P. H. Mussen, eds.
1981 Present and Past in Middle Life (New York: Academic Press).<person-group>
                  <string-name>
                     <surname>Eichorn</surname>
                  </string-name>
               </person-group>
               <source>Present and Past in Middle Life</source>
               <year>1981</year>
            </mixed-citation>
         </ref>
         <ref id="d19477e510a1310">
            <mixed-citation id="d19477e514" publication-type="book">
Gergen, K.
1979 "Selbstkonzepte und Sozialisation des aleatorischen Menschen," in Brenn-
punkte der Entwicklungspsychologie, edited by L. Montada. (Stuttgart: Kohl-
hammer).<person-group>
                  <string-name>
                     <surname>Gergen</surname>
                  </string-name>
               </person-group>
               <comment content-type="section">Selbstkonzepte und Sozialisation des aleatorischen Menschen</comment>
               <source>Brennpunkte der Entwicklungspsychologie</source>
               <year>1979</year>
            </mixed-citation>
            <mixed-citation id="d19477e548" publication-type="book">
1980 "The Emerging Crisis in Life-Span Developmental Theory," in Life-Span
Development and Behavior, Vol. 3, edited by P. B. Baltes and O. G. Brim, Jr.
(New York: Academic Press).<person-group>
                  <string-name>
                     <surname>Gergen</surname>
                  </string-name>
               </person-group>
               <comment content-type="section">The Emerging Crisis in Life-Span Developmental Theory</comment>
               <volume>3</volume>
               <source>Life-Span Development and Behavior</source>
               <year>1980</year>
            </mixed-citation>
         </ref>
         <ref id="d19477e583a1310">
            <mixed-citation id="d19477e587" publication-type="book">
Goldsmith, H. H.
1984 "Continuity of Personality: A Genetic Perspective," in Continuities and Dis-
continuities in Development, edited by R. N. Emde and R. J. Harmon. (New
York: Plenum).<person-group>
                  <string-name>
                     <surname>Goldsmith</surname>
                  </string-name>
               </person-group>
               <comment content-type="section">Continuity of Personality: A Genetic Perspective</comment>
               <source>Continuities and Discontinuities in Development</source>
               <year>1984</year>
            </mixed-citation>
         </ref>
         <ref id="d19477e623a1310">
            <mixed-citation id="d19477e627" publication-type="book">
Hultsch, D. F., and J. K. Plemons
1979 "Life Events and Life-Span Development," in Life-Span Development and
Behavior, Vol. 2, edited by P. B. Baltes and O. G. Brim, Jr. (New York: Aca-
demic Press).<person-group>
                  <string-name>
                     <surname>Hultsch</surname>
                  </string-name>
               </person-group>
               <comment content-type="section">Life Events and Life-Span Development</comment>
               <volume>2</volume>
               <source>Life-Span Development and Behavior</source>
               <year>1979</year>
            </mixed-citation>
         </ref>
         <ref id="d19477e665a1310">
            <mixed-citation id="d19477e671" publication-type="book">
Kagan, J.
1971 Change and Continuity in Infancy (New York: Wiley).<person-group>
                  <string-name>
                     <surname>Kagan</surname>
                  </string-name>
               </person-group>
               <source>Change and Continuity in Infancy</source>
               <year>1971</year>
            </mixed-citation>
            <mixed-citation id="d19477e695" publication-type="book">
1979 "Universalien menschlicher Entwicklung," in Brennpunkte menschlicher Ent-
wicklungspsychologie, edited by L. Montada. (Stuttgart: Kohlhammer).<person-group>
                  <string-name>
                     <surname>Kagan</surname>
                  </string-name>
               </person-group>
               <comment content-type="section">Universalien menschlicher Entwicklung</comment>
               <source>Brennpunkte menschlicher Entwicklungspsychologie</source>
               <year>1979</year>
            </mixed-citation>
            <mixed-citation id="d19477e723" publication-type="book">
1980 "Perspectives on Continuity," in Continuity and Change in Human Develop-
ment, edited by O. G. Brim and J. Kagan. (Cambridge: Harvard University
Press).<person-group>
                  <string-name>
                     <surname>Kagan</surname>
                  </string-name>
               </person-group>
               <comment content-type="section">Perspectives on Continuity</comment>
               <source>Continuity and Change in Human Development</source>
               <year>1980</year>
            </mixed-citation>
            <mixed-citation id="d19477e755" publication-type="book">
1984 "Continuity and Change in the Opening Years of Life," in Continuities and
Discontinuities in Development, edited by R. N. Emde and R. J. Harmon. (New
York: Plenum).<person-group>
                  <string-name>
                     <surname>Kagan</surname>
                  </string-name>
               </person-group>
               <comment content-type="section">Continuity and Change in the Opening Years of Life</comment>
               <source>Continuities and Discontinuities in Development</source>
               <year>1984</year>
            </mixed-citation>
         </ref>
         <ref id="d19477e787a1310">
            <mixed-citation id="d19477e791" publication-type="book">
Kohlberg, G. L., J. LaCrosse, and D. Ricks
1972 "The Predictability of Adult Mental Health from Childhood Behavior," in
Manual of Child Psychopathology, edited by B. Wolman. (New York: McGraw-
Hill).<person-group>
                  <string-name>
                     <surname>Kohlberg</surname>
                  </string-name>
               </person-group>
               <comment content-type="section">The Predictability of Adult Mental Health from Childhood Behavior</comment>
               <source>Manual of Child Psychopathology</source>
               <year>1972</year>
            </mixed-citation>
         </ref>
         <ref id="d19477e826a1310">
            <mixed-citation id="d19477e830" publication-type="book">
Lenk, H.
1978 "Handlung als Interpretationskonstrukt. Entwurf einer konstituenten-
und beschreibungstheoretischen Handlungsphilosophie," in Handlungstheorien
interdiszipliniir, II, 1, edited by H. Lenk. (Munich: Fink).<person-group>
                  <string-name>
                     <surname>Lenk</surname>
                  </string-name>
               </person-group>
               <comment content-type="section">Handlung als Interpretationskonstrukt. Entwurf einer konstituentenund beschreibungstheoretischen Handlungsphilosophie</comment>
               <fpage>1</fpage>
               <volume>II</volume>
               <source>Handlungstheorien interdiszipliniir</source>
               <year>1978</year>
            </mixed-citation>
         </ref>
         <ref id="d19477e871a1310">
            <mixed-citation id="d19477e875" publication-type="book">
Lerner, R. M.
1985 "Individual and Context in Developmental Psychology: Conceptual and
Theoretical Issues," in Individual Development and Social Change. Explanatory
Analysis, edited by J. R. Nesselroade and A. von Eye. (New York: Academic
Press).<person-group>
                  <string-name>
                     <surname>Lerner</surname>
                  </string-name>
               </person-group>
               <comment content-type="section">Individual and Context in Developmental Psychology: Conceptual and Theoretical Issues</comment>
               <source>Individual Development and Social Change. Explanatory Analysis</source>
               <year>1985</year>
            </mixed-citation>
         </ref>
         <ref id="d19477e913a1310">
            <mixed-citation id="d19477e917" publication-type="book">
Lerner, R. M., and N. A. Busch-Rossnagel, eds.
1981 Individuals as Producers of their Development (New York: Academic Press).<person-group>
                  <string-name>
                     <surname>Lerner</surname>
                  </string-name>
               </person-group>
               <source>Individuals as Producers of their Development</source>
               <year>1981</year>
            </mixed-citation>
         </ref>
         <ref id="d19477e943a1310">
            <mixed-citation id="d19477e947" publication-type="journal">
Meehl, P. E.
1978 "Theoretical Risks and Tabular Asterisks: Sir Karl, Sir Ronald and the
Slow Progress of Soft Psychology,"Journal of Consulting and Clinical Psychology
42: 806-834.<person-group>
                  <string-name>
                     <surname>Meehl</surname>
                  </string-name>
               </person-group>
               <fpage>806</fpage>
               <volume>42</volume>
               <source>Journal of Consulting and Clinical Psychology</source>
               <year>1978</year>
            </mixed-citation>
         </ref>
         <ref id="d19477e985a1310">
            <mixed-citation id="d19477e989" publication-type="book">
Menzel, H.
1978 "Meaning-Who Needs It?" in The Social Context of Method, edited by
M. Brenner, P. Marsh and M. Brenner. (London: Croom Helm).<person-group>
                  <string-name>
                     <surname>Menzel</surname>
                  </string-name>
               </person-group>
               <comment content-type="section">Meaning-Who Needs It?</comment>
               <source>The Social Context of Method</source>
               <year>1978</year>
            </mixed-citation>
         </ref>
         <ref id="d19477e1021a1310">
            <mixed-citation id="d19477e1025" publication-type="book">
Moss, H. A., and E. J. Sussman
1980 "Longitudinal Study of Personality Development," in Constancy and Change
in Human Development, edited by O. G. Brim and J. Kagan. (Cambridge: Har-
vard University Press).<person-group>
                  <string-name>
                     <surname>Moss</surname>
                  </string-name>
               </person-group>
               <comment content-type="section">Longitudinal Study of Personality Development</comment>
               <source>Constancy and Change in Human Development</source>
               <year>1980</year>
            </mixed-citation>
         </ref>
         <ref id="d19477e1060a1310">
            <mixed-citation id="d19477e1064" publication-type="book">
Neugarten, B. L., and G. O. Hagestad
1976 "Age and the Life Course," in Handbook of Aging and the Social Sciences,
edited by R. H. Binstock and E. Shanas. (New York: Van Nostrand).<person-group>
                  <string-name>
                     <surname>Neugarten</surname>
                  </string-name>
               </person-group>
               <comment content-type="section">Age and the Life Course</comment>
               <source>Handbook of Aging and the Social Sciences</source>
               <year>1976</year>
            </mixed-citation>
         </ref>
         <ref id="d19477e1096a1310">
            <mixed-citation id="d19477e1100" publication-type="journal">
Olweus, D.
1979 "Stability of Aggressive Reaction Patterns in Males: A Review," Psychological
Bulletin 86: 852-875.<person-group>
                  <string-name>
                     <surname>Olweus</surname>
                  </string-name>
               </person-group>
               <fpage>852</fpage>
               <volume>86</volume>
               <source>Psychological Bulletin</source>
               <year>1979</year>
            </mixed-citation>
         </ref>
         <ref id="d19477e1135a1310">
            <mixed-citation id="d19477e1139" publication-type="book">
Piaget, J.
1970 L'epistemologie genetique (Paris: Presses Universitaires de France).<person-group>
                  <string-name>
                     <surname>Piaget</surname>
                  </string-name>
               </person-group>
               <source>L'epistemologie genetique</source>
               <year>1970</year>
            </mixed-citation>
         </ref>
         <ref id="d19477e1165a1310">
            <mixed-citation id="d19477e1169" publication-type="book">
Prigogine, I.
1979 Vom Sein zum Werden. Zeit und Komplexitiit in den Naturwissenschaften (Munich:
Piper).<person-group>
                  <string-name>
                     <surname>Prigogine</surname>
                  </string-name>
               </person-group>
               <source>Vom Sein zum Werden. Zeit und Komplexitiit in den Naturwissenschaften</source>
               <year>1979</year>
            </mixed-citation>
         </ref>
         <ref id="d19477e1198a1310">
            <mixed-citation id="d19477e1202" publication-type="journal">
Riegel, K. F.
1975 "Toward a Dialectical Theory of Development," Human Development 18:
50-64.<person-group>
                  <string-name>
                     <surname>Riegel</surname>
                  </string-name>
               </person-group>
               <fpage>50</fpage>
               <volume>18</volume>
               <source>Human Development</source>
               <year>1975</year>
            </mixed-citation>
         </ref>
         <ref id="d19477e1237a1310">
            <mixed-citation id="d19477e1241" publication-type="book">
Robins, L.
1972 "Follow-up Studies of Behavior Disorders in Children," in Psychopathological
Disorders of Childhood, edited by H. C. Quay and J. S. Werry. (New York: Wiley).<person-group>
                  <string-name>
                     <surname>Robins</surname>
                  </string-name>
               </person-group>
               <comment content-type="section">Follow-up Studies of Behavior Disorders in Children</comment>
               <source>Psychopathological Disorders of Childhood</source>
               <year>1972</year>
            </mixed-citation>
         </ref>
         <ref id="d19477e1273a1310">
            <mixed-citation id="d19477e1279" publication-type="book">
Rutter, M.
1984 "Continuities and Discontinuities in Socioemotional Development: Empiri-
cal and Conceptual Perspectives," in Continuities and Discontinuities in Develop-
ment, edited by R. N. Emde and R. J. Harmon. (New York: Plenum).<person-group>
                  <string-name>
                     <surname>Rutter</surname>
                  </string-name>
               </person-group>
               <comment content-type="section">Continuities and Discontinuities in Socioemotional Development: Empirical and Conceptual Perspectives</comment>
               <source>Continuities and Discontinuities in Development</source>
               <year>1984</year>
            </mixed-citation>
         </ref>
         <ref id="d19477e1314a1310">
            <mixed-citation id="d19477e1318" publication-type="book">
Rutter, M., and H. Giller
1983 Juvenile Delinquency: Trends and Perspectives (Harmondsworth: Penguin).<person-group>
                  <string-name>
                     <surname>Rutter</surname>
                  </string-name>
               </person-group>
               <source>Juvenile Delinquency: Trends and Perspectives</source>
               <year>1983</year>
            </mixed-citation>
         </ref>
         <ref id="d19477e1343a1310">
            <mixed-citation id="d19477e1347" publication-type="book">
Schank, R. C., and R. P. Abelson
1977 Scripts, Plans, Goals and Understanding (Hillsdale, NJ: Lawrence Erlbaum).<person-group>
                  <string-name>
                     <surname>Schank</surname>
                  </string-name>
               </person-group>
               <source>Scripts, Plans, Goals and Understanding</source>
               <year>1977</year>
            </mixed-citation>
         </ref>
         <ref id="d19477e1373a1310">
            <mixed-citation id="d19477e1377" publication-type="book">
Schmidt, H. D.
1972 Allgemeine Entwicklungspsychologie (Berlin: VEB Deutscher Verlag der Wis-
senschaften).<person-group>
                  <string-name>
                     <surname>Schmidt</surname>
                  </string-name>
               </person-group>
               <source>Allgemeine Entwicklungspsychologie</source>
               <year>1972</year>
            </mixed-citation>
         </ref>
         <ref id="d19477e1406a1310">
            <mixed-citation id="d19477e1410" publication-type="book">
Silbereisen, R. K., and P. Kastner
1985 "Entwicklungstheoretische Perspektiven für die Privention des Drogenge-
brauchs Jugendlicher," in Entwicklungsberatung unter dem Aspekt der Lebens-
spanne, edited by J. Brandtstaidter and H. Graiser. (Géttingen: Hogrefe).<person-group>
                  <string-name>
                     <surname>Silbereisen</surname>
                  </string-name>
               </person-group>
               <comment content-type="section">Entwicklungstheoretische Perspektiven für die Privention des Drogengebrauchs Jugendlicher</comment>
               <source>Entwicklungsberatung unter dem Aspekt der Lebensspanne</source>
               <year>1985</year>
            </mixed-citation>
         </ref>
         <ref id="d19477e1445a1310">
            <mixed-citation id="d19477e1449" publication-type="book">
Simon, H. A.
1957 Models of Man, Social and Rational: Mathematical Essays on Rational Human
Behavior in a Social Setting (New York: Wiley).<person-group>
                  <string-name>
                     <surname>Simon</surname>
                  </string-name>
               </person-group>
               <source>Models of Man, Social and Rational: Mathematical Essays on Rational Human Behavior in a Social Setting</source>
               <year>1957</year>
            </mixed-citation>
         </ref>
         <ref id="d19477e1478a1310">
            <mixed-citation id="d19477e1482" publication-type="book">
Toulmin, S.
1971 "The Concept of 'Stages' in Psychological Development," in Cognitive De-
velopment and Epistemology, edited by T. Mischel. (New York: Academic Press).<person-group>
                  <string-name>
                     <surname>Toulmin</surname>
                  </string-name>
               </person-group>
               <comment content-type="section">The Concept of 'Stages' in Psychological Development</comment>
               <source>Cognitive Development and Epistemology</source>
            </mixed-citation>
         </ref>
         <ref id="d19477e1511a1310">
            <mixed-citation id="d19477e1515" publication-type="book">
Warren, N.
1980 "Universality and Plasticity, Ontogeny and Phylogeny: The Resonance Be-
tween Culture and Cognitive Development," in Developmental Psychology and
Society, edited by J. Sants. (London: Macmillan).<person-group>
                  <string-name>
                     <surname>Warren</surname>
                  </string-name>
               </person-group>
               <comment content-type="section">Universality and Plasticity, Ontogeny and Phylogeny: The Resonance Between Culture and Cognitive Development</comment>
               <source>Developmental Psychology and Society</source>
               <year>1980</year>
            </mixed-citation>
         </ref>
         <ref id="d19477e1550a1310">
            <mixed-citation id="d19477e1554" publication-type="book">
Wartofsky, W. M.
1971 "From Praxis to Logos: Genetic Epistemology and Physics," in Cognitive De-
velopment and Epistemology, edited by T. Mischel. (New York: Academic Press).<person-group>
                  <string-name>
                     <surname>Wartofsky</surname>
                  </string-name>
               </person-group>
               <comment content-type="section">From Praxis to Logos: Genetic Epistemology and Physics</comment>
               <source>Cognitive Development and Epistemology</source>
               <year>1971</year>
            </mixed-citation>
         </ref>
         <ref id="d19477e1587a1310">
            <mixed-citation id="d19477e1591" publication-type="book">
Wittgenstein, L.
1969 On Certainty, edited by G. E. M. Anscombe and G. H. von Wright. (Oxford:
Blackwell).<person-group>
                  <string-name>
                     <surname>Wittgenstein</surname>
                  </string-name>
               </person-group>
               <source>On Certainty</source>
               <year>1969</year>
            </mixed-citation>
         </ref>
      </ref-list>
   </back>
</article>
