<article xmlns:xsi="http://www.w3.org/2001/XMLSchema-instance"
         xmlns:xlink="http://www.w3.org/1999/xlink"
         xmlns:mml="http://www.w3.org/1998/Math/MathML"
         dtd-version="1.0"
         article-type="research-article">
   <front>
      <journal-meta>
         <journal-id journal-id-type="jstor">poeticstoday</journal-id>
         <journal-id journal-id-type="jstor">j100659</journal-id>
         <journal-title-group>
            <journal-title>Poetics Today</journal-title>
         </journal-title-group>
         <publisher>
            <publisher-name>Porter Institute for Poetics and Semiotics</publisher-name>
         </publisher>
         <issn pub-type="ppub">03335372</issn>
         <issn pub-type="epub">15275507</issn>
      </journal-meta>
      <article-meta>
         <article-id pub-id-type="doi">10.2307/1772564</article-id>
         <article-categories>
            <subj-group>
               <subject>Recurrent Topics in Poetics</subject>
            </subj-group>
         </article-categories>
         <title-group>
            <article-title>Metaphor: The Image and the Formula</article-title>
         </title-group>
         <contrib-group>
            <contrib contrib-type="author">
               <string-name>
                  <given-names>Jean-Jacques</given-names>
                  <surname>Thomas</surname>
               </string-name>
            </contrib>
         </contrib-group>
         <pub-date>
            <day>1</day>
            <month>1</month>
            <year>1987</year>
         </pub-date>
         <volume>8</volume>
         <issue>3/4</issue>
         <issue-id>i303076</issue-id>
         <fpage>479</fpage>
         <lpage>501</lpage>
         <page-range>479-501</page-range>
         <permissions>
            <copyright-statement>Copyright The Porter Institute for Poetics and Semiotics Tel Aviv University</copyright-statement>
         </permissions>
         <self-uri xlink:href="http://www.jstor.org/stable/1772564"/>
         <custom-meta-group>
            <custom-meta>
               <meta-name>lang</meta-name>
               <meta-value>eng</meta-value>
            </custom-meta>
         </custom-meta-group>
      </article-meta>
   </front>
   <back>
      <fn-group>
         <title>[Footnotes]</title>
         <fn id="d12438e132a1310">
            <label>1</label>
            <p>
               <mixed-citation id="d12438e139" publication-type="book">
Du Marsais, Traité des Tropes (1730)<person-group>
                     <string-name>
                        <surname>Du Marsais</surname>
                     </string-name>
                  </person-group>
                  <source>Traité des Tropes</source>
                  <year>1730</year>
               </mixed-citation>
            </p>
            <p>
               <mixed-citation id="d12438e160" publication-type="book">
Fontanier, Les Figures du Discours (1830)<person-group>
                     <string-name>
                        <surname>Fontanier</surname>
                     </string-name>
                  </person-group>
                  <source>Les Figures du Discours</source>
                  <year>1830</year>
               </mixed-citation>
            </p>
         </fn>
      </fn-group>
      <ref-list>
         <title>References</title>
         <ref id="d12438e191a1310">
            <mixed-citation id="d12438e195" publication-type="journal">
Bellert, I., 1980/81. "Sherlock Holmes' Interpretation of Metaphorical Texts," Poetics To-
day 2:lb.<object-id pub-id-type="doi">10.2307/1772237</object-id>
               <fpage>lb</fpage>
            </mixed-citation>
         </ref>
         <ref id="d12438e211a1310">
            <mixed-citation id="d12438e215" publication-type="book">
Black, Max, 1962. Models and Metaphors (Ithaca: Cornell UP).<person-group>
                  <string-name>
                     <surname>Black</surname>
                  </string-name>
               </person-group>
               <source>Models and Metaphors</source>
               <year>1962</year>
            </mixed-citation>
         </ref>
         <ref id="d12438e237a1310">
            <mixed-citation id="d12438e241" publication-type="journal">
Bickerton, D., 1969. "Prolegomena to a Linguistic Theory of Metaphor," Foundations of
LanguageV:1.<person-group>
                  <string-name>
                     <surname>Bickerton</surname>
                  </string-name>
               </person-group>
               <fpage>1</fpage>
               <volume>V</volume>
               <source>Foundations of Language</source>
               <year>1969</year>
            </mixed-citation>
         </ref>
         <ref id="d12438e273a1310">
            <mixed-citation id="d12438e277" publication-type="book">
Brekle, Herbert E., 1972. Semantik. Eine Einführung in die Spmcrhwissenshaftlche Bedeutungslehre
(München: Wilhelm Fink Verlag).<person-group>
                  <string-name>
                     <surname>Brekle</surname>
                  </string-name>
               </person-group>
               <source>Semantik. Eine Einführung in die Spmcrhwissenshaftlche Bedeutungslehre</source>
               <year>1972</year>
            </mixed-citation>
         </ref>
         <ref id="d12438e303a1310">
            <mixed-citation id="d12438e307" publication-type="book">
Brooke-Rose, Christine, 1965. A Grammar of Metaphor (London: Mercury Books).<person-group>
                  <string-name>
                     <surname>Brooke-Rose</surname>
                  </string-name>
               </person-group>
               <source>A Grammar of Metaphor</source>
               <year>1965</year>
            </mixed-citation>
         </ref>
         <ref id="d12438e329a1310">
            <mixed-citation id="d12438e333" publication-type="book">
Dubois, Jean et aL, 1970. Rhétorique générale (Paris: Larousse).<person-group>
                  <string-name>
                     <surname>Dubois</surname>
                  </string-name>
               </person-group>
               <source>Rhétorique générale</source>
               <year>1970</year>
            </mixed-citation>
         </ref>
         <ref id="d12438e355a1310">
            <mixed-citation id="d12438e359" publication-type="book">
Dupriez, Bernard, 1980. Gradus (Paris: Union Générale d'Editions).<person-group>
                  <string-name>
                     <surname>Dupriez</surname>
                  </string-name>
               </person-group>
               <source>Gradus</source>
               <year>1980</year>
            </mixed-citation>
         </ref>
         <ref id="d12438e381a1310">
            <mixed-citation id="d12438e385" publication-type="book">
Hamon, Philippe, 1981. Introduction à l'analyse du descriptif (Paris: Hachette).<person-group>
                  <string-name>
                     <surname>Hamon</surname>
                  </string-name>
               </person-group>
               <source>Introduction à l'analyse du descriptif</source>
               <year>1981</year>
            </mixed-citation>
         </ref>
         <ref id="d12438e407a1310">
            <mixed-citation id="d12438e411" publication-type="book">
Hester, Marcus, B., 1967. The Meaning of Poetic Metaphor (The Hague/Paris: Mouton &amp; Co.).<person-group>
                  <string-name>
                     <surname>Hester</surname>
                  </string-name>
               </person-group>
               <source>The Meaning of Poetic Metaphor</source>
               <year>1967</year>
            </mixed-citation>
         </ref>
         <ref id="d12438e433a1310">
            <mixed-citation id="d12438e437" publication-type="book">
Jakobson, Roman, 1956. Fundamentals of Language (The Hague: Mouton).<person-group>
                  <string-name>
                     <surname>Jakobson</surname>
                  </string-name>
               </person-group>
               <source>Fundamentals of Language</source>
               <year>1956</year>
            </mixed-citation>
         </ref>
         <ref id="d12438e460a1310">
            <mixed-citation id="d12438e464" publication-type="book">
Lakoff, G. and M. Johnson, 1980. Metaphors We Live By (Chicago: Chicago UP).<person-group>
                  <string-name>
                     <surname>Lakoff</surname>
                  </string-name>
               </person-group>
               <source>Metaphors We Live By</source>
               <year>1980</year>
            </mixed-citation>
         </ref>
         <ref id="d12438e486a1310">
            <mixed-citation id="d12438e490" publication-type="book">
Langages, 1978. "Poétique générative," eds. D. Delas and J.-J. Thomas, Vol. 51.
1979 "La métaphore," ed. Jean Molino, Vol. 54.<person-group>
                  <string-name>
                     <surname>Delas</surname>
                  </string-name>
               </person-group>
               <comment content-type="section">Poétique générative</comment>
               <volume>51</volume>
               <source>Langages</source>
               <year>1979</year>
            </mixed-citation>
         </ref>
         <ref id="d12438e522a1310">
            <mixed-citation id="d12438e526" publication-type="book">
Lausberg, Heinrich, 1963. Elemente der Literarischen Rhetorik (München: Max Hueber Ver-
lag).<person-group>
                  <string-name>
                     <surname>Lausberg</surname>
                  </string-name>
               </person-group>
               <source>Elemente der Literarischen Rhetorik</source>
               <year>1963</year>
            </mixed-citation>
         </ref>
         <ref id="d12438e551a1310">
            <mixed-citation id="d12438e555" publication-type="book">
Le Guern, Michel, 1973. Sémantique de la métaphore et de la métonymie (Paris: Larousse).<person-group>
                  <string-name>
                     <surname>Le Guern</surname>
                  </string-name>
               </person-group>
               <source>Sémantique de la métaphore et de la métonymie</source>
               <year>1973</year>
            </mixed-citation>
         </ref>
         <ref id="d12438e577a1310">
            <mixed-citation id="d12438e581" publication-type="book">
Levin, Samuel R., 1977. The Semantics of Metaphor (Baltimore/London: The Johns Hop-
kins UP).<person-group>
                  <string-name>
                     <surname>Levin</surname>
                  </string-name>
               </person-group>
               <source>The Semantics of Metaphor</source>
               <year>1977</year>
            </mixed-citation>
         </ref>
         <ref id="d12438e606a1310">
            <mixed-citation id="d12438e610" publication-type="book">
Mack, Dorothy, 1975. "Metaphoring as Speech-Act," Poetics.<person-group>
                  <string-name>
                     <surname>Mack</surname>
                  </string-name>
               </person-group>
               <comment content-type="section">Metaphoring as Speech-Act</comment>
               <source>Poetics</source>
               <year>1975</year>
            </mixed-citation>
         </ref>
         <ref id="d12438e636a1310">
            <mixed-citation id="d12438e640" publication-type="journal">
Matthews, R.J., 1971. "Concerning a Linguistic Theory of Metaphor," Foundations of Lan-
guage VII:3.<person-group>
                  <string-name>
                     <surname>Matthews</surname>
                  </string-name>
               </person-group>
               <fpage>3</fpage>
               <volume>VII</volume>
               <source>Foundations of Language</source>
               <year>1971</year>
            </mixed-citation>
         </ref>
         <ref id="d12438e672a1310">
            <mixed-citation id="d12438e676" publication-type="book">
McCall, Marsh, H., 1979. Ancient Rhetorical Theories of Simile and Comparison (Cambridge:
Harvard UP).<person-group>
                  <string-name>
                     <surname>McCall</surname>
                  </string-name>
               </person-group>
               <source>Ancient Rhetorical Theories of Simile and Comparison</source>
               <year>1979</year>
            </mixed-citation>
         </ref>
         <ref id="d12438e701a1310">
            <mixed-citation id="d12438e705" publication-type="book">
Ortony, Andrew, 1979. Metaphor and Thought (Cambridge/London: Cambridge UP).<person-group>
                  <string-name>
                     <surname>Ortony</surname>
                  </string-name>
               </person-group>
               <source>Metaphor and Thought</source>
               <year>1979</year>
            </mixed-citation>
         </ref>
         <ref id="d12438e727a1310">
            <mixed-citation id="d12438e731" publication-type="book">
Peiice, Charles S., 1966. Selected Writings, ed. Philip P. Wiener (New York: Dover).<person-group>
                  <string-name>
                     <surname>Peiice</surname>
                  </string-name>
               </person-group>
               <source>Selected Writings</source>
               <year>1966</year>
            </mixed-citation>
         </ref>
         <ref id="d12438e753a1310">
            <mixed-citation id="d12438e757" publication-type="book">
Perelman, Charles and L. Olbrecht-Tyteca, 1970. Traiti de I'argumentation (Bruxelles:
Presses de I'Université libre).<person-group>
                  <string-name>
                     <surname>Perelman</surname>
                  </string-name>
               </person-group>
               <source>Traiti de I'argumentation</source>
               <year>1970</year>
            </mixed-citation>
         </ref>
         <ref id="d12438e782a1310">
            <mixed-citation id="d12438e786" publication-type="journal">
Poetics, 1975. "Theory of Metaphor" IV:2/3 (14/15).<issue>2</issue>
               <fpage>3</fpage>
               <volume>IV</volume>
               <source>Poetics</source>
               <year>1975</year>
            </mixed-citation>
         </ref>
         <ref id="d12438e810a1310">
            <mixed-citation id="d12438e814" publication-type="journal">
Pobetics Today, 1980-81. "Metaphor" 2:1b.<fpage>1b</fpage>
               <volume>2</volume>
               <source>Pobetics Today</source>
               <year>1980</year>
            </mixed-citation>
         </ref>
         <ref id="d12438e833a1310">
            <mixed-citation id="d12438e837" publication-type="journal">
Quine, W.V., 1978. "A Postscript on Metaphor," Critical Inquiry 1.<object-id pub-id-type="jstor">10.2307/1342983</object-id>
               <fpage>1</fpage>
            </mixed-citation>
         </ref>
         <ref id="d12438e850a1310">
            <mixed-citation id="d12438e854" publication-type="book">
Richards, IA., 1925. Principles of Litrary Criticism (New York: Harvest Books).<person-group>
                  <string-name>
                     <surname>Richards</surname>
                  </string-name>
               </person-group>
               <source>Principles of Litrary Criticism</source>
               <year>1925</year>
            </mixed-citation>
         </ref>
         <ref id="d12438e876a1310">
            <mixed-citation id="d12438e880" publication-type="book">
Ricoeur, Paul, 1975. La Mélaphore vive (Paris: Seuil).<person-group>
                  <string-name>
                     <surname>Ricoeur</surname>
                  </string-name>
               </person-group>
               <source>La Mélaphore vive</source>
               <year>1975</year>
            </mixed-citation>
         </ref>
         <ref id="d12438e902a1310">
            <mixed-citation id="d12438e906" publication-type="book">
Riffaterre, Michael, 1978. Semiotics of Poetry (Bloomington/London: Indiana UP).<person-group>
                  <string-name>
                     <surname>Riffaterre</surname>
                  </string-name>
               </person-group>
               <source>Semiotics of Poetry</source>
               <year>1978</year>
            </mixed-citation>
         </ref>
         <ref id="d12438e928a1310">
            <mixed-citation id="d12438e932" publication-type="book">
Sacks, Samuel, (1979). On Metaphor (Chicago: Chicago UP).<person-group>
                  <string-name>
                     <surname>Sacks</surname>
                  </string-name>
               </person-group>
               <source>On Metaphor</source>
               <year>1979</year>
            </mixed-citation>
         </ref>
         <ref id="d12438e955a1310">
            <mixed-citation id="d12438e959" publication-type="book">
Sapir, J.D. and J.C. Crocker, 1977. The Social Rise of Metaphor, Essays on the Anthropology of
Rhetoric (Philadelphia: University of Pennsylvania Press).<person-group>
                  <string-name>
                     <surname>Sapir</surname>
                  </string-name>
               </person-group>
               <source>The Social Rise of Metaphor, Essays on the Anthropology of Rhetoric</source>
               <year>1977</year>
            </mixed-citation>
         </ref>
         <ref id="d12438e984a1310">
            <mixed-citation id="d12438e988" publication-type="book">
Shibles, Warren, A., 1971. Analysis of Metaphor in the Light of W.M. Urban's Theories (The
Hague/Paris: Mouton &amp; Co.).<person-group>
                  <string-name>
                     <surname>Shibles</surname>
                  </string-name>
               </person-group>
               <source>Analysis of Metaphor in the Light of W.M. Urban's Theories</source>
               <year>1971</year>
            </mixed-citation>
         </ref>
         <ref id="d12438e1013a1310">
            <mixed-citation id="d12438e1017" publication-type="book">
Todorov, Tzvetan, 1970. "Synecdoques," Communications (Paris: Seuil), 26-35.<person-group>
                  <string-name>
                     <surname>Todorov</surname>
                  </string-name>
               </person-group>
               <comment content-type="section">Synecdoques</comment>
               <fpage>26</fpage>
               <source>Communications</source>
               <year>1970</year>
            </mixed-citation>
         </ref>
         <ref id="d12438e1046a1310">
            <mixed-citation id="d12438e1050" publication-type="journal">
Van Dijk, Teun, 1975. "Formal Semantics of Metaphorical Discourse," Poetics.<person-group>
                  <string-name>
                     <surname>Van Dijk</surname>
                  </string-name>
               </person-group>
               <source>Poetics</source>
               <year>1975</year>
            </mixed-citation>
         </ref>
      </ref-list>
   </back>
</article>
