<article xmlns:xsi="http://www.w3.org/2001/XMLSchema-instance"
         xmlns:xlink="http://www.w3.org/1999/xlink"
         xmlns:mml="http://www.w3.org/1998/Math/MathML"
         dtd-version="1.0"
         article-type="research-article">
   <front>
      <journal-meta>
         <journal-id journal-id-type="jstor">poeticstoday</journal-id>
         <journal-id journal-id-type="jstor">j100659</journal-id>
         <journal-title-group>
            <journal-title>Poetics Today</journal-title>
         </journal-title-group>
         <publisher>
            <publisher-name>Duke University Press</publisher-name>
         </publisher>
         <issn pub-type="ppub">03335372</issn>
         <issn pub-type="epub">15275507</issn>
      </journal-meta>
      <article-meta>
         <article-id pub-id-type="doi">10.2307/1773082</article-id>
         <title-group>
            <article-title>Telling in Time (I): Chronology and Narrative Theory</article-title>
         </title-group>
         <contrib-group>
            <contrib contrib-type="author">
               <string-name>
                  <given-names>Meir</given-names>
                  <surname>Sternberg</surname>
               </string-name>
            </contrib>
         </contrib-group>
         <pub-date>
            <day>1</day>
            <month>12</month>
            <year>1990</year>
         </pub-date>
         <volume>11</volume>
         <issue>4</issue>
         <issue-id>i303088</issue-id>
         <fpage>901</fpage>
         <lpage>948</lpage>
         <page-range>901-948</page-range>
         <permissions>
            <copyright-statement>Copyright 1990 The Porter Institute for Poetics and Semiotics, Tel Aviv University</copyright-statement>
         </permissions>
         <self-uri xlink:href="http://www.jstor.org/stable/1773082"/>
         <custom-meta-group>
            <custom-meta>
               <meta-name>lang</meta-name>
               <meta-value>eng</meta-value>
            </custom-meta>
         </custom-meta-group>
      </article-meta>
   </front>
   <back>
      <fn-group>
         <title>[Footnotes]</title>
         <fn id="d13031e114a1310">
            <label>1</label>
            <p>
               <mixed-citation id="d13031e121" publication-type="book">
Smitten and Daghistany 1981: 13  <fpage>13</fpage>
               </mixed-citation>
            </p>
            <p>
               <mixed-citation id="d13031e132" publication-type="book">
"primarily narrative" in
Scholes [1974: 17]<comment content-type="section">Primarily narrative</comment>
                  <fpage>17</fpage>
                  <source>Scholes</source>
                  <year>1974</year>
               </mixed-citation>
            </p>
            <p>
               <mixed-citation id="d13031e154" publication-type="book">
Sternberg (1990)  </mixed-citation>
            </p>
         </fn>
         <fn id="d13031e163a1310">
            <label>2</label>
            <p>
               <mixed-citation id="d13031e170" publication-type="book">
Genette, where he is satisfied to affirm that "the order long consid-
ered natural is nothing but one order among others" (1969: 221)<person-group>
                     <string-name>
                        <surname>Genette</surname>
                     </string-name>
                  </person-group>
                  <fpage>221</fpage>
                  <source>The order long considered natural is nothing but one order among others</source>
                  <year>1969</year>
               </mixed-citation>
            </p>
            <p>
               <mixed-citation id="d13031e198" publication-type="partial">
notes 3 and
18, below</mixed-citation>
            </p>
         </fn>
         <fn id="d13031e208a1310">
            <label>3</label>
            <p>
               <mixed-citation id="d13031e215" publication-type="journal">
Todorov (1966: 127, 139)  <fpage>127</fpage>
               </mixed-citation>
            </p>
            <p>
               <mixed-citation id="d13031e226" publication-type="book">
Rimmon-Kenan, a disciple of Genette's, who repeats the master's words
but misrepresents his claim by grounding it in the pressures of multilinearity rather
than in the preference for anachrony (1983: 16-17, 45-46)  <fpage>16</fpage>
               </mixed-citation>
            </p>
            <p>
               <mixed-citation id="d13031e243" publication-type="book">
Narrative Discourse (1980)<source>Narrative Discourse</source>
                  <year>1980</year>
               </mixed-citation>
            </p>
            <p>
               <mixed-citation id="d13031e256" publication-type="book">
ibid.: 50, 71  <fpage>50</fpage>
               </mixed-citation>
            </p>
            <p>
               <mixed-citation id="d13031e267" publication-type="book">
OdyssW"
(1983: 21, n. 2)<fpage>21</fpage>
                  <source>OdyssW</source>
                  <year>1983</year>
               </mixed-citation>
            </p>
         </fn>
         <fn id="d13031e286a1310">
            <label>4</label>
            <p>
               <mixed-citation id="d13031e293" publication-type="book">
Clark and Clark (1977: 506-8)<fpage>506</fpage>
                  <source>Clark and Clark</source>
                  <year>1977</year>
               </mixed-citation>
            </p>
            <p>
               <mixed-citation id="d13031e308" publication-type="book">
Labov (1972)  </mixed-citation>
            </p>
            <p>
               <mixed-citation id="d13031e316" publication-type="book">
ibid.: 360, 378  </mixed-citation>
            </p>
            <p>
               <mixed-citation id="d13031e325" publication-type="journal">
Reinhart [1985]  </mixed-citation>
            </p>
         </fn>
         <fn id="d13031e335a1310">
            <label>5</label>
            <p>
               <mixed-citation id="d13031e342" publication-type="book">
Genette 1980: 30  <fpage>30</fpage>
               </mixed-citation>
            </p>
            <p>
               <mixed-citation id="d13031e353" publication-type="partial">
1983: 14-15</mixed-citation>
            </p>
            <p>
               <mixed-citation id="d13031e359" publication-type="partial">
1972: 360</mixed-citation>
            </p>
            <p>
               <mixed-citation id="d13031e366" publication-type="book">
Prince (1973: 16-37  </mixed-citation>
            </p>
            <p>
               <mixed-citation id="d13031e374" publication-type="partial">
1982: 1-4</mixed-citation>
            </p>
            <p>
               <mixed-citation id="d13031e380" publication-type="book">
Scholes (1974: 95-96)  <fpage>95</fpage>
               </mixed-citation>
            </p>
         </fn>
         <fn id="d13031e392a1310">
            <label>6</label>
            <p>
               <mixed-citation id="d13031e399" publication-type="book">
ibid.: 25, 27, 87,
161, 198  <fpage>25</fpage>
               </mixed-citation>
            </p>
            <p>
               <mixed-citation id="d13031e413" publication-type="book">
ibid.: 208, 213  <fpage>208</fpage>
               </mixed-citation>
            </p>
         </fn>
         <fn id="d13031e425a1310">
            <label>7</label>
            <p>
               <mixed-citation id="d13031e432" publication-type="book">
Labov 1972: 359-60  <fpage>359</fpage>
               </mixed-citation>
            </p>
         </fn>
         <fn id="d13031e444a1310">
            <label>8</label>
            <p>
               <mixed-citation id="d13031e451" publication-type="book">
ibid.: 50, 52  <fpage>50</fpage>
               </mixed-citation>
            </p>
         </fn>
         <fn id="d13031e463a1310">
            <label>9</label>
            <p>
               <mixed-citation id="d13031e470" publication-type="book">
Todorov (whose terms reappear in Chatman's
Story and Discourse [1978]<person-group>
                     <string-name>
                        <surname>Todorov</surname>
                     </string-name>
                  </person-group>
                  <source>Story and Discourse</source>
                  <year>1978</year>
               </mixed-citation>
            </p>
            <p>
               <mixed-citation id="d13031e494" publication-type="other">
Notable among
them is Propp, who lays it down as a law of the morphology of the folktale that
"the sequence of functions is always identical" (1968 [1928])</mixed-citation>
            </p>
            <p>
               <mixed-citation id="d13031e506" publication-type="other">
ibid.: 21-22</mixed-citation>
            </p>
            <p>
               <mixed-citation id="d13031e513" publication-type="other">
ibid.: 107-13</mixed-citation>
            </p>
            <p>
               <mixed-citation id="d13031e519" publication-type="book">
Bakhtin / Medvedev,
who would scrap the distinction altogether: "The material is artistic through and
through. . ... Although we can separate story from plot as the Formalists under-
stand it, the story itself is, nevertheless, artistically organized" [1985 (1928): 113]<person-group>
                     <string-name>
                        <surname>Bakhtin</surname>
                     </string-name>
                  </person-group>
                  <fpage>113</fpage>
                  <source>The material is artistic through and through. . ... Although we can separate story from plot as the Formalists understand it, the story itself is, nevertheless, artistically organized</source>
                  <year>1985</year>
               </mixed-citation>
            </p>
         </fn>
         <fn id="d13031e554a1310">
            <label>10</label>
            <p>
               <mixed-citation id="d13031e561" publication-type="journal">
White (1980)  </mixed-citation>
            </p>
            <p>
               <mixed-citation id="d13031e569" publication-type="book">
Danto (1985: 149-82)  <fpage>149</fpage>
               </mixed-citation>
            </p>
            <p>
               <mixed-citation id="d13031e580" publication-type="book">
Butterfield
(1981)  </mixed-citation>
            </p>
            <p>
               <mixed-citation id="d13031e592" publication-type="other">
Aristotle, in opposing the logical to the chronological and insisting
on "an achronological notion of narrative temporality" (1984: 38ff., 239, n. 20)</mixed-citation>
            </p>
         </fn>
         <fn id="d13031e603a1310">
            <label>11</label>
            <p>
               <mixed-citation id="d13031e610" publication-type="book">
Voltaire, there is no history in the modern sense of the
word, nothing but chronologies" (Barthes 1972: 86)<person-group>
                     <string-name>
                        <surname>Voltaire</surname>
                     </string-name>
                  </person-group>
                  <fpage>86</fpage>
                  <source>nothing but chronologies</source>
                  <year>1972</year>
               </mixed-citation>
            </p>
            <p>
               <mixed-citation id="d13031e638" publication-type="book">
ibid.: 111  <fpage>111</fpage>
               </mixed-citation>
            </p>
         </fn>
         <fn id="d13031e650a1310">
            <label>12</label>
            <p>
               <mixed-citation id="d13031e657" publication-type="book">
Kermode (1977)  </mixed-citation>
            </p>
         </fn>
         <fn id="d13031e666a1310">
            <label>13</label>
            <p>
               <mixed-citation id="d13031e673" publication-type="book">
Benveniste (1971: 205-15)  <fpage>205</fpage>
               </mixed-citation>
            </p>
            <p>
               <mixed-citation id="d13031e684" publication-type="book">
Culler (1975: 197-200)  </mixed-citation>
            </p>
            <p>
               <mixed-citation id="d13031e692" publication-type="book">
Bordwell (1985: 21-26)  </mixed-citation>
            </p>
         </fn>
         <fn id="d13031e701a1310">
            <label>14</label>
            <p>
               <mixed-citation id="d13031e708" publication-type="book">
Genette (1983: 39)  <fpage>39</fpage>
               </mixed-citation>
            </p>
            <p>
               <mixed-citation id="d13031e719" publication-type="journal">
Sternberg 1982a  </mixed-citation>
            </p>
         </fn>
         <fn id="d13031e728a1310">
            <label>15</label>
            <p>
               <mixed-citation id="d13031e735" publication-type="book">
Gallie (1964)  </mixed-citation>
            </p>
            <p>
               <mixed-citation id="d13031e743" publication-type="book">
Scholes and Kellogg (1966)  </mixed-citation>
            </p>
            <p>
               <mixed-citation id="d13031e751" publication-type="book">
Braudy (1970)  </mixed-citation>
            </p>
            <p>
               <mixed-citation id="d13031e760" publication-type="journal">
Mink (1970)  </mixed-citation>
            </p>
            <p>
               <mixed-citation id="d13031e768" publication-type="book">
Hexter (1971)  </mixed-citation>
            </p>
            <p>
               <mixed-citation id="d13031e776" publication-type="book">
Momigliano (1977)  </mixed-citation>
            </p>
            <p>
               <mixed-citation id="d13031e784" publication-type="book">
White (1978, 1980)  </mixed-citation>
            </p>
            <p>
               <mixed-citation id="d13031e792" publication-type="book">
Butterfield
(1981)  </mixed-citation>
            </p>
            <p>
               <mixed-citation id="d13031e803" publication-type="book">
Ricoeur (1984)  </mixed-citation>
            </p>
            <p>
               <mixed-citation id="d13031e812" publication-type="book">
Sternberg (1985)  </mixed-citation>
            </p>
            <p>
               <mixed-citation id="d13031e820" publication-type="book">
Canary and
Kozici (1978)  </mixed-citation>
            </p>
            <p>
               <mixed-citation id="d13031e831" publication-type="book">
Labov (1972)  </mixed-citation>
            </p>
         </fn>
         <fn id="d13031e840a1310">
            <label>16</label>
            <p>
               <mixed-citation id="d13031e847" publication-type="book">
Bakhtin /
Medvedev: "Life, the aggregate of defined actions, events, or experiences, only
becomes plot [siuzhet], story 1[abula], theme, or motif once it has been refracted
through the prism of the ideological environment, only once it has taken on con-
crete ideological flesh. Reality that is unrefracted and, as it were, raw is not able
to enter into the content of literature" (1985 [1928]: 17)<person-group>
                     <string-name>
                        <surname>Bakhtin</surname>
                     </string-name>
                  </person-group>
                  <fpage>17</fpage>
                  <source>Life, the aggregate of defined actions, events, or experiences, only becomes plot [siuzhet], story 1[abula], theme, or motif once it has been refracted through the prism of the ideological environment, only once it has taken on concrete ideological flesh. Reality that is unrefracted and, as it were, raw is not able to enter into the content of literature</source>
                  <year>1985</year>
               </mixed-citation>
            </p>
         </fn>
         <fn id="d13031e889a1310">
            <label>17</label>
            <p>
               <mixed-citation id="d13031e896" publication-type="journal">
Plaks (1977)  </mixed-citation>
            </p>
            <p>
               <mixed-citation id="d13031e904" publication-type="journal">
ibid.: 342  <fpage>342</fpage>
               </mixed-citation>
            </p>
            <p>
               <mixed-citation id="d13031e915" publication-type="journal">
ibid.: 355-56  </mixed-citation>
            </p>
         </fn>
         <fn id="d13031e924a1310">
            <label>18</label>
            <p>
               <mixed-citation id="d13031e931" publication-type="partial">
n. 9</mixed-citation>
            </p>
            <p>
               <mixed-citation id="d13031e937" publication-type="other">
n. 3</mixed-citation>
            </p>
            <p>
               <mixed-citation id="d13031e943" publication-type="other">
ibid.</mixed-citation>
            </p>
         </fn>
         <fn id="d13031e950a1310">
            <label>19</label>
            <p>
               <mixed-citation id="d13031e959" publication-type="book">
Smith
(1968)  </mixed-citation>
            </p>
            <p>
               <mixed-citation id="d13031e970" publication-type="book">
poetry and Kermode (1967)<source>poetry and Kermode</source>
                  <year>1967</year>
               </mixed-citation>
            </p>
            <p>
               <mixed-citation id="d13031e983" publication-type="book">
Kermode 1967: 18  </mixed-citation>
            </p>
            <p>
               <mixed-citation id="d13031e991" publication-type="other">
Small wonder that Kermode
proceeds to oppose chronos to kairos, not to anything like "anachronos</mixed-citation>
            </p>
         </fn>
         <fn id="d13031e1001a1310">
            <label>20</label>
            <p>
               <mixed-citation id="d13031e1008" publication-type="book">
Rousseau 1965 [1781]: 65  <fpage>65</fpage>
               </mixed-citation>
            </p>
         </fn>
         <fn id="d13031e1020a1310">
            <label>21</label>
            <p>
               <mixed-citation id="d13031e1027" publication-type="book">
Labov (1972)  </mixed-citation>
            </p>
         </fn>
      </fn-group>
      <ref-list>
         <title>References</title>
         <ref id="d13031e1045a1310">
            <mixed-citation id="d13031e1049" publication-type="book">
Bakhtin, M. M./Medvedev, P. N.
1985 [1928] The Formal Method in Literary Scholarship, translated by Albert J.
Wehrle (Cambridge, MA: Harvard University Press).<person-group>
                  <string-name>
                     <surname>Bakhtin</surname>
                  </string-name>
               </person-group>
               <source>The Formal Method in Literary Scholarship</source>
               <year>1985</year>
            </mixed-citation>
         </ref>
         <ref id="d13031e1078a1310">
            <mixed-citation id="d13031e1082" publication-type="book">
Bal, Mieke
1985 Narratology, translated by Christine van Boheemen (Toronto: University of
TForonto Press).<person-group>
                  <string-name>
                     <surname>Bal</surname>
                  </string-name>
               </person-group>
               <source>Narratology</source>
               <year>1985</year>
            </mixed-citation>
         </ref>
         <ref id="d13031e1111a1310">
            <mixed-citation id="d13031e1115" publication-type="book">
Barthes, Roland
1968 Writing Degree Zero and Elements of Semiology, translated by Annette Lavers
and Colin Smith (Boston: Beacon Press).<person-group>
                  <string-name>
                     <surname>Barthes</surname>
                  </string-name>
               </person-group>
               <source>Writing Degree Zero and Elements of Semiology</source>
               <year>1968</year>
            </mixed-citation>
            <mixed-citation id="d13031e1143" publication-type="book">
1970 "Historical Discourse," in Structuralism: A Reader, edited by Michael Lane,
145-55 (London: Jonathan Cape).<person-group>
                  <string-name>
                     <surname>Barthes</surname>
                  </string-name>
               </person-group>
               <comment content-type="section">Historical Discourse</comment>
               <fpage>145</fpage>
               <source>Structuralism: A Reader</source>
               <year>1970</year>
            </mixed-citation>
            <mixed-citation id="d13031e1174" publication-type="book">
1972 Critical Essays, translated by Richard Howard (Evanston: Northwestern
University Press).<person-group>
                  <string-name>
                     <surname>Barthes</surname>
                  </string-name>
               </person-group>
               <source>Critical Essays</source>
               <year>1972</year>
            </mixed-citation>
            <mixed-citation id="d13031e1198" publication-type="other">
1974 S/Z, translated by Richard Miller (New York: Hill and Wang).</mixed-citation>
            <mixed-citation id="d13031e1205" publication-type="book">
1977 Image, Music, Text, translated by Stephen Heath (New York: Hill and Wang).<person-group>
                  <string-name>
                     <surname>Barthes</surname>
                  </string-name>
               </person-group>
               <source>Image, Music, Text</source>
               <year>1977</year>
            </mixed-citation>
         </ref>
         <ref id="d13031e1227a1310">
            <mixed-citation id="d13031e1231" publication-type="book">
Benveniste, Emile
1971 Problems in General Linguistics, translated by Mary Elizabeth Meek (Coral
Gables: University of Miami Press).<person-group>
                  <string-name>
                     <surname>Benveniste</surname>
                  </string-name>
               </person-group>
               <source>Problems in General Linguistics</source>
               <year>1971</year>
            </mixed-citation>
         </ref>
         <ref id="d13031e1261a1310">
            <mixed-citation id="d13031e1265" publication-type="journal">
Berkhofer, Robert F.
1988 "'FThe Challenge of Poetics to (Normal) Historical Practice," Poetics Today
9(2): 435-52.<object-id pub-id-type="doi">10.2307/1772698</object-id>
               <fpage>435</fpage>
            </mixed-citation>
         </ref>
         <ref id="d13031e1284a1310">
            <mixed-citation id="d13031e1288" publication-type="book">
Booth, Wayne C.
1961 The Rhetoric of Fiction (Chicago: University of Chicago Press).<person-group>
                  <string-name>
                     <surname>Booth</surname>
                  </string-name>
               </person-group>
               <source>The Rhetoric of Fiction</source>
               <year>1961</year>
            </mixed-citation>
         </ref>
         <ref id="d13031e1313a1310">
            <mixed-citation id="d13031e1317" publication-type="book">
Bordwell, David
1985 Narration in the Fiction Film (Madison: University of Wisconsin Press).<person-group>
                  <string-name>
                     <surname>Bordwell</surname>
                  </string-name>
               </person-group>
               <source>Narration in the Fiction Film</source>
               <year>1985</year>
            </mixed-citation>
         </ref>
         <ref id="d13031e1342a1310">
            <mixed-citation id="d13031e1346" publication-type="book">
Braudel, Fernand
1980 On History, translated by Sarah Matthews (Chicago: University of Chi-
cago Press).<person-group>
                  <string-name>
                     <surname>Braudel</surname>
                  </string-name>
               </person-group>
               <source>On History</source>
               <year>1980</year>
            </mixed-citation>
         </ref>
         <ref id="d13031e1375a1310">
            <mixed-citation id="d13031e1379" publication-type="book">
Braudy, Leo
1970 Narrative Form in History and Fiction (Princeton: Princeton University Press).<person-group>
                  <string-name>
                     <surname>Braudy</surname>
                  </string-name>
               </person-group>
               <source>Narrative Form in History and Fiction</source>
               <year>1970</year>
            </mixed-citation>
         </ref>
         <ref id="d13031e1404a1310">
            <mixed-citation id="d13031e1408" publication-type="book">
Butterfield, Herbert
1981 The Origins of History (New York: Basic Books).<person-group>
                  <string-name>
                     <surname>Butterfield</surname>
                  </string-name>
               </person-group>
               <source>The Origins of History</source>
               <year>1981</year>
            </mixed-citation>
         </ref>
         <ref id="d13031e1434a1310">
            <mixed-citation id="d13031e1438" publication-type="book">
Canary, Robert, and Henry Kozici, eds.
1978 The Writing of History: Literary Form and Historical Understanding (Madison:
University of Wisconsin Press).<person-group>
                  <string-name>
                     <surname>Canary</surname>
                  </string-name>
               </person-group>
               <source>The Writing of History: Literary Form and Historical Understanding</source>
               <year>1978</year>
            </mixed-citation>
         </ref>
         <ref id="d13031e1467a1310">
            <mixed-citation id="d13031e1471" publication-type="book">
Carroll, Lewis
1963 The Annotated Alice, edited by Martin Gardner (Cleveland and New York:
World Publishing).<person-group>
                  <string-name>
                     <surname>Carroll</surname>
                  </string-name>
               </person-group>
               <source>The Annotated Alice</source>
               <year>1963</year>
            </mixed-citation>
         </ref>
         <ref id="d13031e1500a1310">
            <mixed-citation id="d13031e1504" publication-type="book">
Chatman, Seymour
1978 Story and Discourse (Ithaca: Cornell University Press).<person-group>
                  <string-name>
                     <surname>Chatman</surname>
                  </string-name>
               </person-group>
               <source>Story and Discourse</source>
               <year>1978</year>
            </mixed-citation>
         </ref>
         <ref id="d13031e1529a1310">
            <mixed-citation id="d13031e1533" publication-type="book">
Clark, Herbert H., and Eve V. Clark
1977 Psychology and Language (New York: Harcourt Brace Jovanovich).<person-group>
                  <string-name>
                     <surname>Clark</surname>
                  </string-name>
               </person-group>
               <source>Psychology and Language</source>
               <year>1977</year>
            </mixed-citation>
         </ref>
         <ref id="d13031e1558a1310">
            <mixed-citation id="d13031e1562" publication-type="book">
Cornford, Francis M.
1971 [1907] Thucydides Mythistoricus (Philadelphia: University of Pennsylvania
Press).<person-group>
                  <string-name>
                     <surname>Cornford</surname>
                  </string-name>
               </person-group>
               <source>Thucydides Mythistoricus</source>
               <year>1971</year>
            </mixed-citation>
         </ref>
         <ref id="d13031e1591a1310">
            <mixed-citation id="d13031e1595" publication-type="book">
Culler, Jonathan
1975 Structuralist Poetics (Ithaca: Cornell University Press).<person-group>
                  <string-name>
                     <surname>Culler</surname>
                  </string-name>
               </person-group>
               <source>Structuralist Poetics</source>
               <year>1975</year>
            </mixed-citation>
         </ref>
         <ref id="d13031e1621a1310">
            <mixed-citation id="d13031e1625" publication-type="book">
Danto, Arthur C.
1985 Narration and Knowledge (New York: Cambridge University Press).<person-group>
                  <string-name>
                     <surname>Danto</surname>
                  </string-name>
               </person-group>
               <source>Narration and Knowledge</source>
               <year>1985</year>
            </mixed-citation>
         </ref>
         <ref id="d13031e1650a1310">
            <mixed-citation id="d13031e1654" publication-type="book">
Delasanta, Rodney
1967 The Epic Voice (The Hague: Mouton).<person-group>
                  <string-name>
                     <surname>Delasanta</surname>
                  </string-name>
               </person-group>
               <source>The Epic Voice</source>
               <year>1967</year>
            </mixed-citation>
         </ref>
         <ref id="d13031e1679a1310">
            <mixed-citation id="d13031e1683" publication-type="book">
Eco, Umberto
1976 A Theory of Semiotics (Bloomington: Indiana University Press).<person-group>
                  <string-name>
                     <surname>Eco</surname>
                  </string-name>
               </person-group>
               <source>A Theory of Semiotics</source>
               <year>1976</year>
            </mixed-citation>
         </ref>
         <ref id="d13031e1708a1310">
            <mixed-citation id="d13031e1712" publication-type="journal">
Enquist, Nils Erik
1981 "Experiental Iconicism in Text Strategy," Text 1(1): 97-111.<person-group>
                  <string-name>
                     <surname>Enquist</surname>
                  </string-name>
               </person-group>
               <issue>1</issue>
               <fpage>97</fpage>
               <volume>1</volume>
               <source>Text</source>
               <year>1981</year>
            </mixed-citation>
         </ref>
         <ref id="d13031e1747a1310">
            <mixed-citation id="d13031e1751" publication-type="book">
Forster, E. M.
1962 [1927] Aspects of the Novel (Harmondsworth: Penguin).<person-group>
                  <string-name>
                     <surname>Forster</surname>
                  </string-name>
               </person-group>
               <source>Aspects of the Novel</source>
               <year>1962</year>
            </mixed-citation>
         </ref>
         <ref id="d13031e1776a1310">
            <mixed-citation id="d13031e1780" publication-type="book">
Frank, Joseph
1963 "Spatial Form in Modern Literature," in The Widening Gyre, 3-62 (New
Brunswick, NJ: Rutgers University Press).<person-group>
                  <string-name>
                     <surname>Frank</surname>
                  </string-name>
               </person-group>
               <comment content-type="section">Spatial Form in Modern Literature</comment>
               <fpage>3</fpage>
               <source>The Widening Gyre</source>
               <year>1963</year>
            </mixed-citation>
            <mixed-citation id="d13031e1814" publication-type="book">
1981 "Spatial Form: Thirty Years After," in Smitten and Daghistany 1981: 202-
43.<person-group>
                  <string-name>
                     <surname>Frank</surname>
                  </string-name>
               </person-group>
               <comment content-type="section">Spatial Form: Thirty Years After</comment>
               <fpage>202</fpage>
               <source>Smitten and Daghistany</source>
               <year>1981</year>
            </mixed-citation>
         </ref>
         <ref id="d13031e1847a1310">
            <mixed-citation id="d13031e1851" publication-type="book">
Gallie, W. B.
1964 Philosophy and Historical Understanding (London: Chatto and Windus).<person-group>
                  <string-name>
                     <surname>Gallie</surname>
                  </string-name>
               </person-group>
               <source>Philosophy and Historical Understanding</source>
               <year>1964</year>
            </mixed-citation>
         </ref>
         <ref id="d13031e1876a1310">
            <mixed-citation id="d13031e1880" publication-type="book">
Genette, Gerard
1969 Figures II (Paris: Seuil).<person-group>
                  <string-name>
                     <surname>Genette</surname>
                  </string-name>
               </person-group>
               <source>Figures II</source>
               <year>1969</year>
            </mixed-citation>
            <mixed-citation id="d13031e1904" publication-type="book">
1980 Narrative Discourse, translated by Jane E. Lewin (Ithaca: Cornell Univer-
sity Press).<person-group>
                  <string-name>
                     <surname>Genette</surname>
                  </string-name>
               </person-group>
               <source>Narrative Discourse</source>
               <year>1980</year>
            </mixed-citation>
            <mixed-citation id="d13031e1928" publication-type="book">
1983 Nouveau discours du recit (Paris: Seuil).<person-group>
                  <string-name>
                     <surname>Genette</surname>
                  </string-name>
               </person-group>
               <source>Nouveau discours du recit</source>
               <year>1983</year>
            </mixed-citation>
         </ref>
         <ref id="d13031e1950a1310">
            <mixed-citation id="d13031e1954" publication-type="book">
Gibbon, Edward
1972 The English Essays of Edward Gibbon, edited by Patricia B. Craddock (Oxford:
Clarendon Press).<person-group>
                  <string-name>
                     <surname>Gibbon</surname>
                  </string-name>
               </person-group>
               <source>The English Essays of Edward Gibbon</source>
               <year>1972</year>
            </mixed-citation>
         </ref>
         <ref id="d13031e1983a1310">
            <mixed-citation id="d13031e1987" publication-type="book">
Gombrich, E. H.
1969 Art and Illusion (Princeton: Princeton University Press).<person-group>
                  <string-name>
                     <surname>Gombrich</surname>
                  </string-name>
               </person-group>
               <source>Art and Illusion</source>
               <year>1969</year>
            </mixed-citation>
         </ref>
         <ref id="d13031e2012a1310">
            <mixed-citation id="d13031e2016" publication-type="book">
Graves, Robert
1962 [1934] I, Claudius (Harmondsworth: Penguin).<person-group>
                  <string-name>
                     <surname>Graves</surname>
                  </string-name>
               </person-group>
               <source>Claudius</source>
               <year>1962</year>
            </mixed-citation>
         </ref>
         <ref id="d13031e2041a1310">
            <mixed-citation id="d13031e2045" publication-type="book">
Hesiod
1976 Hesiod and Theognis, translated by Dorothea Wender (Harmondsworth:
Penguin).<person-group>
                  <string-name>
                     <surname>Hesiod</surname>
                  </string-name>
               </person-group>
               <source>Hesiod and Theognis</source>
               <year>1976</year>
            </mixed-citation>
         </ref>
         <ref id="d13031e2075a1310">
            <mixed-citation id="d13031e2079" publication-type="book">
Hexter, J. H.
1971 Doing History (London: Allen and Unwin).<person-group>
                  <string-name>
                     <surname>Hexter</surname>
                  </string-name>
               </person-group>
               <source>Doing History</source>
               <year>1971</year>
            </mixed-citation>
         </ref>
         <ref id="d13031e2104a1310">
            <mixed-citation id="d13031e2108" publication-type="book">
Homer
1969 The Odyssey, translated by E. V. Rieu (Harmondsworth: Penguin).<person-group>
                  <string-name>
                     <surname>Homer</surname>
                  </string-name>
               </person-group>
               <source>The Odyssey</source>
               <year>1969</year>
            </mixed-citation>
         </ref>
         <ref id="d13031e2133a1310">
            <mixed-citation id="d13031e2137" publication-type="book">
Jakobson, Roman
1960 "Linguistics and Poetics," in Style in Language, edited by Thomas A. Sebeok,
350-77 (Cambridge, MA: MIT Press).<person-group>
                  <string-name>
                     <surname>Jakobson</surname>
                  </string-name>
               </person-group>
               <comment content-type="section">Linguistics and Poetics</comment>
               <fpage>350</fpage>
               <source>Style in Language</source>
               <year>1960</year>
            </mixed-citation>
         </ref>
         <ref id="d13031e2172a1310">
            <mixed-citation id="d13031e2176" publication-type="journal">
Keast, W. R.
1956 "The Elements of Art in Gibbon's History," ELH 23: 156-62.<person-group>
                  <string-name>
                     <surname>Keast</surname>
                  </string-name>
               </person-group>
               <fpage>156</fpage>
               <volume>23</volume>
               <source>ELH</source>
               <year>1956</year>
            </mixed-citation>
         </ref>
         <ref id="d13031e2208a1310">
            <mixed-citation id="d13031e2212" publication-type="book">
Kermode, Frank
1967 The Sense of an Ending: Studies in the Theory of Fiction (Oxford: Oxford
University Press).<person-group>
                  <string-name>
                     <surname>Kermode</surname>
                  </string-name>
               </person-group>
               <source>The Sense of an Ending: Studies in the Theory of Fiction</source>
               <year>1967</year>
            </mixed-citation>
            <mixed-citation id="d13031e2240" publication-type="book">
1977 "An Approach through History," in Towards a Poetics of Fiction, edited by
Mark Spilka, 23-30 (Bloomington and London: Indiana University Press).<person-group>
                  <string-name>
                     <surname>Kermode</surname>
                  </string-name>
               </person-group>
               <comment content-type="section">An Approach through History</comment>
               <fpage>23</fpage>
               <source>Towards a Poetics of Fiction</source>
               <year>1977</year>
            </mixed-citation>
         </ref>
         <ref id="d13031e2272a1310">
            <mixed-citation id="d13031e2276" publication-type="book">
Labov, William
1972 "The Transformation of Experience in Narrative Syntax," in Language in
the Inner City, 354-96 (Philadelphia: University of Pennsylvania Press).<person-group>
                  <string-name>
                     <surname>Labov</surname>
                  </string-name>
               </person-group>
               <comment content-type="section">The Transformation of Experience in Narrative Syntax</comment>
               <fpage>354</fpage>
               <source>Language in the Inner City</source>
               <year>1972</year>
            </mixed-citation>
         </ref>
         <ref id="d13031e2312a1310">
            <mixed-citation id="d13031e2316" publication-type="book">
Lessing, Gotthold Ephraim
1963 [1766] Laocoon: An Essay upon the Limits of Painting and Poetry, translated by
Ellen Frothingham (New York: Noonday Press).<person-group>
                  <string-name>
                     <surname>Lessing</surname>
                  </string-name>
               </person-group>
               <source>Laocoon: An Essay upon the Limits of Painting and Poetry</source>
               <year>1963</year>
            </mixed-citation>
         </ref>
         <ref id="d13031e2345a1310">
            <mixed-citation id="d13031e2349" publication-type="journal">
Mink, Louis O.
1970 "History and Fiction as Modes of Comprehension," New Literary History I:
54 1-58.<object-id pub-id-type="doi">10.2307/468271</object-id>
               <fpage>541</fpage>
            </mixed-citation>
         </ref>
         <ref id="d13031e2368a1310">
            <mixed-citation id="d13031e2372" publication-type="book">
Mitchell, W. J. T.
1986 Iconology: Image, Text, Ideology (Chicago: University of Chicago Press).<person-group>
                  <string-name>
                     <surname>Mitchell</surname>
                  </string-name>
               </person-group>
               <source>Iconology: Image, Text, Ideology</source>
               <year>1986</year>
            </mixed-citation>
         </ref>
         <ref id="d13031e2397a1310">
            <mixed-citation id="d13031e2401" publication-type="book">
Momigliano, Arnaldo
1977 Essays in Ancient and Modern Historiography (Oxford: Blackwell).<person-group>
                  <string-name>
                     <surname>Momigliano</surname>
                  </string-name>
               </person-group>
               <source>Essays in Ancient and Modern Historiography</source>
               <year>1977</year>
            </mixed-citation>
         </ref>
         <ref id="d13031e2426a1310">
            <mixed-citation id="d13031e2430" publication-type="book">
Ong, Walter J.
1982 Orality and Literacy (London and New York: Methuen).<person-group>
                  <string-name>
                     <surname>Ong</surname>
                  </string-name>
               </person-group>
               <source>Orality and Literacy</source>
               <year>1982</year>
            </mixed-citation>
         </ref>
         <ref id="d13031e2455a1310">
            <mixed-citation id="d13031e2459" publication-type="journal">
Plaks, Andrew
1977 "Issues in Chinese Narrative Theory in the Perspective of the Western
Tradition," PTL 2(2): 339-66.<person-group>
                  <string-name>
                     <surname>Plaks</surname>
                  </string-name>
               </person-group>
               <issue>2</issue>
               <fpage>339</fpage>
               <volume>2</volume>
               <source>PTL</source>
               <year>1977</year>
            </mixed-citation>
         </ref>
         <ref id="d13031e2498a1310">
            <mixed-citation id="d13031e2502" publication-type="book">
Prince, Gerald
1973 A Grammar of Stories (The Hague: Mouton).<person-group>
                  <string-name>
                     <surname>Prince</surname>
                  </string-name>
               </person-group>
               <source>A Grammar of Stories</source>
               <year>1973</year>
            </mixed-citation>
            <mixed-citation id="d13031e2526" publication-type="book">
1982 Narratology: The Form and Functioning of Narrative (Berlin: Mouton).<person-group>
                  <string-name>
                     <surname>Prince</surname>
                  </string-name>
               </person-group>
               <source>Narratology: The Form and Functioning of Narrative</source>
               <year>1982</year>
            </mixed-citation>
         </ref>
         <ref id="d13031e2548a1310">
            <mixed-citation id="d13031e2552" publication-type="book">
Propp, Vladimir
1968 [1928] Morphology of the Folktale, translated by Laurence Scott (Austin: Uni-
versity of Texas Press).<person-group>
                  <string-name>
                     <surname>Propp</surname>
                  </string-name>
               </person-group>
               <source>Morphology of the Folktale</source>
               <year>1968</year>
            </mixed-citation>
         </ref>
         <ref id="d13031e2581a1310">
            <mixed-citation id="d13031e2585" publication-type="journal">
Reinhart, Tanya
1985 "Principles of Gestalt Perception in the Temporal Organization of Narra-
tive Texts," Linguistics 22: 779-809.<person-group>
                  <string-name>
                     <surname>Reinhart</surname>
                  </string-name>
               </person-group>
               <fpage>779</fpage>
               <volume>22</volume>
               <source>Linguistics</source>
               <year>1985</year>
            </mixed-citation>
         </ref>
         <ref id="d13031e2620a1310">
            <mixed-citation id="d13031e2624" publication-type="book">
Ricardou, Jean
1967 Problemes du nouveau roman (Paris: Seuil).<person-group>
                  <string-name>
                     <surname>Ricardou</surname>
                  </string-name>
               </person-group>
               <source>Problemes du nouveau roman</source>
               <year>1967</year>
            </mixed-citation>
         </ref>
         <ref id="d13031e2649a1310">
            <mixed-citation id="d13031e2653" publication-type="book">
Ricoeur, Paul
1984 Time and Narrative (Chicago: University of Chicago Press).<person-group>
                  <string-name>
                     <surname>Ricoeur</surname>
                  </string-name>
               </person-group>
               <source>Time and Narrative</source>
               <year>1984</year>
            </mixed-citation>
         </ref>
         <ref id="d13031e2678a1310">
            <mixed-citation id="d13031e2682" publication-type="book">
Rimmon-Kenan, Shlomith
1983 Narrative Fiction: Contemporary Poetics (London and New York: Methuen).<person-group>
                  <string-name>
                     <surname>Rimmon-Kenan</surname>
                  </string-name>
               </person-group>
               <source>Narrative Fiction: Contemporary Poetics</source>
               <year>1983</year>
            </mixed-citation>
         </ref>
         <ref id="d13031e2708a1310">
            <mixed-citation id="d13031e2712" publication-type="book">
Rousseau, Jean-Jacques
1965 [1781] The Confessions, translated by J. M. Cohen (Harmondsworth: Pen-
guin).<person-group>
                  <string-name>
                     <surname>Rousseau</surname>
                  </string-name>
               </person-group>
               <source>The Confessions</source>
               <year>1965</year>
            </mixed-citation>
         </ref>
         <ref id="d13031e2741a1310">
            <mixed-citation id="d13031e2745" publication-type="book">
Scholes, Robert
1974 Structuralism in Literature (New Haven and London: Yale University Press).<person-group>
                  <string-name>
                     <surname>Scholes</surname>
                  </string-name>
               </person-group>
               <source>Structuralism in Literature</source>
               <year>1974</year>
            </mixed-citation>
         </ref>
         <ref id="d13031e2770a1310">
            <mixed-citation id="d13031e2774" publication-type="book">
Scholes, Robert, and Robert Kellogg
1966 The Nature of Narrative (New York: Oxford University Press).<person-group>
                  <string-name>
                     <surname>Scholes</surname>
                  </string-name>
               </person-group>
               <source>The Nature of Narrative</source>
               <year>1966</year>
            </mixed-citation>
         </ref>
         <ref id="d13031e2799a1310">
            <mixed-citation id="d13031e2805" publication-type="book">
Shklovsky, Victor
1965 "Art as Technique" and "Sterne's Tristram Shandy: Stylistic Commentary," in
Russian Formalist Criticism: Four Essays, edited by Lee T. Lemon and Marion J.
Reis, 3-57 (Lincoln: University of Nebraska Press).<person-group>
                  <string-name>
                     <surname>Shklovsky</surname>
                  </string-name>
               </person-group>
               <comment content-type="section">Art as Technique</comment>
               <fpage>3</fpage>
               <source>Russian Formalist Criticism: Four Essays</source>
               <year>1965</year>
            </mixed-citation>
            <mixed-citation id="d13031e2842" publication-type="book">
1966 [1925] Theorie der Prosa, translated by Gisela Drohla (Frankfurt: S. Fischer).<person-group>
                  <string-name>
                     <surname>Shklovsky</surname>
                  </string-name>
               </person-group>
               <source>Theorie der Prosa</source>
               <year>1966</year>
            </mixed-citation>
         </ref>
         <ref id="d13031e2864a1310">
            <mixed-citation id="d13031e2868" publication-type="book">
Smith, Barbara Herrnstein
1968 Poetic Closure (Chicago: University of Chicago Press).<person-group>
                  <string-name>
                     <surname>Smith</surname>
                  </string-name>
               </person-group>
               <source>Poetic Closure</source>
               <year>1968</year>
            </mixed-citation>
            <mixed-citation id="d13031e2892" publication-type="journal">
1980 "Narrative Versions, Narrative Theories," Critical Inquiry 7(1): 213-36.<object-id pub-id-type="jstor">10.2307/1343185</object-id>
               <fpage>213</fpage>
            </mixed-citation>
         </ref>
         <ref id="d13031e2905a1310">
            <mixed-citation id="d13031e2909" publication-type="book">
Smitten, Jeffrey R., and Ann Daghistany, eds.
1981 Spatial Form in Narrative (Ithaca and London: Cornell University Press).<person-group>
                  <string-name>
                     <surname>Smitten</surname>
                  </string-name>
               </person-group>
               <source>Spatial Form in Narrative</source>
               <year>1981</year>
            </mixed-citation>
         </ref>
         <ref id="d13031e2935a1310">
            <mixed-citation id="d13031e2939" publication-type="journal">
Sternberg, Meir
1970 "Faulkner's Light in August and the Poetics of the Modern Novel," Hasifrut
2(3): 498-537.<person-group>
                  <string-name>
                     <surname>Sternberg</surname>
                  </string-name>
               </person-group>
               <issue>3</issue>
               <fpage>498</fpage>
               <volume>2</volume>
               <source>Hasifrut</source>
               <year>1970</year>
            </mixed-citation>
            <mixed-citation id="d13031e2976" publication-type="book">
1978 Expositional Modes and Temporal Ordering in Fiction (Baltimore and London:
Johns Hopkins University Press).<person-group>
                  <string-name>
                     <surname>Sternberg</surname>
                  </string-name>
               </person-group>
               <source>Expositional Modes and Temporal Ordering in Fiction</source>
               <year>1978</year>
            </mixed-citation>
            <mixed-citation id="d13031e3000" publication-type="journal">
1981 "Ordering the Unordered: Time, Space, and Descriptive Coherence," Yale
French Studies 61: 60-88.<object-id pub-id-type="doi">10.2307/2929877</object-id>
               <fpage>60</fpage>
            </mixed-citation>
            <mixed-citation id="d13031e3015" publication-type="journal">
1982a "Proteus in Quotation-Land: Mimesis and the Forms of Reported Dis-
course," Poetics Today 3(2): 107-56.<object-id pub-id-type="doi">10.2307/1772069</object-id>
               <fpage>107</fpage>
            </mixed-citation>
            <mixed-citation id="d13031e3031" publication-type="journal">
1982b "Point of View and the Indirections of Direct Speech," Language and Style
15: 67-117.<person-group>
                  <string-name>
                     <surname>Sternberg</surname>
                  </string-name>
               </person-group>
               <fpage>67</fpage>
               <volume>15</volume>
               <source>Language and Style</source>
               <year>1982</year>
            </mixed-citation>
            <mixed-citation id="d13031e3062" publication-type="book">
1983 "Deictic Sequence: World, Language and Convention," in Essays on Deixis,
edited by Gisa Rauh, 277-316 (Tiibingen: Gunter Narr).<person-group>
                  <string-name>
                     <surname>Sternberg</surname>
                  </string-name>
               </person-group>
               <comment content-type="section">Deictic Sequence: World, Language and Convention</comment>
               <fpage>277</fpage>
               <source>Essays on Deixis</source>
               <year>1983</year>
            </mixed-citation>
            <mixed-citation id="d13031e3093" publication-type="journal">
1984 "Spatiotemporal Art and the Other Henry James: The Case of The Tragic
Muse," Poetics Today 5(4): 775-830.<object-id pub-id-type="doi">10.2307/1772263</object-id>
               <fpage>775</fpage>
            </mixed-citation>
            <mixed-citation id="d13031e3108" publication-type="book">
1985 The Poetics of Biblical Narrative: Ideological Literature and the Drama of Reading
(Bloomington: Indiana University Press).<person-group>
                  <string-name>
                     <surname>Sternberg</surname>
                  </string-name>
               </person-group>
               <source>The Poetics of Biblical Narrative: Ideological Literature and the Drama of Reading</source>
               <year>1985</year>
            </mixed-citation>
            <mixed-citation id="d13031e3132" publication-type="journal">
1986 "The World from the Addressee's Viewpoint: Reception as Representation,
Dialogue as Monologue," Style 20: 295-318.<person-group>
                  <string-name>
                     <surname>Sternberg</surname>
                  </string-name>
               </person-group>
               <fpage>295</fpage>
               <volume>20</volume>
               <source>Style</source>
               <year>1986</year>
            </mixed-citation>
            <mixed-citation id="d13031e3163" publication-type="book">
1990 "Time and Reader," in The Uses of Adversity: Failure and Accommodation
in Reader Response, edited by Ellen Spolsky, 49-89 (Lewisburg, PA: Bucknell
University Press).<person-group>
                  <string-name>
                     <surname>Sternberg</surname>
                  </string-name>
               </person-group>
               <comment content-type="section">Time and Reader</comment>
               <fpage>49</fpage>
               <source>The Uses of Adversity: Failure and Accommodation in Reader Response</source>
               <year>1990</year>
            </mixed-citation>
         </ref>
         <ref id="d13031e3198a1310">
            <mixed-citation id="d13031e3202" publication-type="book">
Sterne, Laurence
1940 [1759-67] Tristram Shandy, edited by James Aiken Work (New York: Odys-
sey Press).<person-group>
                  <string-name>
                     <surname>Sterne</surname>
                  </string-name>
               </person-group>
               <source>Tristram Shandy</source>
               <year>1940</year>
            </mixed-citation>
         </ref>
         <ref id="d13031e3231a1310">
            <mixed-citation id="d13031e3235" publication-type="journal">
Todorov, Tzvetan
1966 "Les Categories du recit litteraire," Communications 8: 125-51.<person-group>
                  <string-name>
                     <surname>Todorov</surname>
                  </string-name>
               </person-group>
               <fpage>125</fpage>
               <volume>8</volume>
               <source>Communications</source>
               <year>1966</year>
            </mixed-citation>
            <mixed-citation id="d13031e3266" publication-type="book">
1977 The Poetics of Prose, translated by Richard Howard (Ithaca: Cornell Univer-
sity Press).<person-group>
                  <string-name>
                     <surname>Todorov</surname>
                  </string-name>
               </person-group>
               <source>The Poetics of Prose</source>
               <year>1977</year>
            </mixed-citation>
         </ref>
         <ref id="d13031e3291a1310">
            <mixed-citation id="d13031e3295" publication-type="book">
Tomashevsky, Boris
1965 [1925] "Thematics," in Russian Formalist Criticism: Four Essays, edited by
Lee T. Lemon and Marion J. Reis, 61-95 (Lincoln: University of Nebraska
Press).<person-group>
                  <string-name>
                     <surname>Tomashevsky</surname>
                  </string-name>
               </person-group>
               <comment content-type="section">Thematics</comment>
               <fpage>61</fpage>
               <source>Russian Formalist Criticism: Four Essays</source>
               <year>1965</year>
            </mixed-citation>
         </ref>
         <ref id="d13031e3333a1310">
            <mixed-citation id="d13031e3337" publication-type="book">
Watt, Ian
1981 Conrad in the Nineteenth Century (Berkeley and Los Angeles: University of
California Press).<person-group>
                  <string-name>
                     <surname>Watt</surname>
                  </string-name>
               </person-group>
               <source>Conrad in the Nineteenth Century</source>
               <year>1981</year>
            </mixed-citation>
         </ref>
         <ref id="d13031e3366a1310">
            <mixed-citation id="d13031e3370" publication-type="book">
White, Hayden
1978 Tropics of Discourse (Baltimore and London: Johns Hopkins University
Press).<person-group>
                  <string-name>
                     <surname>White</surname>
                  </string-name>
               </person-group>
               <source>Tropics of Discourse</source>
               <year>1978</year>
            </mixed-citation>
            <mixed-citation id="d13031e3398" publication-type="journal">
1980 "The Value of Narrativity in the Representation of Reality," Critical Inquiry
7(1): 5-27.<object-id pub-id-type="jstor">10.2307/1343174</object-id>
               <fpage>5</fpage>
            </mixed-citation>
         </ref>
      </ref-list>
   </back>
</article>
