<article xmlns:xsi="http://www.w3.org/2001/XMLSchema-instance"
         xmlns:xlink="http://www.w3.org/1999/xlink"
         xmlns:mml="http://www.w3.org/1998/Math/MathML"
         dtd-version="1.0"
         article-type="research-article">
   <front>
      <journal-meta>
         <journal-id journal-id-type="jstor">poeticstoday</journal-id>
         <journal-id journal-id-type="jstor">j100659</journal-id>
         <journal-title-group>
            <journal-title>Poetics Today</journal-title>
         </journal-title-group>
         <publisher>
            <publisher-name>Porter Institute for Poetics and Semiotics</publisher-name>
         </publisher>
         <issn pub-type="ppub">03335372</issn>
         <issn pub-type="epub">15275507</issn>
      </journal-meta>
      <article-meta>
         <article-id pub-id-type="doi">10.2307/1773000</article-id>
         <article-categories>
            <subj-group>
               <subject>Poetics of Poetry</subject>
            </subj-group>
         </article-categories>
         <title-group>
            <article-title>Postmodernist Lyric and the Ontology of Poetry</article-title>
         </title-group>
         <contrib-group>
            <contrib contrib-type="author">
               <string-name>
                  <given-names>Brian</given-names>
                  <surname>McHale</surname>
               </string-name>
            </contrib>
         </contrib-group>
         <pub-date>
            <day>1</day>
            <month>1</month>
            <year>1987</year>
         </pub-date>
         <volume>8</volume>
         <issue>1</issue>
         <issue-id>i303074</issue-id>
         <fpage>19</fpage>
         <lpage>44</lpage>
         <page-range>19-44</page-range>
         <permissions>
            <copyright-statement>Copyright The Porter Institute for Poetics and Semiotics Tel Aviv University</copyright-statement>
         </permissions>
         <self-uri xlink:href="http://www.jstor.org/stable/1773000"/>
         <custom-meta-group>
            <custom-meta>
               <meta-name>lang</meta-name>
               <meta-value>eng</meta-value>
            </custom-meta>
         </custom-meta-group>
      </article-meta>
   </front>
   <back>
      <fn-group>
         <title>[Footnotes]</title>
         <fn id="d14858e123a1310">
            <label>1</label>
            <p>
               <mixed-citation id="d14858e130" publication-type="book">
Fowler 1975  </mixed-citation>
            </p>
            <p>
               <mixed-citation id="d14858e138" publication-type="journal">
Keyser
1976  </mixed-citation>
            </p>
            <p>
               <mixed-citation id="d14858e149" publication-type="journal">
Freeman 1978  </mixed-citation>
            </p>
            <p>
               <mixed-citation id="d14858e158" publication-type="journal">
Austin 1979  </mixed-citation>
            </p>
            <p>
               <mixed-citation id="d14858e166" publication-type="journal">
Siegel 1980  </mixed-citation>
            </p>
            <p>
               <mixed-citation id="d14858e174" publication-type="journal">
McHale 1982  </mixed-citation>
            </p>
         </fn>
         <fn id="d14858e183a1310">
            <label>3</label>
            <p>
               <mixed-citation id="d14858e190" publication-type="book">
Falk 1981:193  <fpage>193</fpage>
               </mixed-citation>
            </p>
         </fn>
         <fn id="d14858e202a1310">
            <label>7</label>
            <p>
               <mixed-citation id="d14858e209" publication-type="other">
Michel Butor's Mobile</mixed-citation>
            </p>
            <p>
               <mixed-citation id="d14858e215" publication-type="book">
Walter Abish's Alphabetical Africa<person-group>
                     <string-name>
                        <surname>Abish</surname>
                     </string-name>
                  </person-group>
                  <source>Alphabetical Africa</source>
               </mixed-citation>
            </p>
            <p>
               <mixed-citation id="d14858e233" publication-type="book">
J.G. Ballard's The Atrocity Exhibition<person-group>
                     <string-name>
                        <surname>Ballard</surname>
                     </string-name>
                  </person-group>
                  <source>The Atrocity Exhibition</source>
               </mixed-citation>
            </p>
            <p>
               <mixed-citation id="d14858e252" publication-type="book">
Harry
Mathews's The Sinking of the Odradek Stadium<person-group>
                     <string-name>
                        <surname>Mathews</surname>
                     </string-name>
                  </person-group>
                  <source>The Sinking of the Odradek Stadium</source>
               </mixed-citation>
            </p>
            <p>
               <mixed-citation id="d14858e273" publication-type="other">
Gilbert Sorrentino's
Splendide-Hôtel and John Barth's LETTERS</mixed-citation>
            </p>
         </fn>
         <fn id="d14858e283a1310">
            <label>8</label>
            <p>
               <mixed-citation id="d14858e290" publication-type="book">
Foucault 1963:74  <fpage>74</fpage>
               </mixed-citation>
            </p>
         </fn>
         <fn id="d14858e303a1310">
            <label>10</label>
            <p>
               <mixed-citation id="d14858e310" publication-type="other">
Borges (e.g., "Tlōn,
Uqbar, Orbis Tertius," "The Approach to Al Mu'tasim," "Pierre Menard, Author of Don
Quixote," "An Examination of the Work of Herbert Quain")</mixed-citation>
            </p>
            <p>
               <mixed-citation id="d14858e322" publication-type="book">
Flann O'Brien's At
Swim-Two-Birds and The Third Policeman<person-group>
                     <string-name>
                        <surname>O'Brien</surname>
                     </string-name>
                  </person-group>
                  <source>At Swim-Two-Birds and The Third Policeman</source>
               </mixed-citation>
            </p>
            <p>
               <mixed-citation id="d14858e343" publication-type="book">
Nabokov's Pale Färe and Look at the
Harlequins<person-group>
                     <string-name>
                        <surname>Nabokov</surname>
                     </string-name>
                  </person-group>
                  <source>Pale Färe and Look at the Harlequins</source>
               </mixed-citation>
            </p>
            <p>
               <mixed-citation id="d14858e365" publication-type="book">
Gilbert Sorrentino's Mulligan Stew<person-group>
                     <string-name>
                        <surname>Sorrentino</surname>
                     </string-name>
                  </person-group>
                  <source>Mulligan Stew</source>
               </mixed-citation>
            </p>
            <p>
               <mixed-citation id="d14858e383" publication-type="book">
Stanislaw Lem's A Perfect Vacuum<person-group>
                     <string-name>
                        <surname>Lem</surname>
                     </string-name>
                  </person-group>
                  <source>A Perfect Vacuum</source>
               </mixed-citation>
            </p>
            <p>
               <mixed-citation id="d14858e401" publication-type="book">
Samuel Delany's Stars in My Pocket Like Grains of
Sand (1984)<person-group>
                     <string-name>
                        <surname>Delany</surname>
                     </string-name>
                  </person-group>
                  <source>Stars in My Pocket Like Grains of Sand</source>
                  <year>1984</year>
               </mixed-citation>
            </p>
         </fn>
      </fn-group>
      <ref-list>
         <title>References</title>
         <ref id="d14858e435a1310">
            <mixed-citation id="d14858e439" publication-type="book">
Ashbery, John, 1962. The Tennis Court Oath (Middleton, Conn.: Wesleyan UP).<person-group>
                  <string-name>
                     <surname>Ashbery</surname>
                  </string-name>
               </person-group>
               <source>The Tennis Court Oath</source>
               <year>1962</year>
            </mixed-citation>
            <mixed-citation id="d14858e460" publication-type="book">
1975 Self-Portrait in a Convex Mirror (New York: Viking).<person-group>
                  <string-name>
                     <surname>Ashbery</surname>
                  </string-name>
               </person-group>
               <source>Self-Portrait in a Convex Mirror</source>
               <year>1975</year>
            </mixed-citation>
            <mixed-citation id="d14858e481" publication-type="book">
1977 [1966] Rivers and Mountains (New York: The Ecco Press).<person-group>
                  <string-name>
                     <surname>Ashbery</surname>
                  </string-name>
               </person-group>
               <source>Rivers and Mountains</source>
               <year>1977</year>
            </mixed-citation>
         </ref>
         <ref id="d14858e503a1310">
            <mixed-citation id="d14858e507" publication-type="journal">
Austin, Timothy L., 1979. "Constraints on Syntactic Rules and the Style of Shelley's
'Adonais': An Exercise in Stylistic Criticism," PTL 4:2, 315-343.<person-group>
                  <string-name>
                     <surname>Austin</surname>
                  </string-name>
               </person-group>
               <issue>2</issue>
               <fpage>315</fpage>
               <volume>4</volume>
               <source>Constraints on Syntactic Rules and the Style of Shelley's 'Adonais': An Exercise in Stylistic Criticism</source>
               <year>1979</year>
            </mixed-citation>
         </ref>
         <ref id="d14858e542a1310">
            <mixed-citation id="d14858e546" publication-type="book">
Berger, Charles, 1980. "Vision in the Form of a Task: The Double Dream of Spring," in
Lehman 1980a.<person-group>
                  <string-name>
                     <surname>Berger</surname>
                  </string-name>
               </person-group>
               <source>The Double Dream of Spring</source>
               <year>1980</year>
            </mixed-citation>
         </ref>
         <ref id="d14858e571a1310">
            <mixed-citation id="d14858e575" publication-type="book">
Berger, Peter L. and Thomas Luckmann, 1966. The Social Construction of Reality: A
Treatise in the Sociology of Knowledge (Garden City, New York: Doubleday).<person-group>
                  <string-name>
                     <surname>Berger</surname>
                  </string-name>
               </person-group>
               <source>The Social Construction of Reality: A Treatise in the Sociology of Knowledge</source>
               <year>1966</year>
            </mixed-citation>
         </ref>
         <ref id="d14858e601a1310">
            <mixed-citation id="d14858e605" publication-type="book">
Burroughs, William S., 1968. The Ticket That Exploded (New York: Grove Press).<person-group>
                  <string-name>
                     <surname>Burroughs</surname>
                  </string-name>
               </person-group>
               <source>The Ticket That Exploded</source>
               <year>1968</year>
            </mixed-citation>
         </ref>
         <ref id="d14858e627a1310">
            <mixed-citation id="d14858e631" publication-type="book">
Butler, Christopher, 1980. After the Wake: An Essay on the Contemporary Avant-Garde
(Oxford: Oxford UP).<person-group>
                  <string-name>
                     <surname>Butler</surname>
                  </string-name>
               </person-group>
               <source>After the Wake: An Essay on the Contemporary Avant-Garde</source>
               <year>1980</year>
            </mixed-citation>
         </ref>
         <ref id="d14858e656a1310">
            <mixed-citation id="d14858e660" publication-type="journal">
Carroll, Paul, 1968. "An Impure Poem About July 17, 1959," The Poem in Its Skin
(Chicago and New York: Follett).<person-group>
                  <string-name>
                     <surname>Carroll</surname>
                  </string-name>
               </person-group>
               <issue>July 17</issue>
               <source>The Poem in Its Skin</source>
               <year>1968</year>
            </mixed-citation>
         </ref>
         <ref id="d14858e689a1310">
            <mixed-citation id="d14858e693" publication-type="book">
D;llenbach, Lucien, 1977. Le Ricit spiculaire: Essai sur la mise en abyme (Paris: Seuil).<person-group>
                  <string-name>
                     <surname>D;llenbach</surname>
                  </string-name>
               </person-group>
               <source>Le Ricit spiculaire: Essai sur la mise en abyme</source>
               <year>1977</year>
            </mixed-citation>
         </ref>
         <ref id="d14858e715a1310">
            <mixed-citation id="d14858e719" publication-type="book">
Derrida, Jacques, 1967. De la grammatologie (Paris: Minuit).<person-group>
                  <string-name>
                     <surname>Derrida</surname>
                  </string-name>
               </person-group>
               <source>De la grammatologie</source>
               <year>1967</year>
            </mixed-citation>
         </ref>
         <ref id="d14858e741a1310">
            <mixed-citation id="d14858e745" publication-type="book">
Docherty, Thomas, 1983. Reading (Absent) Character: Towards a Theory of Characteri-
zation in Fiction (Oxford: Oxford UP).<person-group>
                  <string-name>
                     <surname>Docherty</surname>
                  </string-name>
               </person-group>
               <source>Reading (Absent) Character: Towards a Theory of Characterization in Fiction</source>
               <year>1983</year>
            </mixed-citation>
         </ref>
         <ref id="d14858e771a1310">
            <mixed-citation id="d14858e775" publication-type="book">
Eco, Umberto, 1979. "Lector in Fabula: Pragmatic Strategy in a Metanarrative Text," The
Role of the Reader: Explorations in the Semiotics of Texts (Bloomington and
London: Indiana UP).<person-group>
                  <string-name>
                     <surname>Eco</surname>
                  </string-name>
               </person-group>
               <comment content-type="section">Lector in Fabula: Pragmatic Strategy in a Metanarrative Text</comment>
               <source>The Role of the Reader: Explorations in the Semiotics of Texts</source>
               <year>1979</year>
            </mixed-citation>
         </ref>
         <ref id="d14858e807a1310">
            <mixed-citation id="d14858e811" publication-type="book">
Epstein, E.L., 1975. Language and Style (London: Methuen).<person-group>
                  <string-name>
                     <surname>Epstein</surname>
                  </string-name>
               </person-group>
               <source>Language and Style</source>
               <year>1975</year>
            </mixed-citation>
         </ref>
         <ref id="d14858e833a1310">
            <mixed-citation id="d14858e837" publication-type="book">
Falk, Eugene H., 1981. The Poetics of Roman Ingarden (Chapel Hill: University of North
Carolina Press).<person-group>
                  <string-name>
                     <surname>Falk</surname>
                  </string-name>
               </person-group>
               <source>The Poetics of Roman Ingarden</source>
               <year>1981</year>
            </mixed-citation>
         </ref>
         <ref id="d14858e862a1310">
            <mixed-citation id="d14858e866" publication-type="book">
Fish, Stanley, 1972. Self-Consuming Artifacts: The Experience of Seventeenth-Century
Literature (Berkeley and Los Angeles: University of California Press).<person-group>
                  <string-name>
                     <surname>Fish</surname>
                  </string-name>
               </person-group>
               <source>Self-Consuming Artifacts: The Experience of Seventeenth-Century Literature</source>
               <year>1972</year>
            </mixed-citation>
         </ref>
         <ref id="d14858e891a1310">
            <mixed-citation id="d14858e895" publication-type="book">
Forrest-Thomson, Veronica, 1978. Poetic Artifice: A Theory of Twentieth-Century Poetry
(Manchester: Manchester UP).<person-group>
                  <string-name>
                     <surname>Forrest-Thomson</surname>
                  </string-name>
               </person-group>
               <source>Poetic Artifice: A Theory of Twentieth-Century Poetry</source>
               <year>1978</year>
            </mixed-citation>
         </ref>
         <ref id="d14858e920a1310">
            <mixed-citation id="d14858e924" publication-type="book">
Foucault, Michel, 1963. Raymond Roussel (Paris: Gallimard).<person-group>
                  <string-name>
                     <surname>Foucault</surname>
                  </string-name>
               </person-group>
               <source>Raymond Roussel</source>
               <year>1963</year>
            </mixed-citation>
         </ref>
         <ref id="d14858e947a1310">
            <mixed-citation id="d14858e951" publication-type="book">
Fowler, Roger, ed., 1975. Style and Structure in Literature: Essays in the New Stylistics
(Oxford: Basil Blackwell).<person-group>
                  <string-name>
                     <surname>Fowler</surname>
                  </string-name>
               </person-group>
               <source>Style and Structure in Literature: Essays in the New Stylistics</source>
               <year>1975</year>
            </mixed-citation>
         </ref>
         <ref id="d14858e976a1310">
            <mixed-citation id="d14858e980" publication-type="journal">
Freeman, Donald C., 1978. "Keats's 'To Autumn': Poetry as Process and Pattern," Lan-
guage and Style 11, 4-17.<person-group>
                  <string-name>
                     <surname>Freeman</surname>
                  </string-name>
               </person-group>
               <fpage>4</fpage>
               <volume>11</volume>
               <source>Language and Style</source>
               <year>1978</year>
            </mixed-citation>
         </ref>
         <ref id="d14858e1012a1310">
            <mixed-citation id="d14858e1016" publication-type="book">
Higgins, Dick, 1978. Dialectic of Centuries: Notes towards a Theory of the New Arts (New
York and Barton, Vt.: Printed Editions).<person-group>
                  <string-name>
                     <surname>Higgins</surname>
                  </string-name>
               </person-group>
               <source>Dialectic of Centuries: Notes towards a Theory of the New Arts</source>
               <year>1978</year>
            </mixed-citation>
         </ref>
         <ref id="d14858e1041a1310">
            <mixed-citation id="d14858e1045" publication-type="book">
Hofstadter, Douglas R., 1980 [1979]. Gödel, Escher, Bach: An Eternal Golden Braid
(Harmondsworth: Penguin).<person-group>
                  <string-name>
                     <surname>Hofstadter</surname>
                  </string-name>
               </person-group>
               <source>Gödel, Escher, Bach: An Eternal Golden Braid</source>
               <year>1980</year>
            </mixed-citation>
         </ref>
         <ref id="d14858e1070a1310">
            <mixed-citation id="d14858e1074" publication-type="journal">
Hrushovski, Benjamin, 1984. "Poetic Metaphor and Frames of Reference," Poetics Today
5:1, 5-43.<object-id pub-id-type="doi">10.2307/1772424</object-id>
               <fpage>5</fpage>
            </mixed-citation>
         </ref>
         <ref id="d14858e1090a1310">
            <mixed-citation id="d14858e1094" publication-type="book">
Hutcheon, Linda, 1984. Narcissistic Narrative: The Metafictional Paradox (New York and
London: Methuen).<person-group>
                  <string-name>
                     <surname>Hutcheon</surname>
                  </string-name>
               </person-group>
               <source>Narcissistic Narrative: The Metafictional Paradox</source>
               <year>1984</year>
            </mixed-citation>
         </ref>
         <ref id="d14858e1120a1310">
            <mixed-citation id="d14858e1124" publication-type="book">
Ingarden, Roman, 1973 [1931]. The Literary Work of Art (Evanston: Northwestern UP).<person-group>
                  <string-name>
                     <surname>Ingarden</surname>
                  </string-name>
               </person-group>
               <source>The Literary Work of Art</source>
               <year>1973</year>
            </mixed-citation>
         </ref>
         <ref id="d14858e1146a1310">
            <mixed-citation id="d14858e1150" publication-type="journal">
Keyser, Samuel Jay, 1976. "Wallace Stevens: Form and Meaning in Four Poems," Col-
lege English 37:6, 578-598.<object-id pub-id-type="doi">10.2307/376151</object-id>
               <fpage>578</fpage>
            </mixed-citation>
         </ref>
         <ref id="d14858e1166a1310">
            <mixed-citation id="d14858e1170" publication-type="book">
Koch, Kenneth, 1969. The Pleasures of Peace and Other Poems (New York: Grove Press).
1975 The Art of Love (New York: Random House).<person-group>
                  <string-name>
                     <surname>Koch</surname>
                  </string-name>
               </person-group>
               <source>The Pleasures of Peace and Other Poems</source>
               <year>1969</year>
            </mixed-citation>
         </ref>
         <ref id="d14858e1195a1310">
            <mixed-citation id="d14858e1199" publication-type="book">
Krieger, Murray, 1956. The New Apologists for Poetry (Minneapolis: University of Min-
nesota Press).<person-group>
                  <string-name>
                     <surname>Krieger</surname>
                  </string-name>
               </person-group>
               <source>The New Apologists for Poetry</source>
               <year>1956</year>
            </mixed-citation>
         </ref>
         <ref id="d14858e1224a1310">
            <mixed-citation id="d14858e1228" publication-type="other">
Ingarden 1973:254</mixed-citation>
         </ref>
         <ref id="d14858e1235a1310">
            <mixed-citation id="d14858e1239" publication-type="book">
Lehman, David, ed., 1980a. Beyond Amazement: New Essays on John Ashbery (Ithaca
and London: Cornell UP).<person-group>
                  <string-name>
                     <surname>Lehman</surname>
                  </string-name>
               </person-group>
               <source>Beyond Amazement: New Essays on John Ashbery</source>
               <year>1980</year>
            </mixed-citation>
            <mixed-citation id="d14858e1263" publication-type="book">
1980b "The Shield of a Greeting," in Lehman 1980a.<person-group>
                  <string-name>
                     <surname>Lehman</surname>
                  </string-name>
               </person-group>
               <source>The Shield of a Greeting</source>
               <year>1980</year>
            </mixed-citation>
         </ref>
         <ref id="d14858e1286a1310">
            <mixed-citation id="d14858e1290" publication-type="book">
MacLow, Jackson, 1971. Stanzas for Iris Lezak (Barton, Millerton, Berlin: Something
Else Press).<person-group>
                  <string-name>
                     <surname>MacLow</surname>
                  </string-name>
               </person-group>
               <source>Stanzas for Iris Lezak</source>
               <year>1971</year>
            </mixed-citation>
         </ref>
         <ref id="d14858e1315a1310">
            <mixed-citation id="d14858e1319" publication-type="journal">
Margolin, Uri, 1986. "Dispersing/Voiding the Subject: A Narratological Perspective,"
Texte 5.<person-group>
                  <string-name>
                     <surname>Margolin</surname>
                  </string-name>
               </person-group>
               <volume>5</volume>
               <source>Texte 5</source>
               <year>1986</year>
            </mixed-citation>
         </ref>
         <ref id="d14858e1348a1310">
            <mixed-citation id="d14858e1352" publication-type="journal">
McHale, Brian, 1982. "Against Interpretation: Iconic Grammar, Anxiety of Influence,
and Poetic Artifice," Poetics Today 3:1, 141-158.<object-id pub-id-type="doi">10.2307/1772210</object-id>
               <fpage>141</fpage>
            </mixed-citation>
         </ref>
         <ref id="d14858e1368a1310">
            <mixed-citation id="d14858e1372" publication-type="journal">
Newman, Charles, 1984. "The Post-Modern Aura: The Act of Fiction in an Age of Infla-
tion," Salmagundi 63-64, 3-199.<person-group>
                  <string-name>
                     <surname>Newman</surname>
                  </string-name>
               </person-group>
               <fpage>3</fpage>
               <volume>63</volume>
               <source>Salmagundi</source>
               <year>1984</year>
            </mixed-citation>
         </ref>
         <ref id="d14858e1404a1310">
            <mixed-citation id="d14858e1408" publication-type="journal">
Pavel, Thomas, 1982. "Fiction and the Ontological Landscape," Studies in Twentieth
Century Literature 6:1-2, 149-163.<person-group>
                  <string-name>
                     <surname>Pavel</surname>
                  </string-name>
               </person-group>
               <fpage>149</fpage>
               <volume>6</volume>
               <source>Studies in Twentieth</source>
               <year>1982</year>
            </mixed-citation>
         </ref>
         <ref id="d14858e1440a1310">
            <mixed-citation id="d14858e1444" publication-type="book">
Perloff, Marjorie, 1981. The Poetics of Indeterminacy: Rimbaud to Cage (Princeton, N.J.:
Princeton UP).<person-group>
                  <string-name>
                     <surname>Perloff</surname>
                  </string-name>
               </person-group>
               <source>The Poetics of Indeterminacy: Rimbaud to Cage</source>
               <year>1981</year>
            </mixed-citation>
         </ref>
         <ref id="d14858e1470a1310">
            <mixed-citation id="d14858e1474" publication-type="book">
Pynchon, Thomas, 1974 [1973]. Gravity's Rainbow (New York: Bantam).<person-group>
                  <string-name>
                     <surname>Pynchon</surname>
                  </string-name>
               </person-group>
               <source>Gravity's Rainbow</source>
               <year>1974</year>
            </mixed-citation>
         </ref>
         <ref id="d14858e1496a1310">
            <mixed-citation id="d14858e1500" publication-type="book">
Ransom, John Crowe, 1938. "Poetry: A Note in Ontology," The World's Body (New
York: Scribner's).<person-group>
                  <string-name>
                     <surname>Ransom</surname>
                  </string-name>
               </person-group>
               <source>The World's Body</source>
               <year>1938</year>
            </mixed-citation>
            <mixed-citation id="d14858e1524" publication-type="book">
1941 "Wanted: an Ontological Critic," The New Criticism (Norfolk, Conn.: New Di-
rections).<person-group>
                  <string-name>
                     <surname>Ransom</surname>
                  </string-name>
               </person-group>
               <comment content-type="section">Wanted: an Ontological Critic</comment>
               <source>The New Criticism</source>
               <year>1941</year>
            </mixed-citation>
            <mixed-citation id="d14858e1552" publication-type="journal">
1954 "The Concrete Universal: Observations on the Understanding of Poetry,"
Kenyon Review 6:4, 554-564.<person-group>
                  <string-name>
                     <surname>Ransom</surname>
                  </string-name>
               </person-group>
               <issue>4</issue>
               <fpage>554</fpage>
               <volume>6</volume>
               <source>Kenyon Review</source>
               <year>1954</year>
            </mixed-citation>
         </ref>
         <ref id="d14858e1587a1310">
            <mixed-citation id="d14858e1591" publication-type="journal">
Siegel, Muffy E.A., 1980. "'The Original Crime': John Berryman's Iconic Grammar,"
Poetics Today 2:1a, 163-188.<object-id pub-id-type="doi">10.2307/1772359</object-id>
               <fpage>163</fpage>
            </mixed-citation>
         </ref>
         <ref id="d14858e1607a1310">
            <mixed-citation id="d14858e1611" publication-type="book">
Starobinski, Jean, 1971. Les mots sous les mots: Les anagrammes de Ferdinand de Saus-
sure (Paris: Gallimard).<person-group>
                  <string-name>
                     <surname>Starobinski</surname>
                  </string-name>
               </person-group>
               <source>Les mots sous les mots: Les anagrammes de Ferdinand de Saussure</source>
               <year>1971</year>
            </mixed-citation>
         </ref>
         <ref id="d14858e1636a1310">
            <mixed-citation id="d14858e1640" publication-type="book">
Wimsatt, W.K., Jr., 1954. The Verbal Icon: Studies in the Meaning of Poetry (Lexington,
Ky.: University of Kentucky Press).<person-group>
                  <string-name>
                     <surname>Wimsatt</surname>
                  </string-name>
               </person-group>
               <source>The Verbal Icon: Studies in the Meaning of Poetry</source>
               <year>1954</year>
            </mixed-citation>
         </ref>
         <ref id="d14858e1665a1310">
            <mixed-citation id="d14858e1669" publication-type="journal">
Zweig, Ellen, 1982. "Jackson MacLow: The Limits of Formalism," Poetics Today 3:3, 79-
86.<object-id pub-id-type="doi">10.2307/1772391</object-id>
               <fpage>79</fpage>
            </mixed-citation>
         </ref>
      </ref-list>
   </back>
</article>
