<article xmlns:xsi="http://www.w3.org/2001/XMLSchema-instance"
         xmlns:xlink="http://www.w3.org/1999/xlink"
         xmlns:mml="http://www.w3.org/1998/Math/MathML"
         dtd-version="1.0"
         article-type="research-article">
   <front>
      <journal-meta>
         <journal-id journal-id-type="jstor">poeticstoday</journal-id>
         <journal-id journal-id-type="jstor">j100659</journal-id>
         <journal-title-group>
            <journal-title>Poetics Today</journal-title>
         </journal-title-group>
         <publisher>
            <publisher-name>Porter Institute for Poetics and Semiotics</publisher-name>
         </publisher>
         <issn pub-type="ppub">03335372</issn>
         <issn pub-type="epub">15275507</issn>
      </journal-meta>
      <article-meta>
         <article-id pub-id-type="doi">10.2307/1773039</article-id>
         <article-categories>
            <subj-group>
               <subject>Theater and Performance</subject>
            </subj-group>
         </article-categories>
         <title-group>
            <article-title>"Time Is Out of Joint": Narrative Models and the Temporality of the Drama</article-title>
         </title-group>
         <contrib-group>
            <contrib contrib-type="author">
               <string-name>
                  <given-names>Brian</given-names>
                  <surname>Richardson</surname>
               </string-name>
            </contrib>
         </contrib-group>
         <pub-date>
            <day>1</day>
            <month>1</month>
            <year>1987</year>
         </pub-date>
         <volume>8</volume>
         <issue>2</issue>
         <issue-id>i303075</issue-id>
         <fpage>299</fpage>
         <lpage>309</lpage>
         <page-range>299-309</page-range>
         <permissions>
            <copyright-statement>Copyright The Porter Institute for Poetics and Semiotics Tel Aviv University</copyright-statement>
         </permissions>
         <self-uri xlink:href="http://www.jstor.org/stable/1773039"/>
         <custom-meta-group>
            <custom-meta>
               <meta-name>lang</meta-name>
               <meta-value>eng</meta-value>
            </custom-meta>
         </custom-meta-group>
      </article-meta>
   </front>
   <back>
      <fn-group>
         <title>[Footnotes]</title>
         <fn id="d32896e123a1310">
            <label>1</label>
            <p>
               <mixed-citation id="d32896e130" publication-type="book">
Aristotle's Poetics to address the drama include Veltrusky
(1977)<person-group>
                     <string-name>
                        <surname>Aristotle</surname>
                     </string-name>
                  </person-group>
                  <source>Poetics</source>
                  <year>1977</year>
               </mixed-citation>
            </p>
            <p>
               <mixed-citation id="d32896e154" publication-type="book">
Elam (1980)  </mixed-citation>
            </p>
            <p>
               <mixed-citation id="d32896e162" publication-type="book">
Pavel (1985)  </mixed-citation>
            </p>
         </fn>
         <fn id="d32896e171a1310">
            <label>2</label>
            <p>
               <mixed-citation id="d32896e178" publication-type="book">
Genette (1980:26-27)  <fpage>26</fpage>
               </mixed-citation>
            </p>
            <p>
               <mixed-citation id="d32896e189" publication-type="book">
Chatman (1978:19-20)  <fpage>19</fpage>
               </mixed-citation>
            </p>
            <p>
               <mixed-citation id="d32896e200" publication-type="book">
Rimmon-Kenan (1983:3-5)  <fpage>3</fpage>
               </mixed-citation>
            </p>
         </fn>
         <fn id="d32896e212a1310">
            <label>4</label>
            <p>
               <mixed-citation id="d32896e219" publication-type="other">
Jonathan Culler (1980)</mixed-citation>
            </p>
            <p>
               <mixed-citation id="d32896e225" publication-type="book">
Oedipus Rex<source>Oedipus Rex</source>
               </mixed-citation>
            </p>
            <p>
               <mixed-citation id="d32896e234" publication-type="book">
Sternberg (1978:8-14)  <fpage>8</fpage>
               </mixed-citation>
            </p>
            <p>
               <mixed-citation id="d32896e246" publication-type="other">
Shklovsky (1972)</mixed-citation>
            </p>
         </fn>
         <fn id="d32896e253a1310">
            <label>5</label>
            <p>
               <mixed-citation id="d32896e260" publication-type="book">
Witkiewicz' The WaterHen<person-group>
                     <string-name>
                        <surname>Witkiewicz</surname>
                     </string-name>
                  </person-group>
                  <source>The WaterHen</source>
               </mixed-citation>
            </p>
            <p>
               <mixed-citation id="d32896e278" publication-type="book">
Ionesco'slmprovisation: Or, The
Shepherd's Chameleon<person-group>
                     <string-name>
                        <surname>Ionesco</surname>
                     </string-name>
                  </person-group>
                  <source>slmprovisation: Or, The Shepherd's Chameleon</source>
               </mixed-citation>
            </p>
            <p>
               <mixed-citation id="d32896e299" publication-type="book">
Pinter's Landscape and The Lover<person-group>
                     <string-name>
                        <surname>Pinter</surname>
                     </string-name>
                  </person-group>
                  <source>Landscape and The Lover</source>
               </mixed-citation>
            </p>
         </fn>
         <fn id="d32896e319a1310">
            <label>7</label>
            <p>
               <mixed-citation id="d32896e326" publication-type="other">
Richard Schechner (1976)</mixed-citation>
            </p>
         </fn>
         <fn id="d32896e333a1310">
            <label>8</label>
            <p>
               <mixed-citation id="d32896e340" publication-type="book">
Genette (1980:35)  <fpage>35</fpage>
               </mixed-citation>
            </p>
            <p>
               <mixed-citation id="d32896e351" publication-type="book">
Chatman (1978: 73)  <fpage>73</fpage>
               </mixed-citation>
            </p>
            <p>
               <mixed-citation id="d32896e362" publication-type="book">
Robbe-Grillet's La Jalousie<person-group>
                     <string-name>
                        <surname>Robbe-Grillet</surname>
                     </string-name>
                  </person-group>
                  <source>La Jalousie</source>
               </mixed-citation>
            </p>
            <p>
               <mixed-citation id="d32896e381" publication-type="book">
Brooke-Rose (1981:311-338)  <fpage>311</fpage>
               </mixed-citation>
            </p>
         </fn>
         <fn id="d32896e393a1310">
            <label>9</label>
            <p>
               <mixed-citation id="d32896e400" publication-type="book">
Calderwood (1971:120-148)  <fpage>120</fpage>
               </mixed-citation>
            </p>
            <p>
               <mixed-citation id="d32896e411" publication-type="journal">
Henze (1974)  </mixed-citation>
            </p>
            <p>
               <mixed-citation id="d32896e419" publication-type="book">
Nosworthy (1978:9- 10)  <fpage>9</fpage>
               </mixed-citation>
            </p>
         </fn>
         <fn id="d32896e431a1310">
            <label>10</label>
            <p>
               <mixed-citation id="d32896e438" publication-type="book">
A Vision of Delight<source>A Vision of Delight</source>
               </mixed-citation>
            </p>
            <p>
               <mixed-citation id="d32896e447" publication-type="other">
The Second Shepherds'Play</mixed-citation>
            </p>
            <p>
               <mixed-citation id="d32896e453" publication-type="journal">
Vaughan (1980)  </mixed-citation>
            </p>
         </fn>
         <fn id="d32896e462a1310">
            <label>11</label>
            <p>
               <mixed-citation id="d32896e469" publication-type="other">
1981: 315-316</mixed-citation>
            </p>
            <p>
               <mixed-citation id="d32896e475" publication-type="other">
1984:106</mixed-citation>
            </p>
         </fn>
         <fn id="d32896e482a1310">
            <label>12</label>
            <p>
               <mixed-citation id="d32896e489" publication-type="other">
Barbara Herrstein Smith (1981:220-221)</mixed-citation>
            </p>
         </fn>
         <fn id="d32896e497a1310">
            <label>14</label>
            <p>
               <mixed-citation id="d32896e504" publication-type="other">
1981:232</mixed-citation>
            </p>
         </fn>
      </fn-group>
      <ref-list>
         <title>References</title>
         <ref id="d32896e520a1310">
            <mixed-citation id="d32896e524" publication-type="book">
Bakhtin, M., 1981. The Dialogical Imagination (Austin: University of Texas Press).<person-group>
                  <string-name>
                     <surname>Bakhtin</surname>
                  </string-name>
               </person-group>
               <source>The Dialogical Imagination</source>
               <year>1981</year>
            </mixed-citation>
         </ref>
         <ref id="d32896e546a1310">
            <mixed-citation id="d32896e550" publication-type="book">
Beckett, S., 1954 (1952). Waiting for Godot (New York: Grove).<person-group>
                  <string-name>
                     <surname>Beckett</surname>
                  </string-name>
               </person-group>
               <source>Waiting for Godot</source>
               <year>1954</year>
            </mixed-citation>
         </ref>
         <ref id="d32896e572a1310">
            <mixed-citation id="d32896e576" publication-type="book">
Borges, J.L., 1964. Labyrinths: Selected Stories and Other Writings (New York: New
Directions).<person-group>
                  <string-name>
                     <surname>Borges</surname>
                  </string-name>
               </person-group>
               <source>Labyrinths: Selected Stories and Other Writings</source>
               <year>1964</year>
            </mixed-citation>
         </ref>
         <ref id="d32896e601a1310">
            <mixed-citation id="d32896e605" publication-type="book">
Brooke-Rose, C., 1981. A Rhetoric of the Unreal: Studies in Narrative and Structure,
Especially of the Fantastic (Cambridge: Cambridge UP).<person-group>
                  <string-name>
                     <surname>Brooke-Rose</surname>
                  </string-name>
               </person-group>
               <source>A Rhetoric of the Unreal: Studies in Narrative and Structure, Especially of the Fantastic</source>
               <year>1981</year>
            </mixed-citation>
         </ref>
         <ref id="d32896e631a1310">
            <mixed-citation id="d32896e635" publication-type="book">
Brooks, P., 1984. Reading for the Plot: Design and Intention in Narrative (New York:
Alfred A. Knopf).<person-group>
                  <string-name>
                     <surname>Brooks</surname>
                  </string-name>
               </person-group>
               <source>Reading for the Plot: Design and Intention in Narrative</source>
               <year>1984</year>
            </mixed-citation>
         </ref>
         <ref id="d32896e660a1310">
            <mixed-citation id="d32896e664" publication-type="book">
Calderwood, J., 1971. Shakespearean Metadrama (Minneapolis: University of Minnesota
Press).<person-group>
                  <string-name>
                     <surname>Calderwood</surname>
                  </string-name>
               </person-group>
               <source>Shakespearean Metadrama</source>
               <year>1971</year>
            </mixed-citation>
         </ref>
         <ref id="d32896e689a1310">
            <mixed-citation id="d32896e693" publication-type="book">
Chatman, S., 1978. Story and Discourse: Narrative Structure in Fiction and Film (Ithaca,
N.Y.: Cornell UP).<person-group>
                  <string-name>
                     <surname>Chatman</surname>
                  </string-name>
               </person-group>
               <source>Story and Discourse: Narrative Structure in Fiction and Film</source>
               <year>1978</year>
            </mixed-citation>
         </ref>
         <ref id="d32896e718a1310">
            <mixed-citation id="d32896e722" publication-type="journal">
Culler, J., 1980. "Fabula and Sjuzhet in the Analysis of Narrative: Some American
Discussions," Poetics Today 1:3, 27-37.<object-id pub-id-type="doi">10.2307/1772408</object-id>
               <fpage>27</fpage>
            </mixed-citation>
         </ref>
         <ref id="d32896e738a1310">
            <mixed-citation id="d32896e742" publication-type="journal">
Dent, R.W., 1964. "Imagination in A Midsummer Night's Dream," Shakespeare Quarterly
15, 115-129.<object-id pub-id-type="doi">10.2307/2867882</object-id>
               <fpage>115</fpage>
            </mixed-citation>
         </ref>
         <ref id="d32896e758a1310">
            <mixed-citation id="d32896e762" publication-type="book">
Elam, K., 1980. The Semiotics of Theatre and Drama (London and New York: Methuen).<person-group>
                  <string-name>
                     <surname>Elam</surname>
                  </string-name>
               </person-group>
               <source>The Semiotics of Theatre and Drama</source>
               <year>1980</year>
            </mixed-citation>
            <mixed-citation id="d32896e783" publication-type="book">
1984 Shakespeare's Universe of Discourse: Language Games in the Comedies (Cam-
bridge: Cambridge UP).<person-group>
                  <string-name>
                     <surname>Elam</surname>
                  </string-name>
               </person-group>
               <source>Shakespeare's Universe of Discourse: Language Games in the Comedies</source>
               <year>1984</year>
            </mixed-citation>
         </ref>
         <ref id="d32896e809a1310">
            <mixed-citation id="d32896e813" publication-type="book">
Genette, G., 1980 (1972). Narrative Discourse: An Essay in Method (Ithaca, N.Y.: Cornell
UP).<person-group>
                  <string-name>
                     <surname>Genette</surname>
                  </string-name>
               </person-group>
               <source>Narrative Discourse: An Essay in Method</source>
               <year>1980</year>
            </mixed-citation>
         </ref>
         <ref id="d32896e838a1310">
            <mixed-citation id="d32896e842" publication-type="journal">
Henze, R., 1974. "A Midsummer Night's Dream: Analogous Image," Shakespeare Studies 7,
115-123.<person-group>
                  <string-name>
                     <surname>Henze</surname>
                  </string-name>
               </person-group>
               <fpage>115</fpage>
               <volume>7</volume>
               <source>Shakespeare Studies</source>
               <year>1974</year>
            </mixed-citation>
         </ref>
         <ref id="d32896e874a1310">
            <mixed-citation id="d32896e878" publication-type="book">
Ionesco, E., 1958 (1954). Four Plays, trans. Donald M. Allen (New York: Grove).<person-group>
                  <string-name>
                     <surname>Ionesco</surname>
                  </string-name>
               </person-group>
               <source>Four Plays</source>
               <year>1958</year>
            </mixed-citation>
         </ref>
         <ref id="d32896e900a1310">
            <mixed-citation id="d32896e904" publication-type="book">
Labov, W. and J. Waletzky, 1967. "Narrative Analysis: Oral Versions of Personal
Experience," Essays on the Verbal and Visual Arts: Proceedings of the Annual Spring
Meeting of the American Ethnological Society (Seattle: University of Washington
Press), 12-44.<person-group>
                  <string-name>
                     <surname>Labov</surname>
                  </string-name>
               </person-group>
               <comment content-type="section">Narrative Analysis: Oral Versions of Personal Experience</comment>
               <source>Essays on the Verbal and Visual Arts: Proceedings of the Annual Spring Meeting of the American Ethnological Society</source>
               <year>1967</year>
            </mixed-citation>
         </ref>
         <ref id="d32896e939a1310">
            <mixed-citation id="d32896e943" publication-type="book">
Mendilow, A.A., 1952. Time and the Novel (London and New York: P. Nevill).<person-group>
                  <string-name>
                     <surname>Mendilow</surname>
                  </string-name>
               </person-group>
               <source>Time and the Novel</source>
               <year>1952</year>
            </mixed-citation>
         </ref>
         <ref id="d32896e965a1310">
            <mixed-citation id="d32896e969" publication-type="book">
Nosworthy, J.M., 1978. Shakespeare Puts the Clock Back (Cardiff: University of Wales
Press).<person-group>
                  <string-name>
                     <surname>Nosworthy</surname>
                  </string-name>
               </person-group>
               <source>Shakespeare Puts the Clock Back</source>
               <year>1978</year>
            </mixed-citation>
         </ref>
         <ref id="d32896e995a1310">
            <mixed-citation id="d32896e999" publication-type="book">
Pavel, T., 1985. The Poetics of Plot: The Case of English Renaissance Drama (Minneapolis:
University of Minnesota Press).<person-group>
                  <string-name>
                     <surname>Pavel</surname>
                  </string-name>
               </person-group>
               <source>The Poetics of Plot: The Case of English Renaissance Drama</source>
               <year>1985</year>
            </mixed-citation>
         </ref>
         <ref id="d32896e1024a1310">
            <mixed-citation id="d32896e1028" publication-type="journal">
Propp, V., 1976 (1966). "Study of the Folktale: Structure and History," Dispositio 1:3,
277-292.<person-group>
                  <string-name>
                     <surname>Propp</surname>
                  </string-name>
               </person-group>
               <issue>3</issue>
               <fpage>277</fpage>
               <volume>1</volume>
               <source>Dispositio</source>
               <year>1976</year>
            </mixed-citation>
         </ref>
         <ref id="d32896e1063a1310">
            <mixed-citation id="d32896e1067" publication-type="journal">
Ricardou, J., 1978 (1967). "Time of the Narration, Time of the Fiction," James Joyce
Quarterly 16, 7-15.<person-group>
                  <string-name>
                     <surname>Ricardou</surname>
                  </string-name>
               </person-group>
               <fpage>7</fpage>
               <volume>16</volume>
               <source>James Joyce Quarterly</source>
               <year>1978</year>
            </mixed-citation>
         </ref>
         <ref id="d32896e1099a1310">
            <mixed-citation id="d32896e1103" publication-type="book">
Rimmon-Kenan, S., 1983. Narrative Fiction: Contemporary Poetics (London and New
York: Methuen).<person-group>
                  <string-name>
                     <surname>Rimmon-Kenan</surname>
                  </string-name>
               </person-group>
               <source>Narrative Fiction: Contemporary Poetics</source>
               <year>1983</year>
            </mixed-citation>
         </ref>
         <ref id="d32896e1128a1310">
            <mixed-citation id="d32896e1132" publication-type="book">
Robbe-Grillet, A., 1965 (1963). For a New Novel (New York: Grove).<person-group>
                  <string-name>
                     <surname>Robbe-Grillet</surname>
                  </string-name>
               </person-group>
               <source>For a New Novel</source>
               <year>1963</year>
            </mixed-citation>
         </ref>
         <ref id="d32896e1154a1310">
            <mixed-citation id="d32896e1158" publication-type="book">
Schechner, R., 1976. "There's Lots of Time in Godot," in: C.S. Patrides, ed., Aspects of
Time (Manchester and Toronto: University of Toronto Press) 217-224.<person-group>
                  <string-name>
                     <surname>Schechner</surname>
                  </string-name>
               </person-group>
               <comment content-type="section">There's Lots of Time in Godot</comment>
               <fpage>217</fpage>
               <source>Aspects of Time</source>
               <year>1976</year>
            </mixed-citation>
         </ref>
         <ref id="d32896e1191a1310">
            <mixed-citation id="d32896e1195" publication-type="book">
Shklovsky, V., 1965 (1925). "Sterne's Tristram Shandy: Stylistic Commentary," in: L.T.
Lemon and MJ. Reis, eds., Russian Formalist Criticism (Lincoln: University of
Nebraska Press) 25-5 7.<person-group>
                  <string-name>
                     <surname>Shklovsky</surname>
                  </string-name>
               </person-group>
               <comment content-type="section">Sterne's Tristram Shandy: Stylistic Commentary</comment>
               <fpage>25</fpage>
               <source>Russian Formalist Criticism</source>
               <year>1965</year>
            </mixed-citation>
            <mixed-citation id="d32896e1229" publication-type="book">
1972 (1919) "The Connection Between Devices of Sjuzhet Construction and General
Stylistic Devices," Twentieth Century Studies (U.K.) 7-8, 48-72.<person-group>
                  <string-name>
                     <surname>Shklovsky</surname>
                  </string-name>
               </person-group>
               <comment content-type="section">The Connection Between Devices of Sjuzhet Construction and General Stylistic Devices</comment>
               <fpage>7</fpage>
               <source>Twentieth Century Studies</source>
               <year>1972</year>
            </mixed-citation>
         </ref>
         <ref id="d32896e1261a1310">
            <mixed-citation id="d32896e1265" publication-type="book">
Smith, B.H., 1981. "Narrative Versions, Narrative Theories," in: WJ.T. Mitchell, ed., On
Narrative (Chicago: University of Chicago Press), 209-232.<person-group>
                  <string-name>
                     <surname>Smith</surname>
                  </string-name>
               </person-group>
               <comment content-type="section">Narrative Versions, Narrative Theories</comment>
               <fpage>209</fpage>
               <source>Narrative</source>
               <year>1981</year>
            </mixed-citation>
         </ref>
         <ref id="d32896e1297a1310">
            <mixed-citation id="d32896e1301" publication-type="book">
Sternberg, M., 1978. Expositional Modes and Temporal Ordering in Fiction (Baltimore:
Johns Hopkins UP).<person-group>
                  <string-name>
                     <surname>Sternberg</surname>
                  </string-name>
               </person-group>
               <source>Expositional Modes and Temporal Ordering in Fiction</source>
               <year>1978</year>
            </mixed-citation>
            <mixed-citation id="d32896e1325" publication-type="journal">
1981 "Ordering the Unordered: Time, Space and Descriptive Coherence," Yale French
Studies 61, 60-88.<person-group>
                  <string-name>
                     <surname>Sternberg</surname>
                  </string-name>
               </person-group>
               <fpage>60</fpage>
               <volume>61</volume>
               <source>Yale French Studies</source>
               <year>1981</year>
            </mixed-citation>
         </ref>
         <ref id="d32896e1357a1310">
            <mixed-citation id="d32896e1361" publication-type="journal">
van Dijk, T., 1975. "Action, Action Description, and Narrative," New Literary History 6:2,
273-294.<object-id pub-id-type="doi">10.2307/468420</object-id>
               <fpage>273</fpage>
            </mixed-citation>
         </ref>
         <ref id="d32896e1377a1310">
            <mixed-citation id="d32896e1381" publication-type="journal">
Vaughan, M., 1980. "The Three Advents in the Secunda Pastorum," Speculum 55,
484-504.<person-group>
                  <string-name>
                     <surname>Vaughan</surname>
                  </string-name>
               </person-group>
               <fpage>484</fpage>
               <volume>55</volume>
               <source>Speculum</source>
               <year>1980</year>
            </mixed-citation>
         </ref>
         <ref id="d32896e1413a1310">
            <mixed-citation id="d32896e1417" publication-type="book">
Veltrusky, J., 1977 (1942). Drama as Literature (Lisse: Peter de Ridder Press).<person-group>
                  <string-name>
                     <surname>Veltrusky</surname>
                  </string-name>
               </person-group>
               <source>Drama as Literature</source>
               <year>1977</year>
            </mixed-citation>
         </ref>
      </ref-list>
   </back>
</article>
