<article xmlns:xsi="http://www.w3.org/2001/XMLSchema-instance"
         xmlns:xlink="http://www.w3.org/1999/xlink"
         xmlns:mml="http://www.w3.org/1998/Math/MathML"
         dtd-version="1.0"
         article-type="research-article">
   <front>
      <journal-meta>
         <journal-id journal-id-type="jstor">poeticstoday</journal-id>
         <journal-id journal-id-type="jstor">j100659</journal-id>
         <journal-title-group>
            <journal-title>Poetics Today</journal-title>
         </journal-title-group>
         <publisher>
            <publisher-name>Duke University Press</publisher-name>
         </publisher>
         <issn pub-type="ppub">03335372</issn>
         <issn pub-type="epub">15275507</issn>
      </journal-meta>
      <article-meta>
         <article-id pub-id-type="doi">10.2307/1773105</article-id>
         <article-categories>
            <subj-group>
               <subject>Gender, Race, Popular Culture, and Utopia in the Caribbean</subject>
            </subj-group>
         </article-categories>
         <title-group>
            <article-title> "Así Son": Salsa Music, Female Narratives, and Gender (De)Construction in Puerto Rico </article-title>
         </title-group>
         <contrib-group>
            <contrib contrib-type="author">
               <string-name>
                  <given-names>Frances R.</given-names>
                  <surname>Aparicio</surname>
               </string-name>
            </contrib>
         </contrib-group>
         <pub-date>
            <day>1</day>
            <month>12</month>
            <year>1994</year>
         </pub-date>
         <volume>15</volume>
         <issue>4</issue>
         <issue-id>i303103</issue-id>
         <fpage>659</fpage>
         <lpage>684</lpage>
         <page-range>659-684</page-range>
         <permissions>
            <copyright-statement>Copyright 1994 The Porter Institute for Poetics and Semiotics, Tel Aviv University</copyright-statement>
         </permissions>
         <self-uri xlink:href="http://www.jstor.org/stable/1773105"/>
         <abstract>
            <p> Latin American cultural studies have not dealt systematically with the impact of popular music-particularly salsa-on gender roles in the Hispanic Caribbean. This essay analyzes the ways in which women are negatively represented and constructed in popular song lyrics, both in the overall tradition of Caribbean music (the bolero, the merengue, and salsa) and in two specific musical texts by Willie Colón and by El Gran Combo de Puerto Rico. Beyond denouncing female stereotypes in music in the process of reading women's representation in Latin popular music (listening woman), this essay also proposes a critical praxis, listening as a woman, which constitutes an actively deconstructive stance toward patriarchal salsa songs. This problematizing position is exemplified by Ana Lydia Vega and Carmen Lugo Filippi in their short story "Cuatro selecciones por una peseta." Most Latinas engage in listening as women in their individual and social interactions with music. The results of ethnographic interviews with twenty Latinas in the United States suggest that Hispanic women are not passive listeners, but are constantly engaged in reading patriarchal song lyrics and even in rewriting them, affirming their autonomy in heterosexual relationships. While women have not yet achieved truly liberatory texts against misogyny in popular music, Latinas do contest and deconstruct these gender inscriptions through acts of listening and of writing. </p>
         </abstract>
         <custom-meta-group>
            <custom-meta>
               <meta-name>lang</meta-name>
               <meta-value>eng</meta-value>
            </custom-meta>
         </custom-meta-group>
      </article-meta>
   </front>
   <back>
      <ref-list>
         <title>Discography of Salsa Songs</title>
         <ref id="d5485e159a1310">
            <mixed-citation id="d5485e163" publication-type="other">
"Asi son." El Gran Combo de Puerto Rico, Aqui no se sienta nadie. Combo Records
RCSLP 2013 (1979).</mixed-citation>
         </ref>
         <ref id="d5485e173a1310">
            <mixed-citation id="d5485e177" publication-type="other">
"Bandolera." Hector Lavoe, Comedia. Fania Records JM 00522 (1978).</mixed-citation>
         </ref>
         <ref id="d5485e184a1310">
            <mixed-citation id="d5485e188" publication-type="other">
"Brujeria." El Gran Combo de Puerto Rico, Aqui no se sienta nadie. Combo Records
RCSLP 2013 (1979).</mixed-citation>
         </ref>
         <ref id="d5485e198a1310">
            <mixed-citation id="d5485e202" publication-type="other">
"Castigalo." Sonia López y su Combo, Sonia López y su combo. PDC 8701 (n.d.).</mixed-citation>
         </ref>
         <ref id="d5485e210a1310">
            <mixed-citation id="d5485e214" publication-type="other">
"Cuando fuiste mujer." Willie Colón, Legal Alien/Top Secrets. wac Productions
JM655 (1989).</mixed-citation>
         </ref>
         <ref id="d5485e224a1310">
            <mixed-citation id="d5485e228" publication-type="other">
"Las divorciadas." Celia Cruz and Johnny Pacheco, De nuevo. Muisica Latina Inter-
nacional, Vaya Records 4xT JMVs-106-(1985).</mixed-citation>
         </ref>
         <ref id="d5485e238a1310">
            <mixed-citation id="d5485e242" publication-type="other">
"El." Ruben Blades, Caminando. Sony Records International DCc80593 (1991).</mixed-citation>
         </ref>
         <ref id="d5485e249a1310">
            <mixed-citation id="d5485e253" publication-type="other">
"El gran varón." Willie Colón, Legal Alien/Top Secrets. wac Productions JM655
(1989).</mixed-citation>
         </ref>
         <ref id="d5485e263a1310">
            <mixed-citation id="d5485e267" publication-type="other">
"Ella se esconde." Ruben Blades, Caminando. Sony Records International DCC80593
(1991).</mixed-citation>
         </ref>
         <ref id="d5485e277a1310">
            <mixed-citation id="d5485e281" publication-type="other">
"Ese hombre." Milly y los Vecinos, 14 Grandes Exitos Originales. Capitol Records
H4F 42486 (1991).</mixed-citation>
         </ref>
         <ref id="d5485e292a1310">
            <mixed-citation id="d5485e296" publication-type="other">
"Ladrona de amor." Pedro Conga y su Orquestra Internacional, No te quites la ropa.
Discos Musart (Mexico) CMPI8008 (n.d.).</mixed-citation>
         </ref>
         <ref id="d5485e306a1310">
            <mixed-citation id="d5485e310" publication-type="other">
"Ligia Elena." Ruben Blades, Ruben Blades' Greatest Hits. Muisica Latina Interna-
cional SP51 (1983).</mixed-citation>
         </ref>
         <ref id="d5485e320a1310">
            <mixed-citation id="d5485e324" publication-type="other">
"Mentira." Mayra y Celines y su grupo Flor de Cafia, Mayra y Celines y su grupo Flor
de Cafla. Paradise Records 3053-4-RL (1991).</mixed-citation>
         </ref>
         <ref id="d5485e334a1310">
            <mixed-citation id="d5485e338" publication-type="other">
"Quince afios." El Gran Combo de Puerto Rico, Romantico y sabroso. Combo Records
RCSLP 2054 (1979).</mixed-citation>
         </ref>
         <ref id="d5485e348a1310">
            <mixed-citation id="d5485e352" publication-type="other">
"Tanto amor." Mayra y Celines y su grupo Flor de Cafia, Mayra y Celines y su grupo
Flor de Caila. Paradise Records 3053-4-RL (1991).</mixed-citation>
         </ref>
         <ref id="d5485e362a1310">
            <mixed-citation id="d5485e366" publication-type="other">
"Yo la mato." Daniel Santos, Daniel Santos con la Sonora Matancera. Panart Interna-
tional E-C-25084 (1974).</mixed-citation>
         </ref>
      </ref-list>
      <ref-list>
         <title>References</title>
         <ref id="d5485e385a1310">
            <mixed-citation id="d5485e389" publication-type="journal">
Adorno, Theodor
1941 "On Popular Music," Studies in Philosophy and Social Science, Vol. 9 (New
York: Institute of Social Research).<person-group>
                  <string-name>
                     <surname>Adorno</surname>
                  </string-name>
               </person-group>
               <volume>9</volume>
               <source>Studies in Philosophy and Social Science</source>
               <year>1941</year>
            </mixed-citation>
         </ref>
         <ref id="d5485e421a1310">
            <mixed-citation id="d5485e425" publication-type="book">
Bourdieu, Pierre
1984 Distinction: A Social Critique of the Judgement of Taste, translated by R. Nice
(Cambridge, MA: Harvard University Press).<person-group>
                  <string-name>
                     <surname>Bourdieu</surname>
                  </string-name>
               </person-group>
               <source>Distinction: A Social Critique of the Judgement of Taste</source>
               <year>1984</year>
            </mixed-citation>
         </ref>
         <ref id="d5485e454a1310">
            <mixed-citation id="d5485e458" publication-type="book">
Caughie, Pamela
1988 "Women Reading/Reading Women: A Review of Some Recent Books on
Gender and Reading," Papers on Language and Literature 24(3): 317-35.<person-group>
                  <string-name>
                     <surname>Caughie</surname>
                  </string-name>
               </person-group>
               <fpage>317</fpage>
               <volume>24</volume>
               <source>Papers on Language and Literature</source>
               <year>1988</year>
            </mixed-citation>
         </ref>
         <ref id="d5485e493a1310">
            <mixed-citation id="d5485e497" publication-type="book">
Cixous, Helene
1981 "The Laugh of the Medusa," in New French Feminisms, edited by Elaine
Marks and Isabel de Courtivron, 245-64 (New York: Schocken Books).<person-group>
                  <string-name>
                     <surname>Cixous</surname>
                  </string-name>
               </person-group>
               <fpage>245</fpage>
               <source>New French Feminisms</source>
               <year>1981</year>
            </mixed-citation>
         </ref>
         <ref id="d5485e530a1310">
            <mixed-citation id="d5485e534" publication-type="journal">
Fernandez Miralles, Elsa
1979 "La salsa, en contra de la mujer?" El nuevo dia (March 7).<person-group>
                  <string-name>
                     <surname>Miralles</surname>
                  </string-name>
               </person-group>
               <issue>March 7</issue>
               <source>El nuevo dia</source>
               <year>1979</year>
            </mixed-citation>
         </ref>
         <ref id="d5485e563a1310">
            <mixed-citation id="d5485e567" publication-type="journal">
Ferre, Rosario
1979 "Cuando las mujeres quieren a los hombres" and "Amalia," Papeles de Pan-
dora, 26-44, 64-80 (Mexico City: Joaquin Mortiz).<person-group>
                  <string-name>
                     <surname>Ferre</surname>
                  </string-name>
               </person-group>
               <fpage>26</fpage>
               <source>Papeles de Pandora</source>
               <year>1979</year>
            </mixed-citation>
         </ref>
         <ref id="d5485e599a1310">
            <mixed-citation id="d5485e603" publication-type="book">
Fiske, John
1989 Understanding Popular Culture (Boston: Unwin Hyman).<person-group>
                  <string-name>
                     <surname>Fiske</surname>
                  </string-name>
               </person-group>
               <source>Understanding Popular Culture</source>
               <year>1989</year>
            </mixed-citation>
         </ref>
         <ref id="d5485e628a1310">
            <mixed-citation id="d5485e632" publication-type="book">
García Ramis, Magali
1983 "Cuando canten 'Maestra vida,' " in Apalabramiento: Cuentos puertorriquefios
de hoy, edited by Efrain Barradas (Hanover, NH: Ediciones del Norte).<person-group>
                  <string-name>
                     <surname>Ramis</surname>
                  </string-name>
               </person-group>
               <comment content-type="section">Cuando canten 'Maestra vida,'</comment>
               <source>Apalabramiento: Cuentos puertorriquefios de hoy</source>
               <year>1983</year>
            </mixed-citation>
            <mixed-citation id="d5485e663" publication-type="book">
1986 Felices dias, tio Sergio (Rio Piedras, Puerto Rico: Editorial Antillana).<person-group>
                  <string-name>
                     <surname>Ramis</surname>
                  </string-name>
               </person-group>
               <source>Felices dias, tio Sergio (Rio Piedras</source>
               <year>1986</year>
            </mixed-citation>
         </ref>
         <ref id="d5485e685a1310">
            <mixed-citation id="d5485e689" publication-type="book">
Gilman, Sander
1985 Difference and Pathology: Stereotypes of Sexuality, Race and Madness (Ithaca:
Cornell University Press).<person-group>
                  <string-name>
                     <surname>Gilman</surname>
                  </string-name>
               </person-group>
               <source>Difference and Pathology: Stereotypes of Sexuality, Race and Madness</source>
               <year>1985</year>
            </mixed-citation>
         </ref>
         <ref id="d5485e718a1310">
            <mixed-citation id="d5485e722" publication-type="book">
Herrera-Sobek, Maria
1990 The Mexican Corrido: A Feminist Analysis (Bloomington: Indiana University
Press).<person-group>
                  <string-name>
                     <surname>Sobek</surname>
                  </string-name>
               </person-group>
               <source>The Mexican Corrido: A Feminist Analysis</source>
               <year>1990</year>
            </mixed-citation>
         </ref>
         <ref id="d5485e752a1310">
            <mixed-citation id="d5485e756" publication-type="journal">
Huyssen, Andreas
1986 "Mass Culture as Woman: Modernism's Other," After the Great Divide: Mod-
ernism, Mass Culture, Postmodernism, 44-62 (Bloomington: Indiana University
Press);<person-group>
                  <string-name>
                     <surname>Huyssen</surname>
                  </string-name>
               </person-group>
               <fpage>44</fpage>
               <source>After the Great Divide: Modernism, Mass Culture, Postmodernism</source>
               <year>1986</year>
            </mixed-citation>
            <mixed-citation id="d5485e790" publication-type="book">
also in Studies in Entertainment, edited by Tania Modleski, 188-207
(Bloomington: Indiana University Press).<person-group>
                  <string-name>
                     <surname>Modleski</surname>
                  </string-name>
               </person-group>
               <fpage>188</fpage>
               <source>Studies in Entertainment</source>
            </mixed-citation>
         </ref>
         <ref id="d5485e815a1310">
            <mixed-citation id="d5485e819" publication-type="book">
Jacobus, Mary
1986 Reading Women: Essays in Feminist Criticism (New York: Columbia University
Press).<person-group>
                  <string-name>
                     <surname>Jacobus</surname>
                  </string-name>
               </person-group>
               <source>Reading Women: Essays in Feminist Criticism</source>
               <year>1986</year>
            </mixed-citation>
         </ref>
         <ref id="d5485e848a1310">
            <mixed-citation id="d5485e852" publication-type="book">
Jaquette, Jane S.
1973 "Literary Archetypes and Female Role Alternatives: The Woman and the
Novel in Latin America," in Female and Male in Latin America, edited by Ann
Pescattello, 3-27 (Pittsburgh: University of Pittsburgh Press).<person-group>
                  <string-name>
                     <surname>Jaquette</surname>
                  </string-name>
               </person-group>
               <comment content-type="section">Literary Archetypes and Female Role Alternatives: The Woman and the Novel in Latin America</comment>
               <fpage>3</fpage>
               <source>Female and Male in Latin America</source>
               <year>1973</year>
            </mixed-citation>
         </ref>
         <ref id="d5485e890a1310">
            <mixed-citation id="d5485e894" publication-type="book">
Kolodny, Annette
1985 "Dancing through the Minefield: Some Observations on the Theory, Prac-
tice, and Politics of a Feminist Literary Criticism," in The New Feminist Criticism:
Essays on Women, Literature and Theory, edited by Elaine Showalter, 144-67
(New York: Pantheon Books).<person-group>
                  <string-name>
                     <surname>Kolodny</surname>
                  </string-name>
               </person-group>
               <comment content-type="section">Dancing through the Minefield: Some Observations on the Theory, Practice, and Politics of a Feminist Literary Criticism</comment>
               <fpage>144</fpage>
               <source>The New Feminist Criticism: Essays on Women, Literature and Theory</source>
               <year>1985</year>
            </mixed-citation>
         </ref>
         <ref id="d5485e935a1310">
            <mixed-citation id="d5485e939" publication-type="book">
Malavet Vega, Pedro
1987 La vellonera estd directa: Felipe Rodriguez (la Voz) y los arios 50 (Rio Piedras,
Puerto Rico: Ediciones Huracan).<person-group>
                  <string-name>
                     <surname>Vega</surname>
                  </string-name>
               </person-group>
               <source>La vellonera estd directa: Felipe Rodriguez (la Voz) y los arios 50</source>
               <year>1987</year>
            </mixed-citation>
         </ref>
         <ref id="d5485e968a1310">
            <mixed-citation id="d5485e972" publication-type="book">
Mastretta, Angeles
1985 Arrincame la vida (Mexico City: Oceano).<person-group>
                  <string-name>
                     <surname>Mastretta</surname>
                  </string-name>
               </person-group>
               <source>Arrincame la vida</source>
               <year>1985</year>
            </mixed-citation>
         </ref>
         <ref id="d5485e998a1310">
            <mixed-citation id="d5485e1002" publication-type="book">
Moi, Toril
1990 [1985] Sexual/Textual Politics: Feminist Literary Theory (London and New
York: Routledge).<person-group>
                  <string-name>
                     <surname>Moi</surname>
                  </string-name>
               </person-group>
               <source>Sexual/Textual Politics: Feminist Literary Theory</source>
               <year>1990</year>
            </mixed-citation>
         </ref>
         <ref id="d5485e1031a1310">
            <mixed-citation id="d5485e1035" publication-type="journal">
Padilla, Felix
1990 "Salsa: Puerto Rican and Latino Music," Journal of Popular Culture 24:
87-104.<person-group>
                  <string-name>
                     <surname>Padilla</surname>
                  </string-name>
               </person-group>
               <fpage>87</fpage>
               <volume>24</volume>
               <source>Journal of Popular Culture</source>
               <year>1990</year>
            </mixed-citation>
         </ref>
         <ref id="d5485e1070a1310">
            <mixed-citation id="d5485e1074" publication-type="book">
Palmer, Neyssa
1988 Las mujeres en los cuentos de Rene Marques (Rio Piedras, Puerto Rico: Editorial
de la Universidad de Puerto Rico).<person-group>
                  <string-name>
                     <surname>Palmer</surname>
                  </string-name>
               </person-group>
               <source>Las mujeres en los cuentos de Rene Marques</source>
               <year>1988</year>
            </mixed-citation>
         </ref>
         <ref id="d5485e1103a1310">
            <mixed-citation id="d5485e1107" publication-type="book">
Radway, Janice
1991 "Interpretive Communities and Variable Literacies," in Rethinking Popular
Culture: Contemporary Perspectives in Cultural Studies, edited by Chandra Mu-
jerki and Michael Schudson, 465-86 (Berkeley and Los Angeles: University
of California Press).<person-group>
                  <string-name>
                     <surname>Radway</surname>
                  </string-name>
               </person-group>
               <comment content-type="section">Interpretive Communities and Variable Literacies</comment>
               <fpage>465</fpage>
               <source>Rethinking Popular Culture: Contemporary Perspectives in Cultural Studies</source>
               <year>1991</year>
            </mixed-citation>
         </ref>
         <ref id="d5485e1148a1310">
            <mixed-citation id="d5485e1152" publication-type="journal">
Rodriguez Julia, Edgardo
1989 "El veranazo en que mangaron a Junior," El cruce de la Bahia de Gudnica,
99-130 (Rio Piedras, Puerto Rico: Editorial Cultural).<person-group>
                  <string-name>
                     <surname>Julia</surname>
                  </string-name>
               </person-group>
               <fpage>99</fpage>
               <source>El cruce de la Bahia de Gudnica</source>
               <year>1989</year>
            </mixed-citation>
         </ref>
         <ref id="d5485e1184a1310">
            <mixed-citation id="d5485e1188" publication-type="book">
Rondón, Cesar Miguel
1980 El libro de la Salsa: Cronica de la muisica del Caribe urbano (Caracas: Merca
Libros).<person-group>
                  <string-name>
                     <surname>Rondón</surname>
                  </string-name>
               </person-group>
               <source>El libro de la Salsa: Cronica de la muisica del Caribe urbano</source>
               <year>1980</year>
            </mixed-citation>
         </ref>
         <ref id="d5485e1218a1310">
            <mixed-citation id="d5485e1222" publication-type="book">
Sanchez, Luis Rafael
1976 La guaracha del Macho Camacho (Buenos Aires: Ediciones de la Flor).<person-group>
                  <string-name>
                     <surname>Sanchez</surname>
                  </string-name>
               </person-group>
               <source>La guaracha del Macho Camacho</source>
               <year>1976</year>
            </mixed-citation>
            <mixed-citation id="d5485e1246" publication-type="book">
1988 La importancia de llamarse Daniel Santos (Hanover, NH: Ediciones del Norte).<person-group>
                  <string-name>
                     <surname>Sanchez</surname>
                  </string-name>
               </person-group>
               <source>La importancia de llamarse Daniel Santos</source>
               <year>1988</year>
            </mixed-citation>
         </ref>
         <ref id="d5485e1268a1310">
            <mixed-citation id="d5485e1272" publication-type="book">
Valverde, Umberto
1981 Reina Rumba (Bogota: Editorial La Oveja Negra).<person-group>
                  <string-name>
                     <surname>Valverde</surname>
                  </string-name>
               </person-group>
               <source>Reina Rumba</source>
               <year>1981</year>
            </mixed-citation>
         </ref>
         <ref id="d5485e1297a1310">
            <mixed-citation id="d5485e1301" publication-type="book">
Vega, Ana Lydia
1983 "Letra para salsa y tres soneos por encargo," in Vega and Filippi 1983:
81-88.<person-group>
                  <string-name>
                     <surname>Vega</surname>
                  </string-name>
               </person-group>
               <comment content-type="section">Letra para salsa y tres soneos por encargo</comment>
               <fpage>81</fpage>
               <source>Vega and Filippi</source>
               <year>1983</year>
            </mixed-citation>
         </ref>
         <ref id="d5485e1336a1310">
            <mixed-citation id="d5485e1340" publication-type="journal">
Vega, Ana Lydia, and Carmen Lugo Filippi
1983 "Cuatro selecciones por una peseta," Virgenes y martires, 127-37 (Rio
Piedras, Puerto Rico: Editorial Antillana).<person-group>
                  <string-name>
                     <surname>Vega</surname>
                  </string-name>
               </person-group>
               <fpage>127</fpage>
               <source>Virgenes y martires</source>
               <year>1983</year>
            </mixed-citation>
         </ref>
         <ref id="d5485e1372a1310">
            <mixed-citation id="d5485e1376" publication-type="book">
Young, Shelagh
1989 "Feminism and the Politics of Power: Whose Gaze Is It Anyway?" in The
Female Gaze: Women as Viewers of Popular Culture, edited by Lorraine Gamman
and Margaret Marshment, 173-204 (Seattle: Real Comet Press).<person-group>
                  <string-name>
                     <surname>Young</surname>
                  </string-name>
               </person-group>
               <comment content-type="section">Feminism and the Politics of Power: Whose Gaze Is It Anyway?</comment>
               <fpage>173</fpage>
               <source>The Female Gaze: Women as Viewers of Popular Culture</source>
               <year>1989</year>
            </mixed-citation>
         </ref>
      </ref-list>
   </back>
</article>
