<article xmlns:xsi="http://www.w3.org/2001/XMLSchema-instance"
         xmlns:xlink="http://www.w3.org/1999/xlink"
         xmlns:mml="http://www.w3.org/1998/Math/MathML"
         dtd-version="1.0"
         article-type="research-article">
   <front>
      <journal-meta>
         <journal-id journal-id-type="jstor">poeticstoday</journal-id>
         <journal-id journal-id-type="jstor">j100659</journal-id>
         <journal-title-group>
            <journal-title>Poetics Today</journal-title>
         </journal-title-group>
         <publisher>
            <publisher-name>Porter Institute for Poetics and Semiotics</publisher-name>
         </publisher>
         <issn pub-type="ppub">03335372</issn>
         <issn pub-type="epub">15275507</issn>
      </journal-meta>
      <article-meta>
         <article-id pub-id-type="doi">10.2307/1773004</article-id>
         <article-categories>
            <subj-group>
               <subject>Poetics of Poetry</subject>
            </subj-group>
         </article-categories>
         <title-group>
            <article-title>On the Structure and Understanding of Poetic Oxymoron</article-title>
         </title-group>
         <contrib-group>
            <contrib contrib-type="author">
               <string-name>
                  <given-names>Yeshayahu</given-names>
                  <surname>Shen</surname>
               </string-name>
            </contrib>
         </contrib-group>
         <pub-date>
            <day>1</day>
            <month>1</month>
            <year>1987</year>
         </pub-date>
         <volume>8</volume>
         <issue>1</issue>
         <issue-id>i303074</issue-id>
         <fpage>105</fpage>
         <lpage>122</lpage>
         <page-range>105-122</page-range>
         <permissions>
            <copyright-statement>Copyright The Porter Institute for Poetics and Semiotics Tel Aviv University</copyright-statement>
         </permissions>
         <self-uri xlink:href="http://www.jstor.org/stable/1773004"/>
         <custom-meta-group>
            <custom-meta>
               <meta-name>lang</meta-name>
               <meta-value>eng</meta-value>
            </custom-meta>
         </custom-meta-group>
      </article-meta>
   </front>
   <back>
      <fn-group>
         <title>[Footnotes]</title>
         <fn id="d14865e123a1310">
            <label>1</label>
            <p>
               <mixed-citation id="d14865e130" publication-type="journal">
Hrushovski (1984)  </mixed-citation>
            </p>
         </fn>
         <fn id="d14865e139a1310">
            <label>2</label>
            <p>
               <mixed-citation id="d14865e146" publication-type="book">
Malgadi
and Johnson 1980  </mixed-citation>
            </p>
         </fn>
         <fn id="d14865e158a1310">
            <label>8</label>
            <p>
               <mixed-citation id="d14865e167" publication-type="other">
p. 129</mixed-citation>
            </p>
         </fn>
         <fn id="d14865e174a1310">
            <label>9</label>
            <p>
               <mixed-citation id="d14865e181" publication-type="journal">
Mervis and Rosch (1981)  </mixed-citation>
            </p>
         </fn>
      </fn-group>
      <ref-list>
         <title>References</title>
         <ref id="d14865e199a1310">
            <mixed-citation id="d14865e203" publication-type="book">
Beardseley, M.C., 1958. Aesthetics (New York).<person-group>
                  <string-name>
                     <surname>Beardseley</surname>
                  </string-name>
               </person-group>
               <source>Aesthetics</source>
               <year>1958</year>
            </mixed-citation>
         </ref>
         <ref id="d14865e225a1310">
            <mixed-citation id="d14865e229" publication-type="book">
Bat-Miriam, Y., 1972. Between Sand and Sun (Tel Aviv: Hakibbutz Hameuhad).<person-group>
                  <string-name>
                     <surname>Bat-Miriam</surname>
                  </string-name>
               </person-group>
               <source>Between Sand and Sun</source>
               <year>1972</year>
            </mixed-citation>
         </ref>
         <ref id="d14865e251a1310">
            <mixed-citation id="d14865e255" publication-type="book">
Black, Max, 1962. "Metaphor," Models and Metaphors. (Ithaca: Cornell UP).<person-group>
                  <string-name>
                     <surname>Black</surname>
                  </string-name>
               </person-group>
               <comment content-type="section">Metaphor</comment>
               <source>Models and Metaphors</source>
               <year>1962</year>
            </mixed-citation>
         </ref>
         <ref id="d14865e280a1310">
            <mixed-citation id="d14865e284" publication-type="other">
Clark, H.H. and E.V. Clark, 1977. Psychology and Language (New York: Harcourt Brace
Jovanovich, Inc.).</mixed-citation>
         </ref>
         <ref id="d14865e295a1310">
            <mixed-citation id="d14865e299" publication-type="book">
Clark, H.H., 1970. "Word Association and Linguistic Theory," in: J. Lyons, ed., New
Horizons in Linguistics (Harmondsworth).<person-group>
                  <string-name>
                     <surname>Clark</surname>
                  </string-name>
               </person-group>
               <comment content-type="section">Word Association and Linguistic Theory</comment>
               <source>New Horizons in Linguistics</source>
               <year>1970</year>
            </mixed-citation>
         </ref>
         <ref id="d14865e328a1310">
            <mixed-citation id="d14865e332" publication-type="journal">
Cohen, B. and L.G. Murphy, 1984. "Models of Concepts," Cognitive Science 8, 27-58.<person-group>
                  <string-name>
                     <surname>Cohen</surname>
                  </string-name>
               </person-group>
               <fpage>27</fpage>
               <volume>8</volume>
               <source>Cognitive Science</source>
               <year>1984</year>
            </mixed-citation>
         </ref>
         <ref id="d14865e361a1310">
            <mixed-citation id="d14865e365" publication-type="book">
Collins, A.M and R.M. Quillian, 1972. "Experiments in Semantic Memory and Lan-
guage Comprehension," in: W. Lee Gregg, ed., Cognition in Learning and
Memory (New York, London, Sydney, Toronto: John Wiley and Sons, Inc.), 117-
138.<person-group>
                  <string-name>
                     <surname>Collins</surname>
                  </string-name>
               </person-group>
               <comment content-type="section">Experiments in Semantic Memory and Language Comprehension</comment>
               <source>Cognition in Learning and Memory</source>
               <year>1972</year>
            </mixed-citation>
         </ref>
         <ref id="d14865e400a1310">
            <mixed-citation id="d14865e404" publication-type="book">
Honeck, R.P., 1980. "Proverbs, Meaning, and Group Structure," in: R.P. Honeck and R.R.
Hoffman, eds., Cognition and Figurative Language (Hillsdale, NJ: Erlbaum), 127-
161.<person-group>
                  <string-name>
                     <surname>Honeck</surname>
                  </string-name>
               </person-group>
               <comment content-type="section">Proverbs, Meaning, and Group Structure</comment>
               <source>Cognition and Figurative Language</source>
               <year>1980</year>
            </mixed-citation>
         </ref>
         <ref id="d14865e436a1310">
            <mixed-citation id="d14865e440" publication-type="journal">
Hrushovski, Benjamin, 1984. "Poetic Metaphor and Frames of References," Poetics To-
day 5:1.<person-group>
                  <string-name>
                     <surname>Hrushovski</surname>
                  </string-name>
               </person-group>
               <volume>5</volume>
               <source>Poetics Today</source>
               <year>1984</year>
            </mixed-citation>
         </ref>
         <ref id="d14865e469a1310">
            <mixed-citation id="d14865e473" publication-type="book">
Lyon, John, 1977. Semantics I and 2 (Cambridge UP).<person-group>
                  <string-name>
                     <surname>Lyon</surname>
                  </string-name>
               </person-group>
               <source>Semantics I and 2</source>
               <year>1977</year>
            </mixed-citation>
         </ref>
         <ref id="d14865e496a1310">
            <mixed-citation id="d14865e500" publication-type="book">
Malgadi and Johnson, 1980. "Measurement of Figurative Language: Semantic Feature
Models of Comprehension and Appreciation," in: R.P. Honeck and R.R. Hoff-
man, eds., Cognition and Figurative Language (Hillsdale, NJ: Erlbaum).<person-group>
                  <string-name>
                     <surname>Malgadi</surname>
                  </string-name>
               </person-group>
               <comment content-type="section">Measurement of Figurative Language: Semantic Feature Models of Comprehension and Appreciation</comment>
               <source>Cognition and Figurative Language</source>
               <year>1980</year>
            </mixed-citation>
         </ref>
         <ref id="d14865e532a1310">
            <mixed-citation id="d14865e536" publication-type="book">
Marshall, J., 1969. "Psychological Linguistics: Psychological Aspects of Semantic Struc-
ture," in: A.R. Meetham, ed., Encyclopedia of Linguistics, Information and Con-
trol (London: Pergamon Press), 442-444.<person-group>
                  <string-name>
                     <surname>Marshall</surname>
                  </string-name>
               </person-group>
               <comment content-type="section">Psychological Linguistics: Psychological Aspects of Semantic Structure</comment>
               <source>Encyclopedia of Linguistics, Information and Control</source>
               <year>1969</year>
            </mixed-citation>
         </ref>
         <ref id="d14865e568a1310">
            <mixed-citation id="d14865e572" publication-type="journal">
Mervis, C.B. and E. Rosch, 1981. "Categorization of Natural Objects," Annual Review of
Psychology 32:89-120.<fpage>89</fpage>
               <volume>32</volume>
               <source>Annual Review of Psychology</source>
               <year>1981</year>
            </mixed-citation>
         </ref>
         <ref id="d14865e595a1310">
            <mixed-citation id="d14865e599" publication-type="book">
Preil, G., 1978. Poems (Tel Aviv: "Yachdav").<person-group>
                  <string-name>
                     <surname>Preil</surname>
                  </string-name>
               </person-group>
               <source>Poems</source>
               <year>1978</year>
            </mixed-citation>
         </ref>
         <ref id="d14865e621a1310">
            <mixed-citation id="d14865e625" publication-type="journal">
Reinhart, T., 1976. "On Understanding Poetic Metaphor," Poetics 5, 383-401.<person-group>
                  <string-name>
                     <surname>Reinhart</surname>
                  </string-name>
               </person-group>
               <fpage>383</fpage>
               <volume>5</volume>
               <source>Poetics</source>
               <year>1976</year>
            </mixed-citation>
         </ref>
         <ref id="d14865e654a1310">
            <mixed-citation id="d14865e658" publication-type="journal">
Rosch, E., 1975. "Cognitive Representations of Semantic Categories," Journal of Experi-
mental Psychology: General, 104, 192-233.<person-group>
                  <string-name>
                     <surname>Rosch</surname>
                  </string-name>
               </person-group>
               <fpage>192</fpage>
               <volume>104</volume>
               <source>Journal of Experimental Psychology: General</source>
               <year>1975</year>
            </mixed-citation>
            <mixed-citation id="d14865e689" publication-type="book">
1978 "Principles of Categorization," in: E. Rosch and B. Lloyd, eds., Cognition and
Categorization (Hillsdale, NJ: Lawrence Erlbaum Associates, Publishers).<person-group>
                  <string-name>
                     <surname>Rosch</surname>
                  </string-name>
               </person-group>
               <comment content-type="section">Principles of Categorization</comment>
               <source>Cognition and Categorization</source>
               <year>1978</year>
            </mixed-citation>
         </ref>
         <ref id="d14865e719a1310">
            <mixed-citation id="d14865e723" publication-type="journal">
Rosch, E. and C.B. Mervis, 1975. "Family Resemblances: Studies in the Internal Struc-
ture of Categories," Cognitive Psychology, 7, 573-605.<person-group>
                  <string-name>
                     <surname>Rosch</surname>
                  </string-name>
               </person-group>
               <fpage>573</fpage>
               <volume>7</volume>
               <source>Cognitive Psychology</source>
               <year>1975</year>
            </mixed-citation>
         </ref>
         <ref id="d14865e755a1310">
            <mixed-citation id="d14865e759" publication-type="book">
Tzur, R., 1983. "The Cognitive Theory of Metaphor," Mechearey Yerushalayim (in He-
brew).<person-group>
                  <string-name>
                     <surname>Tzur</surname>
                  </string-name>
               </person-group>
               <comment content-type="section">The Cognitive Theory of Metaphor</comment>
               <source>Mechearey Yerushalayim</source>
               <year>1983</year>
            </mixed-citation>
         </ref>
      </ref-list>
   </back>
</article>
