<article xmlns:xsi="http://www.w3.org/2001/XMLSchema-instance"
         xmlns:xlink="http://www.w3.org/1999/xlink"
         xmlns:mml="http://www.w3.org/1998/Math/MathML"
         dtd-version="1.0"
         article-type="research-article">
   <front>
      <journal-meta>
         <journal-id journal-id-type="jstor">poeticstoday</journal-id>
         <journal-id journal-id-type="jstor">j100659</journal-id>
         <journal-title-group>
            <journal-title>Poetics Today</journal-title>
         </journal-title-group>
         <publisher>
            <publisher-name>Porter Institute for Poetics and Semiotics</publisher-name>
         </publisher>
         <issn pub-type="ppub">03335372</issn>
         <issn pub-type="epub">15275507</issn>
      </journal-meta>
      <article-meta>
         <article-id pub-id-type="doi">10.2307/1773044</article-id>
         <article-categories>
            <subj-group>
               <subject>Fictional Texts and Intertexts</subject>
            </subj-group>
         </article-categories>
         <title-group>
            <article-title>The Restricted Abyss: Nine Problems in the Theory of Mise en Abyme</article-title>
         </title-group>
         <contrib-group>
            <contrib contrib-type="author">
               <string-name>
                  <given-names>Moshe</given-names>
                  <surname>Ron</surname>
               </string-name>
            </contrib>
         </contrib-group>
         <pub-date>
            <day>1</day>
            <month>1</month>
            <year>1987</year>
         </pub-date>
         <volume>8</volume>
         <issue>2</issue>
         <issue-id>i303075</issue-id>
         <fpage>417</fpage>
         <lpage>438</lpage>
         <page-range>417-438</page-range>
         <permissions>
            <copyright-statement>Copyright The Porter Institute for Poetics and Semiotics Tel Aviv University</copyright-statement>
         </permissions>
         <self-uri xlink:href="http://www.jstor.org/stable/1773044"/>
         <custom-meta-group>
            <custom-meta>
               <meta-name>lang</meta-name>
               <meta-value>eng</meta-value>
            </custom-meta>
         </custom-meta-group>
      </article-meta>
   </front>
   <back>
      <fn-group>
         <title>[Footnotes]</title>
         <fn id="d32840e160a1310">
            <label>1</label>
            <p>
               <mixed-citation id="d32840e167" publication-type="book">
Glide, notably La Tmentative
amourvause<person-group>
                     <string-name>
                        <surname>Glide</surname>
                     </string-name>
                  </person-group>
                  <source>La Tmentative amourvause</source>
               </mixed-citation>
            </p>
            <p>
               <mixed-citation id="d32840e188" publication-type="book">
"Gidean mism e abyme"<source>Gidean mism e abyme</source>
               </mixed-citation>
            </p>
            <p>
               <mixed-citation id="d32840e197" publication-type="partial">
p. 30</mixed-citation>
            </p>
         </fn>
         <fn id="d32840e204a1310">
            <label>2</label>
            <p>
               <mixed-citation id="d32840e211" publication-type="book">
Boutell 1966:141  <fpage>141</fpage>
               </mixed-citation>
            </p>
         </fn>
      </fn-group>
      <ref-list>
         <title>References</title>
         <ref id="d32840e232a1310">
            <mixed-citation id="d32840e236" publication-type="journal">
Bal, Mieke, 1978. "Mise en abyme et iconicite," Littimture 29, 116-128.<person-group>
                  <string-name>
                     <surname>Bal</surname>
                  </string-name>
               </person-group>
               <fpage>116</fpage>
               <volume>29</volume>
               <source>Littimture</source>
               <year>1978</year>
            </mixed-citation>
         </ref>
         <ref id="d32840e265a1310">
            <mixed-citation id="d32840e269" publication-type="book">
Barthes, Roland, 1966. "Introduction a l'analyse structurale du r&amp;cit, 'Communications 8.
1970 S/Z (Paris: Seuil).<person-group>
                  <string-name>
                     <surname>Barthes</surname>
                  </string-name>
               </person-group>
               <comment content-type="section">Introduction a l'analyse structurale du r&amp;cit</comment>
               <volume>8</volume>
               <source>Communications</source>
               <year>1970</year>
            </mixed-citation>
         </ref>
         <ref id="d32840e301a1310">
            <mixed-citation id="d32840e305" publication-type="other">
Berger, John, 1972. G. (New York: Dell).</mixed-citation>
         </ref>
         <ref id="d32840e312a1310">
            <mixed-citation id="d32840e316" publication-type="book">
Booth, Wayne, 1961. The Rhetoric of Fiction (Chicago: Chicago UP).<person-group>
                  <string-name>
                     <surname>Booth</surname>
                  </string-name>
               </person-group>
               <source>The Rhetoric of Fiction</source>
               <year>1961</year>
            </mixed-citation>
            <mixed-citation id="d32840e337" publication-type="book">
1971 The Rhetoric of Irony (Chicago: Chicago UP).<person-group>
                  <string-name>
                     <surname>Booth</surname>
                  </string-name>
               </person-group>
               <source>The Rhetoric of Irony</source>
               <year>1971</year>
            </mixed-citation>
         </ref>
         <ref id="d32840e360a1310">
            <mixed-citation id="d32840e364" publication-type="book">
Borges, Jorge Luis, 1968. Other Inquisitions (New York: Simon and Schuster).<person-group>
                  <string-name>
                     <surname>Borges</surname>
                  </string-name>
               </person-group>
               <source>Other Inquisitions</source>
               <year>1968</year>
            </mixed-citation>
         </ref>
         <ref id="d32840e386a1310">
            <mixed-citation id="d32840e390" publication-type="book">
Boutell, 1966 (rev. ed.). Boutell's Heraldry, revised by C.W. Scott-Giles and J.P. Brooke-Little
(London and New York: Frederick Warne &amp; Co.).<person-group>
                  <string-name>
                     <surname>Boutell</surname>
                  </string-name>
               </person-group>
               <source>Boutell's Heraldry</source>
               <year>1966</year>
            </mixed-citation>
         </ref>
         <ref id="d32840e415a1310">
            <mixed-citation id="d32840e419" publication-type="book">
Dillenbach, Lucien, 1977. Le Ricit spiculaire (Paris: Seuil).<person-group>
                  <string-name>
                     <surname>Dillenbach</surname>
                  </string-name>
               </person-group>
               <source>Le Ricit spiculaire</source>
               <year>1977</year>
            </mixed-citation>
            <mixed-citation id="d32840e440" publication-type="journal">
1980 "Reflexivity and Reading," NLH 11.<person-group>
                  <string-name>
                     <surname>Dillenbach</surname>
                  </string-name>
               </person-group>
               <volume>11</volume>
               <source>NLH</source>
               <year>1980</year>
            </mixed-citation>
         </ref>
         <ref id="d32840e465a1310">
            <mixed-citation id="d32840e469" publication-type="book">
Derrida, Jacques, 1971. "Signature 'vinement contexte," Marges de la philosophie (Paris:
Minuit).<person-group>
                  <string-name>
                     <surname>Derrida</surname>
                  </string-name>
               </person-group>
               <comment content-type="section">Signature 'vinement contexte</comment>
               <source>Marges de la philosophie</source>
               <year>1971</year>
            </mixed-citation>
         </ref>
         <ref id="d32840e498a1310">
            <mixed-citation id="d32840e502" publication-type="book">
Dickens, Charles, 1965 (1861). Great Expectations (Harmondsworth: Penguin).<person-group>
                  <string-name>
                     <surname>Dickens</surname>
                  </string-name>
               </person-group>
               <source>Great Expectations</source>
               <year>1965</year>
            </mixed-citation>
         </ref>
         <ref id="d32840e524a1310">
            <mixed-citation id="d32840e528" publication-type="book">
Elvin, Charles Norton, 1969 (1879). A Dictionary of Heraldry (London: Heraldry Today).<person-group>
                  <string-name>
                     <surname>Elvin</surname>
                  </string-name>
               </person-group>
               <source>A Dictionary of Heraldry</source>
               <year>1969</year>
            </mixed-citation>
         </ref>
         <ref id="d32840e551a1310">
            <mixed-citation id="d32840e555" publication-type="book">
Fielding, Henry, 1966 (1749). Tom Jonas (Harmondsworth: Penguin).<person-group>
                  <string-name>
                     <surname>Fielding</surname>
                  </string-name>
               </person-group>
               <source>Tom Jonas</source>
               <year>1966</year>
            </mixed-citation>
         </ref>
         <ref id="d32840e577a1310">
            <mixed-citation id="d32840e581" publication-type="book">
Fox-Davies, Arthur Charles, 1929 (rev. ed.). A Complete Guide to Heraldry (London and Ed-
inburgh: T. Nelson &amp; Sons and E.C. Jack).<person-group>
                  <string-name>
                     <surname>Fox-Davies</surname>
                  </string-name>
               </person-group>
               <source>A Complete Guide to Heraldry</source>
               <year>1929</year>
            </mixed-citation>
         </ref>
         <ref id="d32840e606a1310">
            <mixed-citation id="d32840e610" publication-type="journal">
Gide, Andre, 1967. Journals 1889-1949 (Harmondsworth: Penguin).<person-group>
                  <string-name>
                     <surname>Gide</surname>
                  </string-name>
               </person-group>
               <source>Journals 1889-1949</source>
               <year>1967</year>
            </mixed-citation>
         </ref>
         <ref id="d32840e632a1310">
            <mixed-citation id="d32840e636" publication-type="book">
Hutcheon, Linda, 1980. Narcissistic Narrative: The Metafictional Paradox (New York and Lon-
don: Methuen).<person-group>
                  <string-name>
                     <surname>Hutcheon</surname>
                  </string-name>
               </person-group>
               <source>Narcissistic Narrative: The Metafictional Paradox</source>
               <year>1980</year>
            </mixed-citation>
         </ref>
         <ref id="d32840e661a1310">
            <mixed-citation id="d32840e665" publication-type="journal">
Jefferson, Ann, 1983. "Miss en abyme and the Prophetic in Narrative, Style 17.<person-group>
                  <string-name>
                     <surname>Jefferson</surname>
                  </string-name>
               </person-group>
               <volume>17</volume>
               <source>Style</source>
               <year>1983</year>
            </mixed-citation>
         </ref>
         <ref id="d32840e690a1310">
            <mixed-citation id="d32840e694" publication-type="journal">
McHale, Brian, 1985. "L'abime ambricain: pour une thiorie systématique de la fiction
americaine," Litt turr 57, 48-65.<person-group>
                  <string-name>
                     <surname>McHale</surname>
                  </string-name>
               </person-group>
               <fpage>48</fpage>
               <volume>57</volume>
               <source>Litt turr</source>
               <year>1985</year>
            </mixed-citation>
         </ref>
         <ref id="d32840e727a1310">
            <mixed-citation id="d32840e731" publication-type="journal">
Muecke, D.C., 1978. "Irony Markers," Poetics 7.<person-group>
                  <string-name>
                     <surname>Muecke</surname>
                  </string-name>
               </person-group>
               <volume>7</volume>
               <source>Poetics</source>
               <year>1978</year>
            </mixed-citation>
         </ref>
         <ref id="d32840e756a1310">
            <mixed-citation id="d32840e760" publication-type="book">
Poe, Edgar Allan, 1938. The Complete Tales and Poems (New York: Random House).<person-group>
                  <string-name>
                     <surname>Poe</surname>
                  </string-name>
               </person-group>
               <source>The Complete Tales and Poems</source>
               <year>1938</year>
            </mixed-citation>
         </ref>
         <ref id="d32840e782a1310">
            <mixed-citation id="d32840e786" publication-type="book">
Propp, Vladimir, 1968 (1928). Morphology of the Folktale (Austin and London: University of
Texas Press).<person-group>
                  <string-name>
                     <surname>Propp</surname>
                  </string-name>
               </person-group>
               <source>Morphology of the Folktale</source>
               <year>1968</year>
            </mixed-citation>
         </ref>
         <ref id="d32840e811a1310">
            <mixed-citation id="d32840e815" publication-type="book">
Ricardou, Jean, 1967. "L'Histoire dans l'histoire," Problimes du nouveau roman (Paris:
Seuil).<person-group>
                  <string-name>
                     <surname>Ricardou</surname>
                  </string-name>
               </person-group>
               <comment content-type="section">L'Histoire dans l'histoire</comment>
               <source>Problimes du nouveau roman</source>
               <year>1967</year>
            </mixed-citation>
         </ref>
         <ref id="d32840e844a1310">
            <mixed-citation id="d32840e848" publication-type="other">
Rorty, Richard, 1979. Philosophy and the Mirror of Nature (Princeton: Princeton UP).</mixed-citation>
         </ref>
      </ref-list>
   </back>
</article>
