<article xmlns:xsi="http://www.w3.org/2001/XMLSchema-instance"
         xmlns:xlink="http://www.w3.org/1999/xlink"
         xmlns:mml="http://www.w3.org/1998/Math/MathML"
         dtd-version="1.0"
         article-type="research-article">
   <front>
      <journal-meta>
         <journal-id journal-id-type="jstor">poeticstoday</journal-id>
         <journal-id journal-id-type="jstor">j100659</journal-id>
         <journal-title-group>
            <journal-title>Poetics Today</journal-title>
         </journal-title-group>
         <publisher>
            <publisher-name>Porter Institute for Poetics and Semiotics</publisher-name>
         </publisher>
         <issn pub-type="ppub">03335372</issn>
         <issn pub-type="epub">15275507</issn>
      </journal-meta>
      <article-meta>
         <article-id pub-id-type="doi">10.2307/1773001</article-id>
         <article-categories>
            <subj-group>
               <subject>Poetics of Poetry</subject>
            </subj-group>
         </article-categories>
         <title-group>
            <article-title>Lexical Scapegoating: The Pure and Impure of American Poetry</article-title>
         </title-group>
         <contrib-group>
            <contrib contrib-type="author">
               <string-name>
                  <given-names>Rob</given-names>
                  <surname>Wilson</surname>
               </string-name>
            </contrib>
         </contrib-group>
         <pub-date>
            <day>1</day>
            <month>1</month>
            <year>1987</year>
         </pub-date>
         <volume>8</volume>
         <issue>1</issue>
         <issue-id>i303074</issue-id>
         <fpage>45</fpage>
         <lpage>63</lpage>
         <page-range>45-63</page-range>
         <permissions>
            <copyright-statement>Copyright The Porter Institute for Poetics and Semiotics Tel Aviv University</copyright-statement>
         </permissions>
         <self-uri xlink:href="http://www.jstor.org/stable/1773001"/>
         <custom-meta-group>
            <custom-meta>
               <meta-name>lang</meta-name>
               <meta-value>eng</meta-value>
            </custom-meta>
         </custom-meta-group>
      </article-meta>
   </front>
   <back>
      <fn-group>
         <title>[Footnotes]</title>
         <fn id="d14851e123a1310">
            <label>1</label>
            <p>
               <mixed-citation id="d14851e130" publication-type="book">
Geoffrey H. Hartman (1980:121)<person-group>
                     <string-name>
                        <surname>Hartman</surname>
                     </string-name>
                  </person-group>
                  <fpage>121</fpage>
                  <source>Geoffrey</source>
                  <year>1980</year>
               </mixed-citation>
            </p>
            <p>
               <mixed-citation id="d14851e154" publication-type="journal">
Culture and Communication,
East-West Center, Honolulu, September 8-14, 1985<issue>September</issue>
                  <fpage>8</fpage>
                  <source>East-West Center</source>
                  <year>1985</year>
               </mixed-citation>
            </p>
            <p>
               <mixed-citation id="d14851e176" publication-type="book">
"Language Purism As a Type of
Language Correction<source>Language Purism As a Type of Language Correction</source>
               </mixed-citation>
            </p>
            <p>
               <mixed-citation id="d14851e189" publication-type="book">
J.V. Neustupn) illuminated Roman Jakobson's critique
(1932)  </mixed-citation>
            </p>
            <p>
               <mixed-citation id="d14851e200" publication-type="conference">
"Czech purism" as motivated by a resistance to the "impure" language of western
modernization; also see Park (1985)  </mixed-citation>
            </p>
         </fn>
         <fn id="d14851e212a1310">
            <label>2</label>
            <p>
               <mixed-citation id="d14851e219" publication-type="book">
Wallace Stevens, "The Poems of Our Climate," The Collected Poems of Wallace Stevens
(1974:193-194)<person-group>
                     <string-name>
                        <surname>Stevens</surname>
                     </string-name>
                  </person-group>
                  <comment content-type="section">The Poems of Our Climate</comment>
                  <fpage>193</fpage>
                  <source>The Collected Poems of Wallace Stevens</source>
                  <year>1974</year>
               </mixed-citation>
            </p>
            <p>
               <mixed-citation id="d14851e250" publication-type="book">
Milton J. Bates (1985: Chapters 4 and 5)  </mixed-citation>
            </p>
            <p>
               <mixed-citation id="d14851e258" publication-type="book">
A. Walton Litz (1977:111-
132)  <fpage>111</fpage>
               </mixed-citation>
            </p>
         </fn>
         <fn id="d14851e273a1310">
            <label>3</label>
            <p>
               <mixed-citation id="d14851e280" publication-type="book">
Mikhail Bakhtin (1981:293)  <fpage>293</fpage>
               </mixed-citation>
            </p>
            <p>
               <mixed-citation id="d14851e291" publication-type="book">
Tzvetan Todorov (1984:56-76)  <fpage>56</fpage>
               </mixed-citation>
            </p>
            <p>
               <mixed-citation id="d14851e302" publication-type="journal">
Paul de Man (1983:102-103)  <fpage>102</fpage>
               </mixed-citation>
            </p>
            <p>
               <mixed-citation id="d14851e314" publication-type="journal">
Michael Davidson (1986:33-45)  <fpage>33</fpage>
               </mixed-citation>
            </p>
         </fn>
         <fn id="d14851e326a1310">
            <label>4</label>
            <p>
               <mixed-citation id="d14851e333" publication-type="book">
Fredric Jameson (1981: 76-81)  <fpage>76</fpage>
               </mixed-citation>
            </p>
            <p>
               <mixed-citation id="d14851e344" publication-type="journal">
Jameson's post-
Althusserean critique of Burke's dramatism (1978:507-523)  <fpage>507</fpage>
               </mixed-citation>
            </p>
            <p>
               <mixed-citation id="d14851e358" publication-type="journal">
Burke's crusty re-
joinder (1978:401-416)  <fpage>401</fpage>
               </mixed-citation>
            </p>
         </fn>
         <fn id="d14851e374a1310">
            <label>6</label>
            <p>
               <mixed-citation id="d14851e381" publication-type="book">
T.S. Eliot (626-638)  <fpage>626</fpage>
               </mixed-citation>
            </p>
            <p>
               <mixed-citation id="d14851e392" publication-type="journal">
Paul Breslin (1978:357-370)  <fpage>357</fpage>
               </mixed-citation>
            </p>
         </fn>
      </fn-group>
      <ref-list>
         <title>References</title>
         <ref id="d14851e413a1310">
            <mixed-citation id="d14851e417" publication-type="journal">
Ashbery, John, 1984. "Purists Will Object," Grand Street 3, 29.<person-group>
                  <string-name>
                     <surname>Ashbery</surname>
                  </string-name>
               </person-group>
               <fpage>29</fpage>
               <volume>3</volume>
               <source>Grand Street</source>
               <year>1984</year>
            </mixed-citation>
         </ref>
         <ref id="d14851e446a1310">
            <mixed-citation id="d14851e450" publication-type="book">
Bakhtin, Mikhail, 1981 [1975]. The Dialogic Imagination: Four Essays, trans. Caryl Emer-
son and Michael Holquist (Austin: Texas UP).<person-group>
                  <string-name>
                     <surname>Bakhtin</surname>
                  </string-name>
               </person-group>
               <source>The Dialogic Imagination: Four Essays</source>
               <year>1981</year>
            </mixed-citation>
         </ref>
         <ref id="d14851e475a1310">
            <mixed-citation id="d14851e479" publication-type="book">
Bates, Milton J., 1985. Wallace Stevens: A Mythology of Self (Berkeley: California UP).<person-group>
                  <string-name>
                     <surname>Bates</surname>
                  </string-name>
               </person-group>
               <source>Wallace Stevens: A Mythology of Self</source>
               <year>1985</year>
            </mixed-citation>
         </ref>
         <ref id="d14851e501a1310">
            <mixed-citation id="d14851e505" publication-type="book">
Benjamin, Walter, 1969 [1939]. "On Some Motifs in Baudelaire," Illuminations, trans.
Harry Zohn (New York: Schocken).<person-group>
                  <string-name>
                     <surname>Benjamin</surname>
                  </string-name>
               </person-group>
               <comment content-type="section">On Some Motifs in Baudelaire</comment>
               <source>Illuminations</source>
               <year>1969</year>
            </mixed-citation>
         </ref>
         <ref id="d14851e535a1310">
            <mixed-citation id="d14851e539" publication-type="book">
Bloom, Harold, 1975. A Map of Misreading (New York: Oxford UP).<person-group>
                  <string-name>
                     <surname>Bloom</surname>
                  </string-name>
               </person-group>
               <source>A Map of Misreading</source>
               <year>1975</year>
            </mixed-citation>
         </ref>
         <ref id="d14851e561a1310">
            <mixed-citation id="d14851e565" publication-type="book">
Breslin, James E.B., 1984. From Modern to Contemporary: American Poetry, 1945-1965
(Chicago: Chicago UP).<person-group>
                  <string-name>
                     <surname>Breslin</surname>
                  </string-name>
               </person-group>
               <source>From Modern to Contemporary: American Poetry, 1945-1965</source>
               <year>1984</year>
            </mixed-citation>
         </ref>
         <ref id="d14851e590a1310">
            <mixed-citation id="d14851e594" publication-type="journal">
Breslin, Paul, 1978. "How to Read the Contemporary American Poem,*' The American
Scholar 47, 357-370.<person-group>
                  <string-name>
                     <surname>Breslin</surname>
                  </string-name>
               </person-group>
               <fpage>357</fpage>
               <volume>47</volume>
               <source>The American Scholar</source>
               <year>1978</year>
            </mixed-citation>
         </ref>
         <ref id="d14851e626a1310">
            <mixed-citation id="d14851e630" publication-type="book">
Brown, Malcolm, 1955. George Moore: A Reconsideration (Seattle: Washington UP).<person-group>
                  <string-name>
                     <surname>Brown</surname>
                  </string-name>
               </person-group>
               <source>George Moore: A Reconsideration</source>
               <year>1955</year>
            </mixed-citation>
         </ref>
         <ref id="d14851e652a1310">
            <mixed-citation id="d14851e656" publication-type="book">
Burke, Kenneth, 1966. Language as Symbolic Action (Berkeley: California UP).<person-group>
                  <string-name>
                     <surname>Burke</surname>
                  </string-name>
               </person-group>
               <source>Language as Symbolic Action</source>
               <year>1966</year>
            </mixed-citation>
            <mixed-citation id="d14851e677" publication-type="book">
1969 A Rhetoric of Motives (Berkeley: California UP).<person-group>
                  <string-name>
                     <surname>Burke</surname>
                  </string-name>
               </person-group>
               <source>A Rhetoric of Motives</source>
               <year>1969</year>
            </mixed-citation>
            <mixed-citation id="d14851e698" publication-type="journal">
1978 "Critical Response [to Fredric Jameson on Burke]," Critical Inquiry 5, 401-416.<object-id pub-id-type="jstor">10.2307/1343019</object-id>
               <fpage>401</fpage>
            </mixed-citation>
         </ref>
         <ref id="d14851e711a1310">
            <mixed-citation id="d14851e715" publication-type="journal">
Davidson, Michael, 1986. "'Hey Man, My Wave!': The Authority of Private Language,"
Poetics Journal 6, 33-45.<person-group>
                  <string-name>
                     <surname>Davidson</surname>
                  </string-name>
               </person-group>
               <fpage>33</fpage>
               <volume>6</volume>
               <source>Poetics Journal</source>
               <year>1986</year>
            </mixed-citation>
         </ref>
         <ref id="d14851e748a1310">
            <mixed-citation id="d14851e752" publication-type="book">
Davie, Donald, 1967 [1952]. Purity of Diction In English Poetry (London: Routledge &amp;
Kegan Paul).<person-group>
                  <string-name>
                     <surname>Davie</surname>
                  </string-name>
               </person-group>
               <source>Purity of Diction In English Poetry</source>
               <year>1967</year>
            </mixed-citation>
         </ref>
         <ref id="d14851e777a1310">
            <mixed-citation id="d14851e781" publication-type="journal">
de Man, Paul, 1983. "Dialogue and Dialogism," Poetics Today 4, 99-107.<object-id pub-id-type="doi">10.2307/1772155</object-id>
               <fpage>99</fpage>
            </mixed-citation>
         </ref>
         <ref id="d14851e794a1310">
            <mixed-citation id="d14851e798" publication-type="book">
Dodds, E.R., 1964. The Greeks and the Irrational (Berkeley: California UP).<person-group>
                  <string-name>
                     <surname>Dodds</surname>
                  </string-name>
               </person-group>
               <source>The Greeks and the Irrational</source>
               <year>1964</year>
            </mixed-citation>
         </ref>
         <ref id="d14851e820a1310">
            <mixed-citation id="d14851e824" publication-type="book">
Eliot, T.S., 1962 [1948]. "From Poe to Valery," in: Morton Dauwen Zabel, ed., Literary
Opinion in America, Vol. II (New York: Harper &amp; Row).<person-group>
                  <string-name>
                     <surname>Eliot</surname>
                  </string-name>
               </person-group>
               <comment content-type="section">From Poe to Valery</comment>
               <volume>II</volume>
               <source>Morton Dauwen Zabel</source>
               <year>1962</year>
            </mixed-citation>
         </ref>
         <ref id="d14851e856a1310">
            <mixed-citation id="d14851e860" publication-type="book">
Hartman, Geoffrey H., 1980. Criticism in the Wilderness: The Study of Literature Today
(New Haven: Yale UP).<person-group>
                  <string-name>
                     <surname>Hartman</surname>
                  </string-name>
               </person-group>
               <source>Criticism in the Wilderness: The Study of Literature Today</source>
               <year>1980</year>
            </mixed-citation>
         </ref>
         <ref id="d14851e885a1310">
            <mixed-citation id="d14851e889" publication-type="book">
Jakobson, Roman, 1932. "O dnešnim brusicštvi českém," in B. Havránek and M. Weingart,
eds., Ceština a jazyková kultura (Prague: Melantrich).<person-group>
                  <string-name>
                     <surname>Jakobson</surname>
                  </string-name>
               </person-group>
               <comment content-type="section">O dnešnim brusicštvi českém</comment>
               <source>Ceština a jazyková kultura</source>
               <year>1932</year>
            </mixed-citation>
         </ref>
         <ref id="d14851e919a1310">
            <mixed-citation id="d14851e923" publication-type="journal">
Jameson, Fredric R., 1978. "The Symbolic Inference; or, Kenneth Burke and Ideological
Analysis," Critical Inquiry 4, 507-523.<object-id pub-id-type="jstor">10.2307/1343072</object-id>
               <fpage>507</fpage>
            </mixed-citation>
            <mixed-citation id="d14851e938" publication-type="book">
1981 The Political Unconscious: Narrative as a Socially Symbolic Act (Ithaca, N.Y.:
Cornell UP).<person-group>
                  <string-name>
                     <surname>Jameson</surname>
                  </string-name>
               </person-group>
               <source>The Political Unconscious: Narrative as a Socially Symbolic Act</source>
               <year>1981</year>
            </mixed-citation>
         </ref>
         <ref id="d14851e963a1310">
            <mixed-citation id="d14851e967" publication-type="book">
Johnson, Barbara, 1980. The Critical Difference: Essays In the Contemporary Rhetoric of
Reading (Baltimore: Johns Hopkins UP).<person-group>
                  <string-name>
                     <surname>Johnson</surname>
                  </string-name>
               </person-group>
               <source>The Critical Difference: Essays In the Contemporary Rhetoric of Reading</source>
               <year>1980</year>
            </mixed-citation>
         </ref>
         <ref id="d14851e992a1310">
            <mixed-citation id="d14851e996" publication-type="book">
Litz, Walton A., 1977. "Wallace Stevens's Defense of Poetry: La poesie pure, the New Ro-
mantic, and the Pressure of Reality," in: George Bornstein, ed., Romantic and Mo-
dern (Pittsburgh: Pittsburgh UP).<person-group>
                  <string-name>
                     <surname>Litz</surname>
                  </string-name>
               </person-group>
               <comment content-type="section">Wallace Stevens's Defense of Poetry: La poesie pure, the New Romantic, and the Pressure of Reality</comment>
               <source>George Bornstein</source>
               <year>1977</year>
            </mixed-citation>
         </ref>
         <ref id="d14851e1028a1310">
            <mixed-citation id="d14851e1032" publication-type="conference">
Neustupn', J.V., 1985. "Language Purism as a Type of Language Correction," paper for
"The Politics of Language Purism" conference held at Institute of Culture &amp; Com-
munication, East-West Center, Honolulu, Sept. 8-14, 1985.<person-group>
                  <string-name>
                     <surname>Neustupn</surname>
                  </string-name>
               </person-group>
               <comment content-type="section">Language Purism as a Type of Language Correction</comment>
               <fpage>8</fpage>
               <source>The Politics of Language Purism</source>
               <year>1985</year>
            </mixed-citation>
         </ref>
         <ref id="d14851e1067a1310">
            <mixed-citation id="d14851e1071" publication-type="book">
Orwell, George, 1958 [1946]. "Politics and the English Language," in: Mark Schorer,
Josephine Miles and Gordon McKenzie, eds., Criticism: The Foundations of Modern
Literary Judgment (New York: Harcourt).<person-group>
                  <string-name>
                     <surname>Orwell</surname>
                  </string-name>
               </person-group>
               <comment content-type="section">Politics and the English Language</comment>
               <source>Criticism: The Foundations of Modern Literary Judgment</source>
               <year>1958</year>
            </mixed-citation>
         </ref>
         <ref id="d14851e1103a1310">
            <mixed-citation id="d14851e1107" publication-type="conference">
Park, Nahm-Sheik, 1985. "Language Purism in Korea Today," paper for "The Politics of
Language Purism" conference, East-West Center, Honolulu, Sept. 8-14, 1985.<person-group>
                  <string-name>
                     <surname>Park</surname>
                  </string-name>
               </person-group>
               <comment content-type="section">Language Purism in Korea Today</comment>
               <volume>8</volume>
               <source>"The Politics of Language Purism" conference, East-West Center, Honolulu, Sept. 8-14, 1985</source>
               <year>1985</year>
            </mixed-citation>
         </ref>
         <ref id="d14851e1140a1310">
            <mixed-citation id="d14851e1144" publication-type="book">
Peters, Robert, 1979. The Great American Poetry Bake-Off (Metuchen, New Jersey: Scare-
crow Press).<person-group>
                  <string-name>
                     <surname>Peters</surname>
                  </string-name>
               </person-group>
               <source>The Great American Poetry Bake-Off</source>
               <year>1979</year>
            </mixed-citation>
         </ref>
         <ref id="d14851e1169a1310">
            <mixed-citation id="d14851e1173" publication-type="book">
Pinsky, Robert, 1976. The Situation of Poetry: Contemporary Poetry and Its Traditions
(Princeton, New Jersey: Princeton UP).<person-group>
                  <string-name>
                     <surname>Pinsky</surname>
                  </string-name>
               </person-group>
               <source>The Situation of Poetry: Contemporary Poetry and Its Traditions</source>
               <year>1976</year>
            </mixed-citation>
         </ref>
         <ref id="d14851e1198a1310">
            <mixed-citation id="d14851e1202" publication-type="book">
Poggioli, Renato, 1968 [1962]. The Theory of the Avant-Garde, trans. Gerald Fitzgerald
(New York: Harper).<person-group>
                  <string-name>
                     <surname>Poggioli</surname>
                  </string-name>
               </person-group>
               <source>The Theory of the Avant-Garde</source>
               <year>1968</year>
            </mixed-citation>
         </ref>
         <ref id="d14851e1227a1310">
            <mixed-citation id="d14851e1231" publication-type="book">
Ricoeur, Paul, 1967. The Symbolism of Evil, trans. Emerson Buchanan (Boston: Beacon).<person-group>
                  <string-name>
                     <surname>Ricoeur</surname>
                  </string-name>
               </person-group>
               <source>The Symbolism of Evil</source>
               <year>1967</year>
            </mixed-citation>
         </ref>
         <ref id="d14851e1253a1310">
            <mixed-citation id="d14851e1257" publication-type="book">
Stevens, Wallace, 1974 [1954]. The Collected Poems (New York: Alfred Knopf).
1981 Letters of Wallace Stevens, ed. Holly Stevens (New York: Alfred Knopf).<person-group>
                  <string-name>
                     <surname>Stevens</surname>
                  </string-name>
               </person-group>
               <source>The Collected Poems</source>
               <year>1974</year>
            </mixed-citation>
         </ref>
         <ref id="d14851e1282a1310">
            <mixed-citation id="d14851e1286" publication-type="book">
Todorov, Tzvetan, 1984 [1981]. Mikhail Bakhtin: The Dialogical Principle, trans. Wlad
Godzich (Minneapolis: Minnesota UP).<person-group>
                  <string-name>
                     <surname>Todorov</surname>
                  </string-name>
               </person-group>
               <source>Mikhail Bakhtin: The Dialogical Principle</source>
            </mixed-citation>
         </ref>
         <ref id="d14851e1309a1310">
            <mixed-citation id="d14851e1313" publication-type="book">
Warren, Robert Penn, 1958 [1943]. "Pure and Impure Poetry," in: Mark Schorer, Jose-
phine Miles and Gordon McKenzie, eds., Criticism (New York: Harcourt).<person-group>
                  <string-name>
                     <surname>Warren</surname>
                  </string-name>
               </person-group>
               <comment content-type="section">Pure and Impure Poetry</comment>
               <source>Mark Schorer, Josephine Miles and Gordon McKenzie</source>
               <year>1958</year>
            </mixed-citation>
         </ref>
         <ref id="d14851e1342a1310">
            <mixed-citation id="d14851e1346" publication-type="book">
Wilbur, Richard, 1959. "Introduction," Poe: Complete Poems (New York: Dell).<person-group>
                  <string-name>
                     <surname>Wilbur</surname>
                  </string-name>
               </person-group>
               <comment content-type="section">Introduction</comment>
               <source>Complete Poems</source>
               <year>1959</year>
            </mixed-citation>
         </ref>
         <ref id="d14851e1371a1310">
            <mixed-citation id="d14851e1375" publication-type="book">
Whitman, Walt, 1961 [1882]. Specimen Days (New York: Signet).<person-group>
                  <string-name>
                     <surname>Whitman</surname>
                  </string-name>
               </person-group>
               <source>Specimen Days</source>
               <year>1961</year>
            </mixed-citation>
            <mixed-citation id="d14851e1396" publication-type="book">
1965 Leaves of Grass: Comprehensive Reader's Edition (New York: Norton).<person-group>
                  <string-name>
                     <surname>Whitman</surname>
                  </string-name>
               </person-group>
               <source>Leaves of Grass: Comprehensive Reader's Edition</source>
               <year>1965</year>
            </mixed-citation>
            <mixed-citation id="d14851e1417" publication-type="book">
1970 [1904]. An American Primer, ed. Horace Traubel (San Francisco: City Lights).<person-group>
                  <string-name>
                     <surname>Whitman</surname>
                  </string-name>
               </person-group>
               <source>An American Primer</source>
               <year>1970</year>
            </mixed-citation>
         </ref>
         <ref id="d14851e1439a1310">
            <mixed-citation id="d14851e1443" publication-type="book">
Williams, William Carlos, 1970 [1923]. Spring and All, in: Webster Schott, ed., Imagina-
tions (New York: New Directions).<person-group>
                  <string-name>
                     <surname>Williams</surname>
                  </string-name>
               </person-group>
               <comment content-type="section">Spring and All</comment>
               <source>Imaginations</source>
               <year>1970</year>
            </mixed-citation>
         </ref>
      </ref-list>
   </back>
</article>
