<article xmlns:xsi="http://www.w3.org/2001/XMLSchema-instance"
         xmlns:xlink="http://www.w3.org/1999/xlink"
         xmlns:mml="http://www.w3.org/1998/Math/MathML"
         dtd-version="1.0"
         article-type="research-article">
   <front>
      <journal-meta>
         <journal-id journal-id-type="jstor">poeticstoday</journal-id>
         <journal-id journal-id-type="jstor">j100659</journal-id>
         <journal-title-group>
            <journal-title>Poetics Today</journal-title>
         </journal-title-group>
         <publisher>
            <publisher-name>Duke University Press</publisher-name>
         </publisher>
         <issn pub-type="ppub">03335372</issn>
         <issn pub-type="epub">15275507</issn>
      </journal-meta>
      <article-meta>
         <article-id pub-id-type="doi">10.2307/1773115</article-id>
         <article-categories>
            <subj-group>
               <subject>Ancient and Medieral Interations</subject>
            </subj-group>
         </article-categories>
         <title-group>
            <article-title>Hebraic and Hellenic Conceptions of Wisdom in Sefer ha-Bahir</article-title>
         </title-group>
         <contrib-group>
            <contrib contrib-type="author">
               <string-name>
                  <given-names>Elliot R.</given-names>
                  <surname>Wolfson</surname>
               </string-name>
            </contrib>
         </contrib-group>
         <pub-date>
            <day>1</day>
            <month>4</month>
            <year>1998</year>
         </pub-date>
         <volume>19</volume>
         <issue>1</issue>
         <issue-id>i303116</issue-id>
         <fpage>147</fpage>
         <lpage>176</lpage>
         <page-range>147-176</page-range>
         <permissions>
            <copyright-statement>Copyright 1998 The Porter Institute for Poetics and Semiotics, Tel Aviv University</copyright-statement>
         </permissions>
         <self-uri xlink:href="http://www.jstor.org/stable/1773115"/>
         <abstract>
            <p>This article explores the question of the Hebraic and Hellenic heritage in the Jewish Middle Ages by examining the portrait of wisdom in Sefer ha-Bahir, considered by scholars to be the first kabbalistic work to surface in twelfth-century Provence. In more specific terms, I investigate the interplay of two different depictions of wisdom in the Bahir against the complicated cultural composite of Hebraism and Hellenism: the mythically oriented characterizations of wisdom as a divine hypostasis and the philosophic characterization of wisdom as the demiurgical Logos. In the bahiric text, the mythic/Hebraic element becomes entwined in philosophic/Hellenic discourse. Many of the scriptural interpretations in the Bahir related to the topic of wisdom reflect the conflation of the mythopoeic and the logocentric orientations. Rather than viewing the kabbalistic doctrine of wisdom as the internal, mythic antidote to the external, philosophical ideal, I propose to examine the more nuanced cultural mix that underlies the speculation on wisdom in the bahiric text. By reexamining this issue, then, we reopen the key question of the relationship of philosophy and mysticism in the period when kabbalistic literary creativity flourished.</p>
         </abstract>
         <custom-meta-group>
            <custom-meta>
               <meta-name>lang</meta-name>
               <meta-value>eng</meta-value>
            </custom-meta>
         </custom-meta-group>
      </article-meta>
   </front>
   <back>
      <fn-group>
         <title>[Footnotes]</title>
         <fn id="d8341e129a1310">
            <label>1</label>
            <p>
               <mixed-citation id="d8341e136" publication-type="other">
Langermann 1995</mixed-citation>
            </p>
            <p>
               <mixed-citation id="d8341e142" publication-type="book">
Jerusalem: Mosad ha-Rayv Kook, 1978<person-group>
                     <string-name>
                        <surname>Jerusalem</surname>
                     </string-name>
                  </person-group>
                  <fpage>1978</fpage>
                  <source>Mosad ha-Rayv Kook</source>
               </mixed-citation>
            </p>
            <p>
               <mixed-citation id="d8341e163" publication-type="book">
Zohar are
from the 1960 edition of Reuven Margaliot, 3 vols (Jerusalem: Mosad ha-Rav Kook)<person-group>
                     <string-name>
                        <surname>Zohar</surname>
                     </string-name>
                  </person-group>
                  <source>Reuven Margaliot</source>
                  <year>1960</year>
               </mixed-citation>
            </p>
         </fn>
         <fn id="d8341e188a1310">
            <label>2</label>
            <p>
               <mixed-citation id="d8341e195" publication-type="other">
Fox 1990: 251-96</mixed-citation>
            </p>
         </fn>
         <fn id="d8341e202a1310">
            <label>3</label>
            <p>
               <mixed-citation id="d8341e209" publication-type="other">
Strauss 1965: 123, 148-50, 174-76</mixed-citation>
            </p>
            <p>
               <mixed-citation id="d8341e215" publication-type="other">
Polka 1992: 32-37</mixed-citation>
            </p>
            <p>
               <mixed-citation id="d8341e221" publication-type="other">
Green 1993: 77-80</mixed-citation>
            </p>
         </fn>
         <fn id="d8341e228a1310">
            <label>4</label>
            <p>
               <mixed-citation id="d8341e235" publication-type="other">
Strauss (1965: 156-60)</mixed-citation>
            </p>
         </fn>
         <fn id="d8341e243a1310">
            <label>5</label>
            <p>
               <mixed-citation id="d8341e250" publication-type="other">
E. Wolfson 1994a: 163-73</mixed-citation>
            </p>
            <p>
               <mixed-citation id="d8341e256" publication-type="other">
Silman 1995: 188, 226, 246-47, 328-30</mixed-citation>
            </p>
         </fn>
         <fn id="d8341e263a1310">
            <label>6</label>
            <p>
               <mixed-citation id="d8341e270" publication-type="other">
Silver 1965: 136-98</mixed-citation>
            </p>
            <p>
               <mixed-citation id="d8341e276" publication-type="other">
Septimus 1982: 61-103</mixed-citation>
            </p>
            <p>
               <mixed-citation id="d8341e282" publication-type="other">
Dan 1992-93</mixed-citation>
            </p>
         </fn>
         <fn id="d8341e289a1310">
            <label>7</label>
            <p>
               <mixed-citation id="d8341e296" publication-type="book">
Julius Guttmann in his comprehensive history of Jewish philosophy: "The Jewish
people . . . received philosophy from outside sources, and the history of Jewish philoso-
phy is a history of successive absorptions of foreign ideas which were then transformed and
adapted according to specific Jewish points of view" (1964: 3)<person-group>
                     <string-name>
                        <surname>Guttmann</surname>
                     </string-name>
                  </person-group>
                  <fpage>3</fpage>
                  <source>The Jewish people . . . received philosophy from outside sources, and the history of Jewish philosophy is a history of successive absorptions of foreign ideas which were then transformed and adapted according to specific Jewish points of view</source>
                  <year>1964</year>
               </mixed-citation>
            </p>
            <p>
               <mixed-citation id="d8341e330" publication-type="other">
Myers 1995: 101</mixed-citation>
            </p>
         </fn>
         <fn id="d8341e337a1310">
            <label>9</label>
            <p>
               <mixed-citation id="d8341e344" publication-type="other">
Idel 1988: 252-53</mixed-citation>
            </p>
            <p>
               <mixed-citation id="d8341e350" publication-type="other">
1990: 31-50</mixed-citation>
            </p>
            <p>
               <mixed-citation id="d8341e356" publication-type="other">
E. Wolfson 1990-91: 182-83</mixed-citation>
            </p>
            <p>
               <mixed-citation id="d8341e363" publication-type="other">
David Neumark that philosophy and Kabbalah represent two parallel disciplines
that explain the content of the Rabbinic esoteric traditions of the account of creation and
the account of the chariot (1971: 96)</mixed-citation>
            </p>
         </fn>
         <fn id="d8341e376a1310">
            <p>
               <mixed-citation id="d8341e382" publication-type="book">
Adolphe Franck's classic, La Kabbale ou la philosophie religieuse des Hebreux, published in 1843<person-group>
                     <string-name>
                        <surname>Franck</surname>
                     </string-name>
                  </person-group>
                  <source>La Kabbale ou la philosophie religieuse des Hebreux</source>
                  <year>1843</year>
               </mixed-citation>
            </p>
            <p>
               <mixed-citation id="d8341e403" publication-type="book">
David Joel's Midrash ha-Zohar: Die Religionsphilosophie des Sohar und ihr Verhdltnis zur all-
gemeinen jiidischen Theologie, published in 1849<person-group>
                     <string-name>
                        <surname>Joel</surname>
                     </string-name>
                  </person-group>
                  <source>Midrash ha-Zohar: Die Religionsphilosophie des Sohar und ihr Verhdltnis zur allgemeinen jiidischen Theologie</source>
                  <year>1849</year>
               </mixed-citation>
            </p>
            <p>
               <mixed-citation id="d8341e427" publication-type="other">
Neumark 1971: 47</mixed-citation>
            </p>
            <p>
               <mixed-citation id="d8341e434" publication-type="book">
Idel detects in these
scholars (as well as in Nachman Krochmal and Elijah Benamozegh) an echo of the "Renais-
sance philosophization of Kabbalah," which privileged the speculative over the practical
or experiential (1988: 13-14)<fpage>13</fpage>
                  <source>Renaissance philosophization of Kabbalah</source>
                  <year>1988</year>
               </mixed-citation>
            </p>
            <p>
               <mixed-citation id="d8341e459" publication-type="book">
Scholem's
remark concerning the kabbalistic attitude toward prayer: "There is perhaps no clearer sign
that Kabbalism is essentially a religious and not a speculative phenomenon" (1954: 33)<person-group>
                     <string-name>
                        <surname>Scholem</surname>
                     </string-name>
                  </person-group>
                  <fpage>33</fpage>
                  <source>There is perhaps no clearer sign that Kabbalism is essentially a religious and not a speculative phenomenon</source>
                  <year>1954</year>
               </mixed-citation>
            </p>
            <p>
               <mixed-citation id="d8341e490" publication-type="other">
E. Wolfson
1994a: 278-79</mixed-citation>
            </p>
         </fn>
         <fn id="d8341e500a1310">
            <label>11</label>
            <p>
               <mixed-citation id="d8341e507" publication-type="book">
Scholem occasionally acknowledged the mystical element in
medieval Jewish philosophical literature. Consider, for example, his description of prophecy
as union with the active intellect both in Isma"ili thought and in the philosophy of Maimoni-
des as a form of unio mystica (1969: io)<comment content-type="section">Scholem occasionally acknowledged the mystical element in medieval Jewish philosophical literature. Consider, for example, his description of prophecy as union with the active intellect both in Isma</comment>
                  <fpage>10</fpage>
                  <source>unio mystica</source>
                  <year>1969</year>
               </mixed-citation>
            </p>
            <p>
               <mixed-citation id="d8341e535" publication-type="other">
1954: 23-24</mixed-citation>
            </p>
            <p>
               <mixed-citation id="d8341e541" publication-type="other">
1974: 44, 50-51</mixed-citation>
            </p>
            <p>
               <mixed-citation id="d8341e548" publication-type="other">
Schweid 1985: 41-45, 117-32</mixed-citation>
            </p>
            <p>
               <mixed-citation id="d8341e554" publication-type="other">
Liebes 1993: 1, 4</mixed-citation>
            </p>
         </fn>
         <fn id="d8341e562a1310">
            <label>12</label>
            <p>
               <mixed-citation id="d8341e569" publication-type="other">
Idel 1988: 42-49</mixed-citation>
            </p>
         </fn>
         <fn id="d8341e576a1310">
            <label>13</label>
            <p>
               <mixed-citation id="d8341e583" publication-type="other">
E. Wolfson 1995a: 187-88 nn. 1-2</mixed-citation>
            </p>
            <p>
               <mixed-citation id="d8341e589" publication-type="book">
Abrams 1994: 1-54  <fpage>1</fpage>
               </mixed-citation>
            </p>
         </fn>
         <fn id="d8341e601a1310">
            <label>14</label>
            <p>
               <mixed-citation id="d8341e608" publication-type="other">
Versluis 1994: 157</mixed-citation>
            </p>
            <p>
               <mixed-citation id="d8341e614" publication-type="book">
Scholem's use of the phrase
"mysticism of the Sophia" to refer to the doctrine of hokhmah in the Bahir (1987: 88)<person-group>
                     <string-name>
                        <surname>Scholem</surname>
                     </string-name>
                  </person-group>
                  <fpage>88</fpage>
                  <source>mysticism of the Sophia</source>
                  <year>1987</year>
               </mixed-citation>
            </p>
         </fn>
         <fn id="d8341e643a1310">
            <label>15</label>
            <p>
               <mixed-citation id="d8341e650" publication-type="other">
Jonas 1963: 181-97</mixed-citation>
            </p>
            <p>
               <mixed-citation id="d8341e656" publication-type="other">
Good 1987: xiv-xv,
16-17, 76-78</mixed-citation>
            </p>
         </fn>
         <fn id="d8341e666a1310">
            <label>16</label>
            <p>
               <mixed-citation id="d8341e673" publication-type="other">
MacRae 1970</mixed-citation>
            </p>
            <p>
               <mixed-citation id="d8341e679" publication-type="other">
Rudolph 1980</mixed-citation>
            </p>
         </fn>
         <fn id="d8341e686a1310">
            <label>17</label>
            <p>
               <mixed-citation id="d8341e693" publication-type="other">
E. Wolfson 1995b: 123-24 n. 1</mixed-citation>
            </p>
         </fn>
         <fn id="d8341e701a1310">
            <label>18</label>
            <p>
               <mixed-citation id="d8341e708" publication-type="other">
Scholem 1987: 70, 92</mixed-citation>
            </p>
            <p>
               <mixed-citation id="d8341e714" publication-type="other">
Stern 1991: 221</mixed-citation>
            </p>
            <p>
               <mixed-citation id="d8341e720" publication-type="other">
E. Wolfson 1995b: 11-12</mixed-citation>
            </p>
            <p>
               <mixed-citation id="d8341e727" publication-type="other">
Sefer ha-Bahir,
sec. 142</mixed-citation>
            </p>
         </fn>
         <fn id="d8341e737a1310">
            <label>19</label>
            <p>
               <mixed-citation id="d8341e744" publication-type="other">
Zohar 1: 156b</mixed-citation>
            </p>
            <p>
               <mixed-citation id="d8341e750" publication-type="other">
1 Kings 5: lo</mixed-citation>
            </p>
            <p>
               <mixed-citation id="d8341e756" publication-type="other">
Margaliot 1978: sec. 64, 95b</mixed-citation>
            </p>
            <p>
               <mixed-citation id="d8341e763" publication-type="other">
ibid., sec. 21, 44b</mixed-citation>
            </p>
            <p>
               <mixed-citation id="d8341e769" publication-type="other">
Proverbs 3: 19</mixed-citation>
            </p>
         </fn>
         <fn id="d8341e776a1310">
            <label>20</label>
            <p>
               <mixed-citation id="d8341e783" publication-type="other">
Babylonian Talmud, Baba Batra 16b</mixed-citation>
            </p>
            <p>
               <mixed-citation id="d8341e789" publication-type="other">
Abraham in Sefer ha-Bahir, sec. 78</mixed-citation>
            </p>
            <p>
               <mixed-citation id="d8341e795" publication-type="book">
Scholem 1987: 87-88  <fpage>87</fpage>
               </mixed-citation>
            </p>
            <p>
               <mixed-citation id="d8341e807" publication-type="other">
1991: 168</mixed-citation>
            </p>
            <p>
               <mixed-citation id="d8341e813" publication-type="other">
Sefer ha-Bahir
sec. 93</mixed-citation>
            </p>
            <p>
               <mixed-citation id="d8341e822" publication-type="other">
sec. 156</mixed-citation>
            </p>
            <p>
               <mixed-citation id="d8341e828" publication-type="other">
sec. 162</mixed-citation>
            </p>
            <p>
               <mixed-citation id="d8341e834" publication-type="other">
sec. 91</mixed-citation>
            </p>
            <p>
               <mixed-citation id="d8341e840" publication-type="other">
sec. 72</mixed-citation>
            </p>
            <p>
               <mixed-citation id="d8341e847" publication-type="other">
E. Wolfson 1994a: 275 n. 14, 362 n. 123, 363</mixed-citation>
            </p>
            <p>
               <mixed-citation id="d8341e853" publication-type="other">
1995b:
116-20, 231-32 n. 198</mixed-citation>
            </p>
         </fn>
         <fn id="d8341e863a1310">
            <label>21</label>
            <p>
               <mixed-citation id="d8341e870" publication-type="other">
Scholem 1923: 6 n. 2</mixed-citation>
            </p>
            <p>
               <mixed-citation id="d8341e876" publication-type="other">
Sefer ha-Bahir, sec. 3 n. 6</mixed-citation>
            </p>
         </fn>
         <fn id="d8341e883a1310">
            <label>22</label>
            <p>
               <mixed-citation id="d8341e890" publication-type="other">
Abrams 1994: 118</mixed-citation>
            </p>
         </fn>
         <fn id="d8341e897a1310">
            <label>23</label>
            <p>
               <mixed-citation id="d8341e904" publication-type="other">
Neu-
mann 1954: 16-17</mixed-citation>
            </p>
         </fn>
         <fn id="d8341e915a1310">
            <label>24</label>
            <p>
               <mixed-citation id="d8341e922" publication-type="other">
Babylonian Talmud, Hagigah 15a</mixed-citation>
            </p>
         </fn>
         <fn id="d8341e929a1310">
            <label>26</label>
            <p>
               <mixed-citation id="d8341e936" publication-type="other">
Sefer Yesirah 1:1.</mixed-citation>
            </p>
         </fn>
         <fn id="d8341e943a1310">
            <label>27</label>
            <p>
               <mixed-citation id="d8341e950" publication-type="other">
Abrams 1994: 140</mixed-citation>
            </p>
            <p>
               <mixed-citation id="d8341e956" publication-type="other">
Scholem 1987: 168-69</mixed-citation>
            </p>
            <p>
               <mixed-citation id="d8341e962" publication-type="other">
1991: 162-63</mixed-citation>
            </p>
         </fn>
         <fn id="d8341e969a1310">
            <label>28</label>
            <p>
               <mixed-citation id="d8341e976" publication-type="other">
Sefer ha-Bahir, secs. 97, 98</mixed-citation>
            </p>
            <p>
               <mixed-citation id="d8341e982" publication-type="other">
Scholem 1987: 92; 1991: 162</mixed-citation>
            </p>
         </fn>
         <fn id="d8341e989a1310">
            <label>29</label>
            <p>
               <mixed-citation id="d8341e996" publication-type="book">
Scholem's observation that
in the Bahir the "explicitly sexual sphere of female symbolism is here quite clearly and visibly
rejected" (1991: 163)<person-group>
                     <string-name>
                        <surname>Scholem</surname>
                     </string-name>
                  </person-group>
                  <fpage>163</fpage>
                  <source>explicitly sexual sphere of female symbolism is here quite clearly and visibly rejected</source>
                  <year>1991</year>
               </mixed-citation>
            </p>
            <p>
               <mixed-citation id="d8341e1027" publication-type="other">
sec. 131</mixed-citation>
            </p>
            <p>
               <mixed-citation id="d8341e1033" publication-type="other">
sec. 181</mixed-citation>
            </p>
         </fn>
         <fn id="d8341e1040a1310">
            <label>30</label>
            <p>
               <mixed-citation id="d8341e1047" publication-type="other">
sec. 92</mixed-citation>
            </p>
            <p>
               <mixed-citation id="d8341e1053" publication-type="other">
note 42</mixed-citation>
            </p>
         </fn>
         <fn id="d8341e1061a1310">
            <label>31</label>
            <p>
               <mixed-citation id="d8341e1068" publication-type="other">
Pesiqta de-Rav Kahana (Mandelbaum 1962: 1: 3, 7)</mixed-citation>
            </p>
            <p>
               <mixed-citation id="d8341e1074" publication-type="other">
Shir ha-Shirim Rabbah 3:21</mixed-citation>
            </p>
            <p>
               <mixed-citation id="d8341e1080" publication-type="other">
Shemot
Rabbah 52:5</mixed-citation>
            </p>
            <p>
               <mixed-citation id="d8341e1090" publication-type="other">
Bemidbar Rabbah 12:8</mixed-citation>
            </p>
            <p>
               <mixed-citation id="d8341e1096" publication-type="other">
Midrash Tanhuma, Pequde, sec. 8, 133 (Buber 1946)</mixed-citation>
            </p>
         </fn>
         <fn id="d8341e1103a1310">
            <label>32</label>
            <p>
               <mixed-citation id="d8341e1110" publication-type="other">
Bahir (sec. 105)</mixed-citation>
            </p>
            <p>
               <mixed-citation id="d8341e1116" publication-type="other">
sec. 131</mixed-citation>
            </p>
            <p>
               <mixed-citation id="d8341e1122" publication-type="other">
Neumann 1963: 142, 197, 305-9, 332</mixed-citation>
            </p>
            <p>
               <mixed-citation id="d8341e1129" publication-type="other">
Kerényi 1967: 32-33, 130</mixed-citation>
            </p>
         </fn>
         <fn id="d8341e1136a1310">
            <label>33</label>
            <p>
               <mixed-citation id="d8341e1143" publication-type="other">
Bereshit Rabba (Albeck
and Theodor 1965: 14: 9, 132)</mixed-citation>
            </p>
         </fn>
         <fn id="d8341e1153a1310">
            <label>34</label>
            <p>
               <mixed-citation id="d8341e1162" publication-type="other">
Shemot Rabbah 33: 1</mixed-citation>
            </p>
            <p>
               <mixed-citation id="d8341e1168" publication-type="other">
Scholem
1923: 40 n. 2</mixed-citation>
            </p>
            <p>
               <mixed-citation id="d8341e1178" publication-type="other">
1987: 170</mixed-citation>
            </p>
            <p>
               <mixed-citation id="d8341e1184" publication-type="other">
Sefer ha-Bahir, sec. 54 n. 3</mixed-citation>
            </p>
            <p>
               <mixed-citation id="d8341e1190" publication-type="other">
E. Wolf-
son 1995b: 11-12</mixed-citation>
            </p>
            <p>
               <mixed-citation id="d8341e1199" publication-type="other">
Scholem 1991: 164</mixed-citation>
            </p>
         </fn>
         <fn id="d8341e1206a1310">
            <label>35</label>
            <p>
               <mixed-citation id="d8341e1213" publication-type="other">
Babylonian Talmud, Shavu'ot 35b</mixed-citation>
            </p>
            <p>
               <mixed-citation id="d8341e1219" publication-type="other">
Abrams 1994: 140</mixed-citation>
            </p>
            <p>
               <mixed-citation id="d8341e1225" publication-type="other">
E. Wolfson
1995a: 205 n. 71</mixed-citation>
            </p>
         </fn>
         <fn id="d8341e1235a1310">
            <label>36</label>
            <p>
               <mixed-citation id="d8341e1242" publication-type="book">
Ms. Munich, Bayerische Staatsbibliothek 209, folio 8b<person-group>
                     <string-name>
                        <surname>Munich</surname>
                     </string-name>
                  </person-group>
                  <source>Bayerische Staatsbibliothek 209</source>
               </mixed-citation>
            </p>
            <p>
               <mixed-citation id="d8341e1260" publication-type="other">
Abrams 1994:
142</mixed-citation>
            </p>
            <p>
               <mixed-citation id="d8341e1269" publication-type="book">
Scholem prefers this reading and sug-
gests that it was changed in later manuscripts because of the bold theological implication
regarding God's union with the feminine hokhmah (1987: 92)<fpage>92</fpage>
                  <source>Scholem prefers this reading and suggests that it was changed in later manuscripts because of the bold theological implication regarding God's union with the feminine hokhmah</source>
                  <year>1987</year>
               </mixed-citation>
            </p>
         </fn>
         <fn id="d8341e1293a1310">
            <label>37</label>
            <p>
               <mixed-citation id="d8341e1300" publication-type="other">
Stern (1991: 222)</mixed-citation>
            </p>
         </fn>
         <fn id="d8341e1307a1310">
            <label>38</label>
            <p>
               <mixed-citation id="d8341e1314" publication-type="other">
Sefer ha-Bahir sec. 50</mixed-citation>
            </p>
            <p>
               <mixed-citation id="d8341e1320" publication-type="other">
E. Wolfson
1995a: 209 n. 85</mixed-citation>
            </p>
         </fn>
         <fn id="d8341e1330a1310">
            <label>39</label>
            <p>
               <mixed-citation id="d8341e1337" publication-type="other">
Scholem 1987: 92</mixed-citation>
            </p>
            <p>
               <mixed-citation id="d8341e1343" publication-type="other">
secs. 3 and 65</mixed-citation>
            </p>
         </fn>
         <fn id="d8341e1350a1310">
            <label>40</label>
            <p>
               <mixed-citation id="d8341e1357" publication-type="other">
E. Wolfson 1995b: 70-71</mixed-citation>
            </p>
            <p>
               <mixed-citation id="d8341e1363" publication-type="other">
Sefer
ha-Bahir, sec. 5</mixed-citation>
            </p>
         </fn>
         <fn id="d8341e1373a1310">
            <label>41</label>
            <p>
               <mixed-citation id="d8341e1380" publication-type="other">
Sefer ha-Bahir, sec. 62</mixed-citation>
            </p>
            <p>
               <mixed-citation id="d8341e1386" publication-type="other">
Scholem 1991: 162</mixed-citation>
            </p>
            <p>
               <mixed-citation id="d8341e1392" publication-type="other">
duBois 1988: 39</mixed-citation>
            </p>
         </fn>
         <fn id="d8341e1399a1310">
            <label>64</label>
            <p>
               <mixed-citation id="d8341e1406" publication-type="other">
O'Flaherty 1980: 29-30</mixed-citation>
            </p>
         </fn>
         <fn id="d8341e1414a1310">
            <label>42</label>
            <p>
               <mixed-citation id="d8341e1421" publication-type="other">
Scholem 1991: 166-67</mixed-citation>
            </p>
         </fn>
         <fn id="d8341e1428a1310">
            <label>43</label>
            <p>
               <mixed-citation id="d8341e1435" publication-type="other">
Sefer ha-Bahir, secs. 95-96</mixed-citation>
            </p>
         </fn>
         <fn id="d8341e1442a1310">
            <label>44</label>
            <p>
               <mixed-citation id="d8341e1449" publication-type="other">
Scholem suggests that the twofold description of the one king who is wealthy but poor
signifies the active and passive elements in the Shekhinah (1991: 165)</mixed-citation>
            </p>
         </fn>
         <fn id="d8341e1459a1310">
            <label>45</label>
            <p>
               <mixed-citation id="d8341e1466" publication-type="other">
Schafer, Schleuter, and van Mutius
1981: secs. 440, 745</mixed-citation>
            </p>
            <p>
               <mixed-citation id="d8341e1475" publication-type="other">
Scholem 1987: 178-79</mixed-citation>
            </p>
            <p>
               <mixed-citation id="d8341e1481" publication-type="other">
1991: 173, 296 n. 59</mixed-citation>
            </p>
            <p>
               <mixed-citation id="d8341e1488" publication-type="book">
Sidre deShimusha Rabba weSidre Hekhalot, in A. Jellinek, Bet Midrash, previously
cited by Scholem (1923: 124 n. 2)<person-group>
                     <string-name>
                        <surname>Jellinek</surname>
                     </string-name>
                  </person-group>
                  <fpage>124</fpage>
                  <source>Sidre deShimusha Rabba weSidre Hekhalot</source>
                  <year>1923</year>
               </mixed-citation>
            </p>
         </fn>
         <fn id="d8341e1517a1310">
            <label>46</label>
            <p>
               <mixed-citation id="d8341e1524" publication-type="other">
Abrams 1994: 202</mixed-citation>
            </p>
            <p>
               <mixed-citation id="d8341e1530" publication-type="other">
Scholem 1987: 142</mixed-citation>
            </p>
         </fn>
         <fn id="d8341e1537a1310">
            <label>47</label>
            <p>
               <mixed-citation id="d8341e1544" publication-type="other">
Targum Onkelos and Targum Pseudo-Jonathan ad locum; Sifra, 'Emor, 16:4</mixed-citation>
            </p>
            <p>
               <mixed-citation id="d8341e1550" publication-type="book">
Leviti-
cus Rabbah 30:8<volume>30</volume>
                  <source>Leviticus Rabbah</source>
               </mixed-citation>
            </p>
            <p>
               <mixed-citation id="d8341e1565" publication-type="book">
Palestinian Talmud, Sukkah 3:7<person-group>
                     <string-name>
                        <surname>Talmud</surname>
                     </string-name>
                  </person-group>
                  <volume>3</volume>
                  <source>Sukkah</source>
               </mixed-citation>
            </p>
            <p>
               <mixed-citation id="d8341e1587" publication-type="other">
Babylonian Talmud, Sukkah 35a</mixed-citation>
            </p>
         </fn>
         <fn id="d8341e1595a1310">
            <label>48</label>
            <p>
               <mixed-citation id="d8341e1602" publication-type="other">
Scholem 1923: 126 n. 3</mixed-citation>
            </p>
            <p>
               <mixed-citation id="d8341e1608" publication-type="other">
Shekhinah (127
n. 1)</mixed-citation>
            </p>
            <p>
               <mixed-citation id="d8341e1617" publication-type="other">
sec. 78</mixed-citation>
            </p>
            <p>
               <mixed-citation id="d8341e1624" publication-type="other">
Genesis 24: 1</mixed-citation>
            </p>
            <p>
               <mixed-citation id="d8341e1630" publication-type="other">
E. Wolfson 1989: 134 n. 90, 144 n. 116, 166-67</mixed-citation>
            </p>
            <p>
               <mixed-citation id="d8341e1636" publication-type="other">
E. Wolfson 1995a: 63-88</mixed-citation>
            </p>
         </fn>
         <fn id="d8341e1643a1310">
            <label>49</label>
            <p>
               <mixed-citation id="d8341e1652" publication-type="other">
Sefer ha-Bahir, sec. 198</mixed-citation>
            </p>
            <p>
               <mixed-citation id="d8341e1658" publication-type="other">
Genesis 1:27</mixed-citation>
            </p>
         </fn>
         <fn id="d8341e1665a1310">
            <label>50</label>
            <p>
               <mixed-citation id="d8341e1672" publication-type="book">
Isaac's Perush Sefer Yesirah in Scholem 1970: 2 (appendix)<person-group>
                     <string-name>
                        <surname>Isaac</surname>
                     </string-name>
                  </person-group>
                  <volume>2</volume>
                  <source>Perush Sefer Yesirah in Scholem</source>
                  <year>1970</year>
               </mixed-citation>
            </p>
            <p>
               <mixed-citation id="d8341e1696" publication-type="book">
Asher ben David, Perush
Shem ha-Meforash, published by M. Hasidah in Ha-Segullah 1 (1934): 11<person-group>
                     <string-name>
                        <surname>David</surname>
                     </string-name>
                  </person-group>
                  <volume>1</volume>
                  <source>Perush Shem ha-Meforash, published</source>
                  <year>1934</year>
               </mixed-citation>
            </p>
            <p>
               <mixed-citation id="d8341e1724" publication-type="other">
Scholem 1970: 177</mixed-citation>
            </p>
            <p>
               <mixed-citation id="d8341e1731" publication-type="other">
Scholem 1948: 64-65</mixed-citation>
            </p>
            <p>
               <mixed-citation id="d8341e1737" publication-type="other">
1987: 209-11</mixed-citation>
            </p>
            <p>
               <mixed-citation id="d8341e1743" publication-type="other">
Idel 1981: 239</mixed-citation>
            </p>
            <p>
               <mixed-citation id="d8341e1749" publication-type="other">
Pedaya 1990</mixed-citation>
            </p>
         </fn>
         <fn id="d8341e1756a1310">
            <label>51</label>
            <p>
               <mixed-citation id="d8341e1763" publication-type="other">
Dan 1986</mixed-citation>
            </p>
            <p>
               <mixed-citation id="d8341e1769" publication-type="other">
Shokek 1991</mixed-citation>
            </p>
         </fn>
         <fn id="d8341e1776a1310">
            <label>52</label>
            <p>
               <mixed-citation id="d8341e1783" publication-type="other">
Sefer ha-Bahir,
secs. 135, 137, and 190</mixed-citation>
            </p>
         </fn>
         <fn id="d8341e1793a1310">
            <label>53</label>
            <p>
               <mixed-citation id="d8341e1800" publication-type="book">
Munich, Bayerische Staatsbibliothek 209, folio 26a<person-group>
                     <string-name>
                        <surname>Munich</surname>
                     </string-name>
                  </person-group>
                  <volume>209</volume>
                  <source>Bayerische Staatsbibliothek</source>
               </mixed-citation>
            </p>
            <p>
               <mixed-citation id="d8341e1821" publication-type="other">
Abrams 1994: 212</mixed-citation>
            </p>
         </fn>
      </fn-group>
      <ref-list>
         <title>References</title>
         <ref id="d8341e1837a1310">
            <mixed-citation id="d8341e1841" publication-type="book">
Abrams, Daniel
1994 The Book Bahir: An Edition Based on the Earliest Manuscripts (Los Angeles: Cherub Press).
Albeck, Chanoch, and Julius Theodor, eds.<person-group>
                  <string-name>
                     <surname>Abrams</surname>
                  </string-name>
               </person-group>
               <source>The Book Bahir: An Edition Based on the Earliest Manuscripts</source>
               <year>1994</year>
            </mixed-citation>
            <mixed-citation id="d8341e1869" publication-type="other">
1965 Bereshit Rabba (Jerusalem: Wahrmann Books).</mixed-citation>
         </ref>
         <ref id="d8341e1876a1310">
            <mixed-citation id="d8341e1880" publication-type="book">
Buber, Salomon, ed.
1946 Midrash Tanhuma' (New York: Sefer).<person-group>
                  <string-name>
                     <surname>Buber</surname>
                  </string-name>
               </person-group>
               <source>Midrash Tanhuma</source>
               <year>1946</year>
            </mixed-citation>
         </ref>
         <ref id="d8341e1905a1310">
            <mixed-citation id="d8341e1909" publication-type="book">
Dan, Joseph
1986 Jewish Mysticism and Jewish Ethics (Seattle: University of Washington Press).<person-group>
                  <string-name>
                     <surname>Dan</surname>
                  </string-name>
               </person-group>
               <source>Jewish Mysticism and Jewish Ethics (Seattle</source>
               <year>1986</year>
            </mixed-citation>
            <mixed-citation id="d8341e1933" publication-type="book">
1992-93 "Ashkenazi Hasidim and the Maimonidean Controversy," Maimonidean Studies 3:
29-47.<comment content-type="section">Ashkenazi Hasidim and the Maimonidean Controversy</comment>
               <fpage>29</fpage>
               <volume>3</volume>
               <source>Maimonidean Studies</source>
               <year>1993</year>
            </mixed-citation>
         </ref>
         <ref id="d8341e1959a1310">
            <mixed-citation id="d8341e1963" publication-type="book">
Derrida, Jacques
1992 Given Time: L Counterfeit Money, translated by Peggy Kamuf (Chicago: University of
Chicago Press).<person-group>
                  <string-name>
                     <surname>Derrida</surname>
                  </string-name>
               </person-group>
               <source>Given Time: L Counterfeit Money, translated</source>
               <year>1992</year>
            </mixed-citation>
            <mixed-citation id="d8341e1991" publication-type="book">
1995 The Gift of Death, translated by David Wills (Chicago: University of Chicago Press).<source>The Gift of Death, translated</source>
               <year>1995</year>
            </mixed-citation>
         </ref>
         <ref id="d8341e2005a1310">
            <mixed-citation id="d8341e2009" publication-type="book">
duBois, Page
1988 Sowing the Body: Psychoanalysis and Ancient Representations of Women (Chicago: Univer-
sity of Chicago Press).<person-group>
                  <string-name>
                     <surname>Dubois</surname>
                  </string-name>
               </person-group>
               <source>Sowing the Body: Psychoanalysis and Ancient Representations of Women</source>
               <year>1988</year>
            </mixed-citation>
         </ref>
         <ref id="d8341e2038a1310">
            <mixed-citation id="d8341e2042" publication-type="book">
Fox, Marvin
1990 Interpreting Maimonides: Studies in Methodology, Metaphysics, and Moral Philosophy (Chi-
cago: University of Chicago Press).<source>Interpreting Maimonides: Studies in Methodology, Metaphysics, and Moral Philosophy</source>
               <year>1990</year>
            </mixed-citation>
         </ref>
         <ref id="d8341e2061a1310">
            <mixed-citation id="d8341e2065" publication-type="book">
Good, Deirdre J.
1987 Reconstructing the Tradition of Sophia in Gnostic Literature (Atlanta, GA: Scholars Press).<person-group>
                  <string-name>
                     <surname>Good</surname>
                  </string-name>
               </person-group>
               <source>Reconstructing the Tradition of Sophia in Gnostic Literature</source>
               <year>1987</year>
            </mixed-citation>
         </ref>
         <ref id="d8341e2090a1310">
            <mixed-citation id="d8341e2094" publication-type="book">
Graetz, Heinrich
1894 History of the Jews. Vol. 3 (Philadelphia: Jewish Publication Society of America).<person-group>
                  <string-name>
                     <surname>Graetz</surname>
                  </string-name>
               </person-group>
               <volume>3</volume>
               <source>History of the Jews</source>
               <year>1894</year>
            </mixed-citation>
         </ref>
         <ref id="d8341e2123a1310">
            <mixed-citation id="d8341e2127" publication-type="book">
Green, Kenneth Hart
1993 Jew and Philosopher: The Return to Maimonides in the Jewish Thought of Leo Strauss (Albany:
State University of New York Press).<person-group>
                  <string-name>
                     <surname>Green</surname>
                  </string-name>
               </person-group>
               <source>Jew and Philosopher: The Return to Maimonides in the Jewish Thought of Leo Strauss</source>
               <year>1993</year>
            </mixed-citation>
         </ref>
         <ref id="d8341e2156a1310">
            <mixed-citation id="d8341e2160" publication-type="book">
Guttmann, Julius
1964 Philosophies of Judaism: The History of Jewish Philosophyfrom Biblical Times to Franz Rosen-
zweig, translated by David W. Silverman, introduction by R. J. Zwi Werblowsky (New
York: Holt, Rinehart and Winston).<person-group>
                  <string-name>
                     <surname>Guttmann</surname>
                  </string-name>
               </person-group>
               <source>Philosophies of Judaism: The History of Jewish Philosophyfrom Biblical Times to Franz Rosenzweig, translated</source>
               <year>1964</year>
            </mixed-citation>
         </ref>
         <ref id="d8341e2193a1310">
            <mixed-citation id="d8341e2197" publication-type="book">
Idel, Moshe
1981 "Ha-Sefirot sheme'al ha-Sefirot," Tarbiz 51: 239-80.<comment content-type="section">Ha-Sefirot sheme'al ha-Sefiro</comment>
               <source>Tarbiz</source>
               <year>1981</year>
            </mixed-citation>
            <mixed-citation id="d8341e2215" publication-type="book">
1988 Kabbalah: New Perspectives (New Haven, CT: Yale University Press).<source>Kabbalah: New Perspectives</source>
               <year>1988</year>
            </mixed-citation>
            <mixed-citation id="d8341e2227" publication-type="book">
1990 "Maimonides and Kabbalah," in Studies in Maimonides, edited by Isadore Twersky,
31-81 (Cambridge, MA: Harvard University Press).<comment content-type="section">Maimonides and Kabbalah</comment>
               <fpage>31</fpage>
               <source>Studies in Maimonides</source>
               <year>1990</year>
            </mixed-citation>
         </ref>
         <ref id="d8341e2250a1310">
            <mixed-citation id="d8341e2254" publication-type="book">
Jonas, Hans
1963 The Gnostic Religion: The Message of the Alien God and the Beginnings of Christianity (Bos-
ton: Beacon Press).<person-group>
                  <string-name>
                     <surname>Jonas</surname>
                  </string-name>
               </person-group>
               <source>The Gnostic Religion: The Message of the Alien God and the Beginnings of Christianity</source>
               <year>1963</year>
            </mixed-citation>
         </ref>
         <ref id="d8341e2283a1310">
            <mixed-citation id="d8341e2287" publication-type="book">
Kerenyi, Carl
1967 Eleusis: Archetypal Image of Mother andDaughter, translated by Ralph Manheim (Prince-
ton: Princeton University Press).<person-group>
                  <string-name>
                     <surname>Kerenyi</surname>
                  </string-name>
               </person-group>
               <source>Eleusis: Archetypal Image of Mother andDaughter, translated</source>
               <year>1967</year>
            </mixed-citation>
         </ref>
         <ref id="d8341e2316a1310">
            <mixed-citation id="d8341e2320" publication-type="book">
Langermann, Y. Tzvi
1995 "Yemenite Philosophical Midrash as a Source for the Intellectual History of the
Jews of Yemen," in The Jews of Medieval Islam: Community, Society, and Identity, edited by
Daniel Frank, 335-47 (Leiden: Brill).<person-group>
                  <string-name>
                     <surname>Langermann</surname>
                  </string-name>
               </person-group>
               <comment content-type="section">Yemenite Philosophical Midrash as a Source for the Intellectual History of the Jews of Yemen</comment>
               <fpage>335</fpage>
               <source>The Jews of Medieval Islam: Community, Society, and Identity</source>
               <year>1995</year>
            </mixed-citation>
         </ref>
         <ref id="d8341e2358a1310">
            <mixed-citation id="d8341e2362" publication-type="book">
Liebes, Yehuda
1976 Peraqim be-Millon Sefer ha-Zohar (Jerusalem: Akadamon).<person-group>
                  <string-name>
                     <surname>Liebes</surname>
                  </string-name>
               </person-group>
               <source>Peraqim be-Millon Sefer ha-Zohar</source>
               <year>1976</year>
            </mixed-citation>
            <mixed-citation id="d8341e2386" publication-type="book">
1993 Studies in Jewish Myth and Jewish Messianism, translated by Batya Stein (Albany: State
University of New York Press).<person-group>
                  <string-name>
                     <surname>Stein</surname>
                  </string-name>
               </person-group>
               <source>Studies in Jewish Myth and Jewish Messianism, translated</source>
               <year>1993</year>
            </mixed-citation>
         </ref>
         <ref id="d8341e2411a1310">
            <mixed-citation id="d8341e2415" publication-type="journal">
MacRae, George W.
1970 "The Jewish Background of the Gnostic Sophia Myth," Novum Testamentum 12: 86-
101.<object-id pub-id-type="doi">10.2307/1560039</object-id>
               <fpage>861</fpage>
            </mixed-citation>
         </ref>
         <ref id="d8341e2435a1310">
            <mixed-citation id="d8341e2439" publication-type="journal">
Mandelbaum, Bernard, ed.
1962 Pesiqta de-Rav Kahana (New York: Jewish Theological Seminary of America).<person-group>
                  <string-name>
                     <surname>Mandelbaum</surname>
                  </string-name>
               </person-group>
               <source>Pesiqta de-Rav Kahana</source>
               <year>1962</year>
            </mixed-citation>
         </ref>
         <ref id="d8341e2464a1310">
            <mixed-citation id="d8341e2468" publication-type="book">
Margaliot, Reuven, ed.
1978 Tiqqune Zohar (Jerusalem: Masod ha-Rav Kook).<person-group>
                  <string-name>
                     <surname>Margaliot</surname>
                  </string-name>
               </person-group>
               <source>Tiqqune Zohar</source>
               <year>1978</year>
            </mixed-citation>
         </ref>
         <ref id="d8341e2493a1310">
            <mixed-citation id="d8341e2497" publication-type="book">
Myers, David N.
1995 Re-Inventing the Jewish Past: European Jewish Intellectuals and the Zionist Return to History
(New York: Oxford University Press).<person-group>
                  <string-name>
                     <surname>Myers</surname>
                  </string-name>
               </person-group>
               <source>Re-Inventing the Jewish Past: European Jewish Intellectuals and the Zionist Return to History</source>
               <year>1995</year>
            </mixed-citation>
         </ref>
         <ref id="d8341e2526a1310">
            <mixed-citation id="d8341e2530" publication-type="book">
Neumann, Erich
1954 The Origins and History of Consciousness, translated by R. F. C. Hull (Princeton: Prince-
ton University Press).<person-group>
                  <string-name>
                     <surname>Neumann</surname>
                  </string-name>
               </person-group>
               <source>The Origins and History of Consciousness, translated</source>
               <year>1954</year>
            </mixed-citation>
            <mixed-citation id="d8341e2558" publication-type="book">
1963 The Great Mother: An Analysis of the Archetype, translated by Ralph Manheim (Prince-
ton: Princeton University Press).<source>The Great Mother: An Analysis of the Archetype, translated</source>
               <year>1963</year>
            </mixed-citation>
         </ref>
         <ref id="d8341e2574a1310">
            <mixed-citation id="d8341e2578" publication-type="book">
Neumark, David
1971 Toledot ha-Pilosofiyah be-Yisra'el, vol. 1 (Jerusalem: Maqor).<person-group>
                  <string-name>
                     <surname>Neumark</surname>
                  </string-name>
               </person-group>
               <volume>1</volume>
               <source>Toledot ha-Pilosofiyah be-Yisra'el</source>
               <year>1971</year>
            </mixed-citation>
         </ref>
         <ref id="d8341e2607a1310">
            <mixed-citation id="d8341e2611" publication-type="book">
O'Flaherty, Wendy Doniger
1980 Women, Androgynes, and Other Mythical Beasts (Chicago: University of Chicago Press).<person-group>
                  <string-name>
                     <surname>Flaherty</surname>
                  </string-name>
               </person-group>
               <source>Women, Androgynes, and Other Mythical Beasts</source>
               <year>1980</year>
            </mixed-citation>
         </ref>
         <ref id="d8341e2637a1310">
            <mixed-citation id="d8341e2641" publication-type="book">
Pedaya, Haviva
1990 "Shikhvat ha-Arikhah ha-Provansa'lit be-Sefer ha-Bahir," Jerusalem Studies in Jewish
Thought 9 (2): 139-64.<person-group>
                  <string-name>
                     <surname>Pedaya</surname>
                  </string-name>
               </person-group>
               <comment content-type="section">Shikhvat ha-Arikhah ha-Provansa'lit be-Sefer ha-Bahir</comment>
               <fpage>139</fpage>
               <volume>9</volume>
               <source>Jerusalem Studies in Jewish Thought</source>
               <year>1990</year>
            </mixed-citation>
         </ref>
         <ref id="d8341e2679a1310">
            <mixed-citation id="d8341e2683" publication-type="journal">
Polka, Brayton
1992 "Spinoza's Concept of Biblical Interpretation," The Journal of Jewish Thought and Phi-
losophy 2 (1): 19-44.<person-group>
                  <string-name>
                     <surname>Polka</surname>
                  </string-name>
               </person-group>
               <fpage>19</fpage>
               <volume>2</volume>
               <source>The Journal of Jewish Thought and Philosophy</source>
               <year>1992</year>
            </mixed-citation>
         </ref>
         <ref id="d8341e2718a1310">
            <mixed-citation id="d8341e2722" publication-type="journal">
Rudolph, Kurt
1980 "Sophia und Gnosis: Bemerkungen zum Problem 'Gnosis und Friihjudentum,' " in
Altes Testament, Friihjudentum, Gnosis, edited by K. W. Tréger, 220-37 (Berlin: Akademie).<person-group>
                  <string-name>
                     <surname>Polka</surname>
                  </string-name>
               </person-group>
               <fpage>19</fpage>
               <volume>2</volume>
               <source>The Journal of Jewish Thought and Philosophy</source>
               <year>1992</year>
            </mixed-citation>
         </ref>
         <ref id="d8341e2757a1310">
            <mixed-citation id="d8341e2761" publication-type="book">
Schafer, Peter, Margarete Schlueter, and Hans Georg van Mutius, eds.<person-group>
                  <string-name>
                     <surname>Rudolph</surname>
                  </string-name>
               </person-group>
               <comment content-type="section">Sophia und Gnosis: Bemerkungen zum Problem 'Gnosis und Friihjudentum</comment>
               <fpage>220</fpage>
               <source>Altes Testament, Friihjudentum, Gnosis, edited by K. W. Tréger</source>
               <year>1980</year>
            </mixed-citation>
            <mixed-citation id="d8341e2789" publication-type="book">
1981 Synopse zur Hekhalot-Literatur (Tübingen: J. C. B. Mohr).<source>Synopse zur Hekhalot-Literatur</source>
               <year>1981</year>
            </mixed-citation>
         </ref>
         <ref id="d8341e2802a1310">
            <mixed-citation id="d8341e2806" publication-type="book">
Scholem, Gershom
1923 Das Buch Bahir (Leipzig: W. Druglin).<person-group>
                  <string-name>
                     <surname>Scholem</surname>
                  </string-name>
               </person-group>
               <source>Das Buch Bahir</source>
               <year>1923</year>
            </mixed-citation>
            <mixed-citation id="d8341e2830" publication-type="book">
1948 Re'shit ha-Qabbalah (Tel-Aviv: Schocken Books).<source>Re'shit ha-Qabbalah</source>
               <year>1948</year>
            </mixed-citation>
            <mixed-citation id="d8341e2842" publication-type="book">
1954 Major Trends in Jewish Mysticism (New York: Schocken Books).<source>Major Trends in Jewish Mysticism</source>
               <year>1954</year>
            </mixed-citation>
            <mixed-citation id="d8341e2854" publication-type="book">
1969 On the Kabbalah and Its Symbolism, translated by Ralph Manheim (New York: Schocken
Books).<person-group>
                  <string-name>
                     <surname>Manheim</surname>
                  </string-name>
               </person-group>
               <source>On the Kabbalah and Its Symbolism</source>
               <year>1969</year>
            </mixed-citation>
            <mixed-citation id="d8341e2879" publication-type="book">
1970 Ha-Qabbalah be-Provans, edited by Rivka Schatz (Jerusalem: Akadamon).<person-group>
                  <string-name>
                     <surname>Schatz</surname>
                  </string-name>
               </person-group>
               <source>Ha-Qabbalah be-Provans</source>
               <year>1970</year>
            </mixed-citation>
            <mixed-citation id="d8341e2900" publication-type="book">
1974 Kabbalah (Jerusalem: Keter Publishing House).<source>Kabbalah</source>
               <year>1974</year>
            </mixed-citation>
            <mixed-citation id="d8341e2912" publication-type="book">
1987 Origins of the Kabbalah, edited by R. J. Zwi Werblowsky, translated by Allan Arkush
(Princeton: Princeton University Press).<person-group>
                  <string-name>
                     <surname>Werblowsky</surname>
                  </string-name>
               </person-group>
               <source>Origins of the Kabbalah</source>
               <year>1987</year>
            </mixed-citation>
            <mixed-citation id="d8341e2936" publication-type="book">
1991 On the Mystical Shape of the Godhead: Basic Concepts in the Kabbalah, translated by J. Neu-
groschel (New York: Schocken Books).<source>On the Mystical Shape of the Godhead: Basic Concepts in the Kabbalah</source>
               <year>1991</year>
            </mixed-citation>
         </ref>
         <ref id="d8341e2952a1310">
            <mixed-citation id="d8341e2956" publication-type="book">
Schweid, Eliezer
1985 Judaism and Mysticism According to Gershom Scholem: A Critical Analysis and Programmatic
Discussion, translated by David A. Weiner (Atlanta, GA: Scholars Press).<person-group>
                  <string-name>
                     <surname>Schweid</surname>
                  </string-name>
               </person-group>
               <source>Judaism and Mysticism According to Gershom Scholem: A Critical Analysis and Programmatic Discussion</source>
               <year>1985</year>
            </mixed-citation>
         </ref>
         <ref id="d8341e2986a1310">
            <mixed-citation id="d8341e2990" publication-type="book">
Septimus, Bernard
1982 Hispano-Jewish Culture in Transition: The Career and Controversies of Ramah (Cambridge,
MA: Harvard University Press).<person-group>
                  <string-name>
                     <surname>Septimus</surname>
                  </string-name>
               </person-group>
               <source>Hispano-Jewish Culture in Transition: The Career and Controversies of Ramah</source>
               <year>1982</year>
            </mixed-citation>
         </ref>
         <ref id="d8341e3019a1310">
            <mixed-citation id="d8341e3023" publication-type="book">
Shokek, Shimon
1991 Jewish Ethics and Jewish Mysticism in Sefer ha-Yashar (Lewiston: Edwin Mellen Press).
Silman, Yohanan<person-group>
                  <string-name>
                     <surname>Shokek</surname>
                  </string-name>
               </person-group>
               <source>Jewish Ethics and Jewish Mysticism in Sefer ha-Yashar</source>
               <year>1991</year>
            </mixed-citation>
            <mixed-citation id="d8341e3051" publication-type="book">
1995 Philosopher and Prophet: Judah Halevi, the Kuzari, and the Evolution of His Thought (Albany:
State University of New York Press).<source>Philosopher and Prophet: Judah Halevi, the Kuzari, and the Evolution of His Thought</source>
               <year>1995</year>
            </mixed-citation>
         </ref>
         <ref id="d8341e3067a1310">
            <mixed-citation id="d8341e3071" publication-type="book">
Silver, Daniel Jeremy
1965 Maimonidean Criticism and the Maimonidean Controversy, 1180-1240 (Leiden: Brill).<person-group>
                  <string-name>
                     <surname>Silver</surname>
                  </string-name>
               </person-group>
               <fpage>1180</fpage>
               <source>Maimonidean Criticism and the Maimonidean Controversy</source>
               <year>1965</year>
            </mixed-citation>
         </ref>
         <ref id="d8341e3100a1310">
            <mixed-citation id="d8341e3104" publication-type="book">
Stern, David
1991 Parables in Midrash: Narrative and Exegesis in Rabbinic Literature (Cambridge, MA: Har-
vard University Press).<person-group>
                  <string-name>
                     <surname>Stern</surname>
                  </string-name>
               </person-group>
               <source>Parables in Midrash: Narrative and Exegesis in Rabbinic Literature</source>
               <year>1991</year>
            </mixed-citation>
         </ref>
         <ref id="d8341e3133a1310">
            <mixed-citation id="d8341e3137" publication-type="book">
Strauss, Leo
1965 Spinoza's Critique of Religion (New York: Schocken Books).<person-group>
                  <string-name>
                     <surname>Strauss</surname>
                  </string-name>
               </person-group>
               <source>Spinoza's Critique of Religion</source>
               <year>1965</year>
            </mixed-citation>
            <mixed-citation id="d8341e3161" publication-type="book">
1988 Persecution and the Art of Writing (Chicago: University of Chicago Press).<source>Persecution and the Art of Writing</source>
               <year>1988</year>
            </mixed-citation>
            <mixed-citation id="d8341e3173" publication-type="book">
1995 Philosophy and Law: Contributions to the Understanding of Maimonides and His Predeces-
sors, translated with an introduction by Eve Adler (Albany: State University of New
York Press).<source>Philosophy and Law: Contributions to the Understanding of Maimonides and His Predecessors, translated with an introduction by Eve Adler</source>
               <year>1995</year>
            </mixed-citation>
         </ref>
         <ref id="d8341e3192a1310">
            <mixed-citation id="d8341e3196" publication-type="book">
Versluis, Arthur
1994 Theosophia: Hidden Dimensions of Christianity (New York: Lindisfarne Press).<person-group>
                  <string-name>
                     <surname>Versluis</surname>
                  </string-name>
               </person-group>
               <source>Theosophia: Hidden Dimensions of Christianity</source>
               <year>1994</year>
            </mixed-citation>
         </ref>
         <ref id="d8341e3222a1310">
            <mixed-citation id="d8341e3226" publication-type="journal">
Wolfson, Elliot R.
1989 "'By Way of Truth': Aspects of Nahmanides' Kabbalistic Hermeneutic," AJS Review
14: 103-78.<person-group>
                  <string-name>
                     <surname>Wolfson</surname>
                  </string-name>
               </person-group>
               <fpage>103</fpage>
               <volume>14</volume>
               <source>AJS</source>
               <year>1989</year>
            </mixed-citation>
            <mixed-citation id="d8341e3260" publication-type="journal">
1990-91 "Merkavah Traditions in Philosophical Garb: Judah Halevi Reconsidered," Pro-
ceedings of the American Academy for Jewish Research 57: 179-242.<fpage>179</fpage>
               <volume>57</volume>
               <source>Proceedings of the American Academy for Jewish Research</source>
               <year>1991</year>
            </mixed-citation>
            <mixed-citation id="d8341e3282" publication-type="book">
1994a Through a Speculum That Shines: Vision and Imagination in Medieval Jewish Mysticism
(Princeton: Princeton University Press).<source>Through a Speculum That Shines: Vision and Imagination in Medieval Jewish Mysticism</source>
               <year>1994</year>
            </mixed-citation>
            <mixed-citation id="d8341e3297" publication-type="book">
1994b "Woman -The Feminine as Other in Theosophic Kabbalah: Some Philosophical
Observations on the Divine Androgyne," in The Other in Jewish Thought and History: Con-
structions of Jewish Culture and Identity, edited by Laurence J. Silberstein and Robert L.
Cohn, 166-204 (New York: New York University Press).<comment content-type="section">Woman -The Feminine as Other in Theosophic Kabbalah: Some Philosophical Observations on the Divine Androgyne</comment>
               <source>The Other in Jewish Thought and History: Constructions of Jewish Culture and Identity</source>
               <year>1994</year>
            </mixed-citation>
            <mixed-citation id="d8341e3323" publication-type="book">
1995a Along the Path: Studies in Kabbalistic Myth, Symbolism, and Hermeneutics (Albany: State
University of New York Press).<source>Along the Path: Studies in Kabbalistic Myth, Symbolism, and Hermeneutics</source>
               <year>1995</year>
            </mixed-citation>
            <mixed-citation id="d8341e3338" publication-type="book">
1995b Circle in the Square: Studies in the Use of Gender in Kabbalistic Symbolism (Albany: State
University of New York Press).<source>Circle in the Square: Studies in the Use of Gender in Kabbalistic Symbolism</source>
               <year>1995</year>
            </mixed-citation>
         </ref>
         <ref id="d8341e3354a1310">
            <mixed-citation id="d8341e3358" publication-type="book">
Wolfson, Harry A.
1947 Philo: Foundations of Religious Philosophy in Judaism, Christianity, and Islam. Vol. 1 (Cam-
bridge, MA: Harvard University Press).<person-group>
                  <string-name>
                     <surname>Wolfson</surname>
                  </string-name>
               </person-group>
               <comment content-type="section">Philo: Foundations of Religious Philosophy</comment>
               <volume>1</volume>
               <source>Judaism, Christianity, and Islam</source>
               <year>1947</year>
            </mixed-citation>
            <mixed-citation id="d8341e3392" publication-type="book">
1965 Religious Philosophy: A Group of Essays (New York: Atheneum).<source>Religious Philosophy: A Group of Essays</source>
               <year>1965</year>
            </mixed-citation>
            <mixed-citation id="d8341e3404" publication-type="book">
1973 Studies in the History of Philosophy and Religion. Vol. 1, edited by Isadore Twersky and
George H. Williams (Cambridge, MA: Harvard University Press).<person-group>
                  <string-name>
                     <surname>Wolfson</surname>
                  </string-name>
               </person-group>
               <volume>1</volume>
               <source>Studies in the History of Philosophy and Religion</source>
               <year>1973</year>
            </mixed-citation>
            <mixed-citation id="d8341e3432" publication-type="book">
1977 Studies in the History of Philosophy and Religion. Vol. 2, edited by Isadore Twersky and
George H. Williams (Cambridge, MA: Harvard University Press).<person-group>
                  <string-name>
                     <surname>Wolfson</surname>
                  </string-name>
               </person-group>
               <volume>2</volume>
               <source>Studies in the History of Philosophy and Religion</source>
               <year>1977</year>
            </mixed-citation>
         </ref>
      </ref-list>
   </back>
</article>
