<article xmlns:xsi="http://www.w3.org/2001/XMLSchema-instance"
         xmlns:xlink="http://www.w3.org/1999/xlink"
         xmlns:mml="http://www.w3.org/1998/Math/MathML"
         dtd-version="1.0"
         article-type="research-article">
   <front>
      <journal-meta>
         <journal-id journal-id-type="jstor">poeticstoday</journal-id>
         <journal-id journal-id-type="jstor">j100659</journal-id>
         <journal-title-group>
            <journal-title>Poetics Today</journal-title>
         </journal-title-group>
         <publisher>
            <publisher-name>Duke University Press</publisher-name>
         </publisher>
         <issn pub-type="ppub">03335372</issn>
         <issn pub-type="epub">15275507</issn>
      </journal-meta>
      <article-meta>
         <article-id pub-id-type="doi">10.2307/1773129</article-id>
         <title-group>
            <article-title>Anoedipal Fiction: Schizoanalysis and the Black Dahlia</article-title>
         </title-group>
         <contrib-group>
            <contrib contrib-type="author">
               <string-name>
                  <given-names>D. S.</given-names>
                  <surname>Neff</surname>
               </string-name>
            </contrib>
         </contrib-group>
         <pub-date>
            <day>1</day>
            <month>10</month>
            <year>1997</year>
         </pub-date>
         <volume>18</volume>
         <issue>3</issue>
         <issue-id>i303114</issue-id>
         <fpage>301</fpage>
         <lpage>342</lpage>
         <page-range>301-342</page-range>
         <permissions>
            <copyright-statement>Copyright 1997 The Porter Institute for Poetics and Semiotics, Tel Aviv University</copyright-statement>
         </permissions>
         <self-uri xlink:href="http://www.jstor.org/stable/1773129"/>
         <abstract>
            <p> Oedipus-as myth, figure, and complex-has served capitalist defenders of detective fiction well. A promising, but rather unexpected, variant of Oedipal criticism is provided by Gilles Deleuze and Félix Guattari's schizoanalysis, a Nietzsche-inspired critique of Freud that moves beyond Erich Fromm and Wilhelm Reich to examine the systematic co-opting of the libido by a capitalism whose "first requirement," according to Guattari, is to "separate desire from work," and then to block "every approach to desire on the part of the worker" by "familialist castration [the Oedipus Complex] and the traps of consumerism, and so on; after which it is not hard to take possession of his labour-power." Deleuze and Guattari are particularly interested in what they call "minor" or "anoedipal" literature, which exposes an alliance between Freud and capitalism. James Ellroy's Black Dahlia (1987), the most recent attempt to "solve" in fiction the unsolved 1947 torture, mutilation, and murder of Elizabeth Short, is a vivid example of an "anoedipal" detective novel. Indeed, The Black Dahlia may be read as a relentless critique of mid-twentieth-century America that sees emotional devastation, racist paranoia, and familial psychosis as inevitable by-products of capitalism capitalizing on desire by way of the Oedipus Complex. </p>
         </abstract>
         <custom-meta-group>
            <custom-meta>
               <meta-name>lang</meta-name>
               <meta-value>eng</meta-value>
            </custom-meta>
         </custom-meta-group>
      </article-meta>
   </front>
   <back>
      <fn-group>
         <title>[Footnotes]</title>
         <fn id="d18209e199a1310">
            <label>1</label>
            <p>
               <mixed-citation id="d18209e206" publication-type="partial">
(1983 [1962]: 56-57, 61)</mixed-citation>
            </p>
         </fn>
         <fn id="d18209e213a1310">
            <label>2</label>
            <p>
               <mixed-citation id="d18209e220" publication-type="other">
Freud's most extended discussion of the primal scene may be found in 1918: 3-122</mixed-citation>
            </p>
            <p>
               <mixed-citation id="d18209e226" publication-type="other">
[1916-19171]: 358-77</mixed-citation>
            </p>
         </fn>
         <fn id="d18209e233a1310">
            <label>3</label>
            <p>
               <mixed-citation id="d18209e240" publication-type="book">
(1977 [1972]: 136-37)<fpage>136</fpage>
                  <source>Psychosis</source>
                  <year>1977</year>
               </mixed-citation>
            </p>
            <p>
               <mixed-citation id="d18209e255" publication-type="book">
Cooper
1967 for some background on antipsychiatry and schizophrenia  </mixed-citation>
            </p>
            <p>
               <mixed-citation id="d18209e266" publication-type="other">
Deleuze and Guattari's work may be
found in Girard 1978 [1972]: 84-120</mixed-citation>
            </p>
            <p>
               <mixed-citation id="d18209e276" publication-type="book">
Jameson 1981: 21-23  <fpage>21</fpage>
               </mixed-citation>
            </p>
            <p>
               <mixed-citation id="d18209e287" publication-type="book">
Wright 1984: 162-71  <fpage>162</fpage>
               </mixed-citation>
            </p>
            <p>
               <mixed-citation id="d18209e298" publication-type="book">
Jardine
1985: 208-23  <fpage>208</fpage>
               </mixed-citation>
            </p>
            <p>
               <mixed-citation id="d18209e312" publication-type="book">
Rudnytsky 1987: 338-44  <fpage>338</fpage>
               </mixed-citation>
            </p>
            <p>
               <mixed-citation id="d18209e323" publication-type="book">
Bogue 1989  </mixed-citation>
            </p>
            <p>
               <mixed-citation id="d18209e331" publication-type="book">
Kroker 1992  </mixed-citation>
            </p>
            <p>
               <mixed-citation id="d18209e340" publication-type="book">
Massumi 1992  </mixed-citation>
            </p>
            <p>
               <mixed-citation id="d18209e348" publication-type="journal">
Anti-Oedipus (vol. 2, no. 3
[1970])<issue>3</issue>
                  <volume>2</volume>
                  <source>Anti-Oedipus</source>
                  <year>1970</year>
               </mixed-citation>
            </p>
            <p>
               <mixed-citation id="d18209e370" publication-type="book">
SubStance on Deleuze (vol. 44/45 [1981)<volume>44</volume>
                  <source>SubStance on Deleuze</source>
                  <year>1981</year>
               </mixed-citation>
            </p>
         </fn>
         <fn id="d18209e386a1310">
            <label>4</label>
            <p>
               <mixed-citation id="d18209e393" publication-type="book">
Mark Seem, in his "Introduction" to Anti-Oedipus<person-group>
                     <string-name>
                        <surname>Seem</surname>
                     </string-name>
                  </person-group>
                  <comment content-type="section">Introduction</comment>
                  <source>Anti-Oedipus</source>
               </mixed-citation>
            </p>
            <p>
               <mixed-citation id="d18209e414" publication-type="book">
Deleuze and Guattari's debt to Nietzsche (1977: xv-xvii)<person-group>
                     <string-name>
                        <surname>Deleuze</surname>
                     </string-name>
                  </person-group>
                  <fpage>xv</fpage>
                  <source>Nietzsche</source>
                  <year>1977</year>
               </mixed-citation>
            </p>
            <p>
               <mixed-citation id="d18209e438" publication-type="book">
L'Anti-Oedipe<source>L'Anti-Oedipe</source>
               </mixed-citation>
            </p>
            <p>
               <mixed-citation id="d18209e448" publication-type="book">
Anti-Oedipus (1989: 83)<fpage>83</fpage>
                  <source>Anti-Oedipus</source>
                  <year>1989</year>
               </mixed-citation>
            </p>
         </fn>
         <fn id="d18209e465a1310">
            <label>5</label>
            <p>
               <mixed-citation id="d18209e472" publication-type="book">
Reich 1970 [19331  </mixed-citation>
            </p>
            <p>
               <mixed-citation id="d18209e480" publication-type="other">
(1977
[19721: 29-30, 118-19)</mixed-citation>
            </p>
            <p>
               <mixed-citation id="d18209e489" publication-type="book">
Chirot 1994  </mixed-citation>
            </p>
            <p>
               <mixed-citation id="d18209e498" publication-type="book">
La-
queur 1996  </mixed-citation>
            </p>
         </fn>
         <fn id="d18209e510a1310">
            <label>6</label>
            <p>
               <mixed-citation id="d18209e517" publication-type="book">
Dunne 1977  </mixed-citation>
            </p>
            <p>
               <mixed-citation id="d18209e525" publication-type="journal">
Hollywood Citizen News<source>Hollywood Citizen News</source>
               </mixed-citation>
            </p>
            <p>
               <mixed-citation id="d18209e534" publication-type="other">
(1995: 118-19)</mixed-citation>
            </p>
            <p>
               <mixed-citation id="d18209e541" publication-type="book">
The Black Dahlia<source>The Black Dahlia</source>
               </mixed-citation>
            </p>
            <p>
               <mixed-citation id="d18209e550" publication-type="book">
The Blue Dahlia<source>The Blue Dahlia</source>
               </mixed-citation>
            </p>
            <p>
               <mixed-citation id="d18209e559" publication-type="other">
Alan Ladd and Veronica Lake (1987: 94)</mixed-citation>
            </p>
            <p>
               <mixed-citation id="d18209e565" publication-type="book">
The Blue Dahlia<source>The Blue Dahlia</source>
               </mixed-citation>
            </p>
            <p>
               <mixed-citation id="d18209e574" publication-type="book">
Kenneth Anger suggests that Short's nickname "had derived from her lustrous black
hair, usually worn in a bouffant pompadour, and her habit of dressing in black sweaters and
slacks" (1984: 132)<person-group>
                     <string-name>
                        <surname>Anger</surname>
                     </string-name>
                  </person-group>
                  <fpage>132</fpage>
                  <source>Had Derived From Her Lustrous Black Hair, Usually Worn In A Bouffant Pompadour, And Her Habit Of Dressing In Black Sweaters And Slacks</source>
                  <year>1984</year>
               </mixed-citation>
            </p>
         </fn>
         <fn id="d18209e606a1310">
            <label>7</label>
            <p>
               <mixed-citation id="d18209e615" publication-type="other">
Jean Ellroy (1996: 100-109, 208-10)</mixed-citation>
            </p>
            <p>
               <mixed-citation id="d18209e621" publication-type="book">
Knowlton and Newton 1995: 162-201  <fpage>162</fpage>
               </mixed-citation>
            </p>
            <p>
               <mixed-citation id="d18209e633" publication-type="book">
Webb 1958  </mixed-citation>
            </p>
         </fn>
         <fn id="d18209e642a1310">
            <label>8</label>
            <p>
               <mixed-citation id="d18209e649" publication-type="book">
Dawkins 1989  </mixed-citation>
            </p>
            <p>
               <mixed-citation id="d18209e657" publication-type="book">
ibid.: 182  <fpage>182</fpage>
               </mixed-citation>
            </p>
            <p>
               <mixed-citation id="d18209e668" publication-type="other">
de Duve 1984: 148-66</mixed-citation>
            </p>
            <p>
               <mixed-citation id="d18209e675" publication-type="journal">
Grivell 1983  </mixed-citation>
            </p>
         </fn>
         <fn id="d18209e684a1310">
            <label>9</label>
            <p>
               <mixed-citation id="d18209e691" publication-type="other">
de Duve
1984: 24-40, 251-368, 385-407</mixed-citation>
            </p>
            <p>
               <mixed-citation id="d18209e700" publication-type="book">
Scott 1986: 25-112, 137-69  <fpage>25</fpage>
               </mixed-citation>
            </p>
         </fn>
         <fn id="d18209e712a1310">
            <label>10</label>
            <p>
               <mixed-citation id="d18209e719" publication-type="journal">
Karplus and McCammon 1986  </mixed-citation>
            </p>
         </fn>
         <fn id="d18209e729a1310">
            <label>11</label>
            <p>
               <mixed-citation id="d18209e736" publication-type="book">
Deleuze and Guattari (1977 [1972]: 171, 27on, 312)  <fpage>171</fpage>
               </mixed-citation>
            </p>
            <p>
               <mixed-citation id="d18209e747" publication-type="book">
Escape from
Freedom (1969 [1941])<source>Escape from Freedom</source>
                  <year>1969</year>
               </mixed-citation>
            </p>
            <p>
               <mixed-citation id="d18209e762" publication-type="book">
The Sane Society (1990 [1955])<source>The Sane Society</source>
                  <year>1990</year>
               </mixed-citation>
            </p>
         </fn>
         <fn id="d18209e775a1310">
            <label>12</label>
            <p>
               <mixed-citation id="d18209e784" publication-type="book">
Bateson 1972 [1956]  </mixed-citation>
            </p>
            <p>
               <mixed-citation id="d18209e792" publication-type="book">
ibid.: 201  <fpage>201</fpage>
               </mixed-citation>
            </p>
         </fn>
         <fn id="d18209e804a1310">
            <label>13</label>
            <p>
               <mixed-citation id="d18209e813" publication-type="book">
Arieti 1994 [1976]: 224-28,
244-46  <fpage>224</fpage>
               </mixed-citation>
            </p>
            <p>
               <mixed-citation id="d18209e827" publication-type="other">
1977 [1972]: 67</mixed-citation>
            </p>
            <p>
               <mixed-citation id="d18209e834" publication-type="other">
1991: 80</mixed-citation>
            </p>
         </fn>
         <fn id="d18209e841a1310">
            <label>15</label>
            <p>
               <mixed-citation id="d18209e848" publication-type="book">
BwOs because "it is in one and the same movement that the repres-
sive social production is replaced by the repressingfamily," the socius's "delegated agent of psychic
repression, or rather the agent delegated to psychic repression" (1977 [19721: 119)<person-group>
                     <string-name>
                        <surname>Bwos</surname>
                     </string-name>
                  </person-group>
                  <comment content-type="section">it is in one and the same movement that the repressive social production is replaced by the repressingfamily</comment>
                  <fpage>119</fpage>
                  <source>Delegated Agent Of Psychic Repression, Or Rather The Agent Delegated To Psychic Repression</source>
                  <year>1977</year>
               </mixed-citation>
            </p>
         </fn>
         <fn id="d18209e883a1310">
            <label>16</label>
            <p>
               <mixed-citation id="d18209e890" publication-type="book">
Richard Noll, in The Encyclopedia of Schizophrenia and the Psychotic Disorders, states that
Arieti (1914-1981)<person-group>
                     <string-name>
                        <surname>Noll</surname>
                     </string-name>
                  </person-group>
                  <source>The Encyclopedia of Schizophrenia and the Psychotic Disorders, states that Arieti</source>
                  <year>1981</year>
               </mixed-citation>
            </p>
            <p>
               <mixed-citation id="d18209e914" publication-type="book">
Eugen Bleuler's in 1911"
(1992: 18)<fpage>18</fpage>
                  <source>Eugen Bleuler's in 1911</source>
                  <year>1992</year>
               </mixed-citation>
            </p>
         </fn>
         <fn id="d18209e933a1310">
            <label>17</label>
            <p>
               <mixed-citation id="d18209e940" publication-type="book">
Hill 1983  </mixed-citation>
            </p>
            <p>
               <mixed-citation id="d18209e948" publication-type="book">
Modrow 1995  </mixed-citation>
            </p>
            <p>
               <mixed-citation id="d18209e956" publication-type="book">
Andreasen 1984  </mixed-citation>
            </p>
            <p>
               <mixed-citation id="d18209e965" publication-type="book">
Snyder 1986: 61-89  <fpage>61</fpage>
               </mixed-citation>
            </p>
            <p>
               <mixed-citation id="d18209e976" publication-type="book">
Patterson and Spohn 1988  </mixed-citation>
            </p>
            <p>
               <mixed-citation id="d18209e984" publication-type="book">
Posner and Raichle
1994: 212-17  <fpage>212</fpage>
               </mixed-citation>
            </p>
         </fn>
         <fn id="d18209e1000a1310">
            <label>18</label>
            <p>
               <mixed-citation id="d18209e1007" publication-type="book">
Scharff (1996)  </mixed-citation>
            </p>
         </fn>
         <fn id="d18209e1016a1310">
            <label>19</label>
            <p>
               <mixed-citation id="d18209e1023" publication-type="book">
Baker 1992: 46  <fpage>46</fpage>
               </mixed-citation>
            </p>
            <p>
               <mixed-citation id="d18209e1034" publication-type="book">
Life, Newsweek, and Time<source>Life, Newsweek, and Time</source>
               </mixed-citation>
            </p>
            <p>
               <mixed-citation id="d18209e1043" publication-type="book">
Novas 1994: 111-12, 128-29  <fpage>111</fpage>
               </mixed-citation>
            </p>
         </fn>
         <fn id="d18209e1055a1310">
            <label>20</label>
            <p>
               <mixed-citation id="d18209e1062" publication-type="book">
Fussell 1989: 115-29  <fpage>115</fpage>
               </mixed-citation>
            </p>
         </fn>
         <fn id="d18209e1074a1310">
            <label>21</label>
            <p>
               <mixed-citation id="d18209e1081" publication-type="book">
Thomas Sanchez 1978  </mixed-citation>
            </p>
         </fn>
         <fn id="d18209e1090a1310">
            <label>22</label>
            <p>
               <mixed-citation id="d18209e1097" publication-type="book">
Ellroy's Big Nowhere
(1988)<person-group>
                     <string-name>
                        <surname>Ellroy</surname>
                     </string-name>
                  </person-group>
                  <source>Big Nowhere</source>
                  <year>1988</year>
               </mixed-citation>
            </p>
            <p>
               <mixed-citation id="d18209e1121" publication-type="book">
Los Angeles Quartet<source>Los Angeles Quartet</source>
               </mixed-citation>
            </p>
            <p>
               <mixed-citation id="d18209e1130" publication-type="book">
Valdez's Zoot Suit (1992)<person-group>
                     <string-name>
                        <surname>Valdez</surname>
                     </string-name>
                  </person-group>
                  <source>Zoot Suit</source>
                  <year>1992</year>
               </mixed-citation>
            </p>
         </fn>
         <fn id="d18209e1152a1310">
            <label>23</label>
            <p>
               <mixed-citation id="d18209e1159" publication-type="book">
"'Zoot-Suit' Yokum" is reprinted and analyzed in Mazén 1984: 31-53<fpage>31</fpage>
                  <source>Zoot-Suit' Yokum</source>
                  <year>1984</year>
               </mixed-citation>
            </p>
         </fn>
         <fn id="d18209e1176a1310">
            <label>24</label>
            <p>
               <mixed-citation id="d18209e1183" publication-type="book">
Carey McWilliams asserts that "in Los Angeles, where fantasy is a way of life, it was a
foregone conclusion that the Mexicans would be substituted as the major scapegoat group
once the Japanese were removed" (quoted in Mazén 1984: 19).<person-group>
                     <string-name>
                        <surname>McWilliams</surname>
                     </string-name>
                  </person-group>
                  <fpage>19</fpage>
                  <source>In Los Angeles, Where Fantasy Is A Way Of Life, It Was A Foregone Conclusion That The Mexicans Would Be Substituted As The Major Scapegoat Group Once The Japanese Were Removed</source>
                  <year>1984</year>
               </mixed-citation>
            </p>
         </fn>
         <fn id="d18209e1215a1310">
            <label>25</label>
            <p>
               <mixed-citation id="d18209e1222" publication-type="book">
Poe 1978 [1841],
2: 527-37  <fpage>527</fpage>
               </mixed-citation>
            </p>
            <p>
               <mixed-citation id="d18209e1236" publication-type="book">
Arieti 1994 [19741]: 244  <fpage>244</fpage>
               </mixed-citation>
            </p>
            <p>
               <mixed-citation id="d18209e1247" publication-type="book">
Professor Moriarty, in The Val-
ley of Fear<person-group>
                     <string-name>
                        <surname>Moriarty</surname>
                     </string-name>
                  </person-group>
                  <source>The Valley of Fear</source>
               </mixed-citation>
            </p>
            <p>
               <mixed-citation id="d18209e1269" publication-type="book">
Doyle 1993 [1914-1915]: 6, 169  <fpage>169</fpage>
               </mixed-citation>
            </p>
            <p>
               <mixed-citation id="d18209e1280" publication-type="partial">
(1994 [19741]: 249)</mixed-citation>
            </p>
            <p>
               <mixed-citation id="d18209e1286" publication-type="book">
The Hound of the Baskervilles<source>The Hound of the Baskervilles</source>
               </mixed-citation>
            </p>
            <p>
               <mixed-citation id="d18209e1295" publication-type="book">
Doyle
1993 [1901]: 28  <fpage>28</fpage>
               </mixed-citation>
            </p>
            <p>
               <mixed-citation id="d18209e1309" publication-type="book">
Christie 1977 [1930]: 8, 17  <fpage>17</fpage>
               </mixed-citation>
            </p>
         </fn>
         <fn id="d18209e1321a1310">
            <label>27</label>
            <p>
               <mixed-citation id="d18209e1328" publication-type="book">
Alfred Hitchcock's Psycho<source>Alfred Hitchcock's Psycho</source>
               </mixed-citation>
            </p>
            <p>
               <mixed-citation id="d18209e1337" publication-type="book">
Schechter 1989: 206  <fpage>206</fpage>
               </mixed-citation>
            </p>
         </fn>
         <fn id="d18209e1349a1310">
            <label>28</label>
            <p>
               <mixed-citation id="d18209e1356" publication-type="book">
Bateson
1972 [19491  </mixed-citation>
            </p>
         </fn>
         <fn id="d18209e1368a1310">
            <label>29</label>
            <p>
               <mixed-citation id="d18209e1375" publication-type="book">
The Black Dahlia, Bucky does<source>The Black Dahlia, Bucky does</source>
               </mixed-citation>
            </p>
            <p>
               <mixed-citation id="d18209e1384" publication-type="other">
Ellroy 1987: 304</mixed-citation>
            </p>
         </fn>
      </fn-group>
      <ref-list>
         <title>References</title>
         <ref id="d18209e1400a1310">
            <mixed-citation id="d18209e1404" publication-type="book">
Andreasen, Nancy C.
1984 The Broken Brain: The Biological Revolution in Psychiatry (New York: Harper and Row).<person-group>
                  <string-name>
                     <surname>Andreasen</surname>
                  </string-name>
               </person-group>
               <source>The Broken Brain: The Biological Revolution in Psychiatry</source>
               <year>1984</year>
            </mixed-citation>
         </ref>
         <ref id="d18209e1429a1310">
            <mixed-citation id="d18209e1433" publication-type="book">
Anger, Kenneth
1984 Hollywood Babylon II (New York: New American Library).<person-group>
                  <string-name>
                     <surname>Anger</surname>
                  </string-name>
               </person-group>
               <source>Hollywood Babylon II</source>
               <year>1984</year>
            </mixed-citation>
         </ref>
         <ref id="d18209e1458a1310">
            <mixed-citation id="d18209e1462" publication-type="book">
Arieti, Silvano
1994 [1974] Interpretation of Schizophrenia, 2d ed. (Northvale, NJ: Jason Aronson).<person-group>
                  <string-name>
                     <surname>Arieti</surname>
                  </string-name>
               </person-group>
               <edition>2</edition>
               <source>Interpretation of Schizophrenia</source>
               <year>1994</year>
            </mixed-citation>
         </ref>
         <ref id="d18209e1491a1310">
            <mixed-citation id="d18209e1495" publication-type="book">
Baker, Patricia
1992 Fashions of a Decade: The 1940s (New York: Facts on File).<person-group>
                  <string-name>
                     <surname>Baker</surname>
                  </string-name>
               </person-group>
               <source>Fashions of a Decade: The 1940s</source>
               <year>1992</year>
            </mixed-citation>
         </ref>
         <ref id="d18209e1521a1310">
            <mixed-citation id="d18209e1525" publication-type="book">
Bateson, Gregory
1972 [1949] "Bali: The Value System of a Steady State," in Steps to an Ecology of Mind: Col-
lected Essays in Anthropology, Psychiatry, Evolution, and Epistemology, 107-27 (London: Inter-
text).<person-group>
                  <string-name>
                     <surname>Bateson</surname>
                  </string-name>
               </person-group>
               <comment content-type="section">Bali: The Value System of a Steady State</comment>
               <fpage>107</fpage>
               <source>Steps to an Ecology of Mind: Collected Essays in Anthropology, Psychiatry, Evolution, and Epistemology</source>
               <year>1972</year>
            </mixed-citation>
            <mixed-citation id="d18209e1562" publication-type="book">
1972 [1956] "Toward a Theory of Schizophrenia," in Steps to an Ecology of Mind: Collected
Essays in Anthropology, Psychiatry, Evolution, and Epistemology, 201-27 (London: Intertext).<comment content-type="section">Toward a Theory of Schizophrenia</comment>
               <fpage>201</fpage>
               <source>Steps to an Ecology of Mind: Collected Essays in Anthropology, Psychiatry, Evolution, and Epistemology</source>
               <year>1972</year>
            </mixed-citation>
         </ref>
         <ref id="d18209e1585a1310">
            <mixed-citation id="d18209e1589" publication-type="journal">
Bemporad, J. R.
1967 "Perceptual Disorders in Schizophrenia," American Journal of Psychiatry 123: 971-75<person-group>
                  <string-name>
                     <surname>Bemporad</surname>
                  </string-name>
               </person-group>
               <fpage>971</fpage>
               <volume>123</volume>
               <source>American Journal of Psychiatry</source>
               <year>1967</year>
            </mixed-citation>
         </ref>
         <ref id="d18209e1621a1310">
            <mixed-citation id="d18209e1625" publication-type="journal">
Bergler, Edmund
1945 "Mystery Fans and the Problem of 'Potential Murderers,' " American Journal of Ortho-
psychiatry 15: 309-17.<person-group>
                  <string-name>
                     <surname>Bergler</surname>
                  </string-name>
               </person-group>
               <fpage>309</fpage>
               <volume>15</volume>
               <source>American Journal of Orthopsychiatry</source>
               <year>1945</year>
            </mixed-citation>
         </ref>
         <ref id="d18209e1660a1310">
            <mixed-citation id="d18209e1664" publication-type="book">
Bogue, Ronald
1989 Deleuze and Guattari (New York: Routledge).<person-group>
                  <string-name>
                     <surname>Bogue</surname>
                  </string-name>
               </person-group>
               <source>Deleuze and Guattari</source>
               <year>1989</year>
            </mixed-citation>
         </ref>
         <ref id="d18209e1689a1310">
            <mixed-citation id="d18209e1693" publication-type="book">
Boisen, A. T.
1971 [1936] The Exploration of the Inner World: A Study of Mental Disorder and Religious Experi-
ence (Philadelphia: University of Pennsylvania Press).<person-group>
                  <string-name>
                     <surname>Boisen</surname>
                  </string-name>
               </person-group>
               <source>The Exploration of the Inner World: A Study of Mental Disorder and Religious Experience</source>
               <year>1971</year>
            </mixed-citation>
         </ref>
         <ref id="d18209e1722a1310">
            <mixed-citation id="d18209e1726" publication-type="journal">
Buxbaum, Edith
1941 "The Role of Detective Stories in a Child Analysis," Psychoanalytic Quarterly 10: 373-
81.<person-group>
                  <string-name>
                     <surname>Buxbaum</surname>
                  </string-name>
               </person-group>
               <fpage>373</fpage>
               <volume>10</volume>
               <source>Psychoanalytic Quarterly</source>
               <year>1941</year>
            </mixed-citation>
         </ref>
         <ref id="d18209e1762a1310">
            <mixed-citation id="d18209e1766" publication-type="book">
Chirot, Daniel
1994 Modern Tyrants: The Power and Prevalence of Evil in Our Age (New York: Free).<person-group>
                  <string-name>
                     <surname>Chirot</surname>
                  </string-name>
               </person-group>
               <source>Modern Tyrants: The Power and Prevalence of Evil in Our Age</source>
               <year>1994</year>
            </mixed-citation>
         </ref>
         <ref id="d18209e1791a1310">
            <mixed-citation id="d18209e1795" publication-type="book">
Christie, Agatha
1977 [1930] The Murder at the Vicarage (New York: Dodd, Mead).<person-group>
                  <string-name>
                     <surname>Christie</surname>
                  </string-name>
               </person-group>
               <source>The Murder at the Vicarage</source>
               <year>1977</year>
            </mixed-citation>
         </ref>
         <ref id="d18209e1820a1310">
            <mixed-citation id="d18209e1824" publication-type="book">
Cooper, David
1967 Psychiatry and Anti-Psychiatry (New York: Tavistock).<person-group>
                  <string-name>
                     <surname>Cooper</surname>
                  </string-name>
               </person-group>
               <source>Psychiatry and Anti-Psychiatry</source>
               <year>1967</year>
            </mixed-citation>
         </ref>
         <ref id="d18209e1849a1310">
            <mixed-citation id="d18209e1853" publication-type="book">
Davis, Mike
1992 [1990] City of Quartz: Excavating the Future in Los Angeles (New York: Vintage).<person-group>
                  <string-name>
                     <surname>Davis</surname>
                  </string-name>
               </person-group>
               <source>City of Quartz: Excavating the Future in Los Angeles</source>
               <year>1992</year>
            </mixed-citation>
         </ref>
         <ref id="d18209e1878a1310">
            <mixed-citation id="d18209e1882" publication-type="book">
Dawkins, Richard
1989 The Sefish Gene (New York: Oxford University Press).<person-group>
                  <string-name>
                     <surname>Dawkins</surname>
                  </string-name>
               </person-group>
               <source>The Sefish Gene</source>
               <year>1989</year>
            </mixed-citation>
         </ref>
         <ref id="d18209e1907a1310">
            <mixed-citation id="d18209e1911" publication-type="book">
Deleuze, Gilles, and Claire Parnet
1987 Dialogues, translated by Hugh Tomlinson and Barbara Habberjam (New York:
Columbia University Press).<person-group>
                  <string-name>
                     <surname>Deleuze</surname>
                  </string-name>
               </person-group>
               <source>Dialogues</source>
               <year>1987</year>
            </mixed-citation>
         </ref>
         <ref id="d18209e1941a1310">
            <mixed-citation id="d18209e1947" publication-type="book">
Deleuze, Gilles, and Fdlix Guattari
1977 [1972] Anti-Oedipus: Capitalism and Schizophrenia, translated by Robert Hurley, Mark
Seem, and Helen R. Lane (New York: Viking).<person-group>
                  <string-name>
                     <surname>Deleuze</surname>
                  </string-name>
               </person-group>
               <source>Anti-Oedipus: Capitalism and Schizophrenia</source>
               <year>1977</year>
            </mixed-citation>
            <mixed-citation id="d18209e1975" publication-type="book">
1986 [1975] KaJka: Toward a Minor Literature, translated by Dana Polan (Minneapolis: Uni-
versity of Minnesota Press).<person-group>
                  <string-name>
                     <surname>Polan</surname>
                  </string-name>
               </person-group>
               <source>KaJka: Toward a Minor Literature</source>
               <year>1986</year>
            </mixed-citation>
            <mixed-citation id="d18209e1999" publication-type="book">
1987 [1980] A Thousand Plateaus: Capitalism and Schizophrenia, translated by Brian Massumi
(Minneapolis: University of Minnesota Press).<person-group>
                  <string-name>
                     <surname>Massumi</surname>
                  </string-name>
               </person-group>
               <source>A Thousand Plateaus: Capitalism and Schizophrenia</source>
               <year>1987</year>
            </mixed-citation>
         </ref>
         <ref id="d18209e2024a1310">
            <mixed-citation id="d18209e2028" publication-type="book">
DeLillo, Don
1988 Libra (New York: Viking).<person-group>
                  <string-name>
                     <surname>Delillo</surname>
                  </string-name>
               </person-group>
               <source>Libra</source>
               <year>1988</year>
            </mixed-citation>
         </ref>
         <ref id="d18209e2053a1310">
            <mixed-citation id="d18209e2057" publication-type="book">
Derrida, Jacques
1987 [1975] "Le Facteur de la vérite," in The Post Card: From Socrates to Freud and Beyond,
translated by Alan Bass, 413-96 (Chicago: University of Chicago Press).<person-group>
                  <string-name>
                     <surname>Derrida</surname>
                  </string-name>
               </person-group>
               <comment content-type="section">Le Facteur de la vérite</comment>
               <fpage>413</fpage>
               <source>The Post Card: From Socrates to Freud and Beyond</source>
               <year>1987</year>
            </mixed-citation>
         </ref>
         <ref id="d18209e2092a1310">
            <mixed-citation id="d18209e2096" publication-type="journal">
Dougherty, Steve
1987 "The Nightmare of His Mother's Murder Is Echoed in James Ellroy's Grisly New
Novel, The Black Dahlia," People Weekly, December 14, 122-24.<person-group>
                  <string-name>
                     <surname>Dougherty</surname>
                  </string-name>
               </person-group>
               <issue>December 14</issue>
               <fpage>122</fpage>
               <source>People Weekly</source>
               <year>1987</year>
            </mixed-citation>
         </ref>
         <ref id="d18209e2131a1310">
            <mixed-citation id="d18209e2135" publication-type="book">
Doyle, Arthur Conan
1993 [1901] The Hound of the Baskervilles: Another Adventure of Sherlock Holmes, edited by W. W.
Robson (New York: Oxford University Press).<person-group>
                  <string-name>
                     <surname>Doyle</surname>
                  </string-name>
               </person-group>
               <source>The Hound of the Baskervilles: Another Adventure of Sherlock Holmes</source>
               <year>1993</year>
            </mixed-citation>
            <mixed-citation id="d18209e2163" publication-type="book">
1993 [1914-1915] The Valley of Fear, edited by Owen Dudley Edwards (New York: Oxford
University Press).<person-group>
                  <string-name>
                     <surname>Edwards</surname>
                  </string-name>
               </person-group>
               <source>The Valley of Fear</source>
               <year>1993</year>
            </mixed-citation>
         </ref>
         <ref id="d18209e2188a1310">
            <mixed-citation id="d18209e2192" publication-type="journal">
Drenth, J., J. N. Jansonius, R. Koekoek, H. M. Swen, and B. G. Wolthers
1968 "Structure of Papain," Nature 218: 929-32.<person-group>
                  <string-name>
                     <surname>Drenth</surname>
                  </string-name>
               </person-group>
               <fpage>929</fpage>
               <volume>218</volume>
               <source>Nature</source>
            </mixed-citation>
         </ref>
         <ref id="d18209e2222a1310">
            <mixed-citation id="d18209e2226" publication-type="book">
Dunne, John Gregory
1977 True Confessions (New York: Dutton).<person-group>
                  <string-name>
                     <surname>Dunne</surname>
                  </string-name>
               </person-group>
               <source>True Confessions</source>
               <year>1977</year>
            </mixed-citation>
         </ref>
         <ref id="d18209e2251a1310">
            <mixed-citation id="d18209e2255" publication-type="book">
Duve, Christian de
1984 A Guided Tour of the Living Cell, 2 vols. (New York: Scientific American Library).<person-group>
                  <string-name>
                     <surname>Duve</surname>
                  </string-name>
               </person-group>
               <source>A Guided Tour of the Living Cell</source>
               <year>1984</year>
            </mixed-citation>
         </ref>
         <ref id="d18209e2280a1310">
            <mixed-citation id="d18209e2284" publication-type="book">
Ehrenreich, Barbara, and Deirdre English
1978 For Her Own Good: 150 Years of the Experts' Advice to Women (New York: Double-
day/Anchor).<person-group>
                  <string-name>
                     <surname>Ehrenreich</surname>
                  </string-name>
               </person-group>
               <source>For Her Own Good: 150 Years of the Experts' Advice to Women</source>
               <year>1978</year>
            </mixed-citation>
         </ref>
         <ref id="d18209e2313a1310">
            <mixed-citation id="d18209e2317" publication-type="journal">
Ekstein, Rudolf, and Seymour W. Friedman
1959 "The Function of Acting Out, Play Action and Play Acting in the Psychotherapeutic
Process," Journal of the American Psychoanalytic Association 7: 581-629.<person-group>
                  <string-name>
                     <surname>Ekstein</surname>
                  </string-name>
               </person-group>
               <fpage>581</fpage>
               <volume>7</volume>
               <source>Journal of the American Psychoanalytic Association</source>
               <year>1959</year>
            </mixed-citation>
         </ref>
         <ref id="d18209e2352a1310">
            <mixed-citation id="d18209e2356" publication-type="book">
Ellroy, James
1981 Brown's Requiem (New York: Avon).<person-group>
                  <string-name>
                     <surname>Ellroy</surname>
                  </string-name>
               </person-group>
               <source>Brown's Requiem</source>
               <year>1981</year>
            </mixed-citation>
            <mixed-citation id="d18209e2380" publication-type="book">
1982 Clandestine (New York: Avon).<source>Clandestine</source>
               <year>1982</year>
            </mixed-citation>
            <mixed-citation id="d18209e2392" publication-type="book">
1985 [1984] Blood on the Moon (New York: Avon).<source>Blood on the Moon</source>
               <year>1985</year>
            </mixed-citation>
            <mixed-citation id="d18209e2404" publication-type="book">
1986 Killer on the Road [originally published as Silent Terror] (New York: Avon).<source>Killer on the Road</source>
               <year>1986</year>
            </mixed-citation>
            <mixed-citation id="d18209e2417" publication-type="book">
1987 [1984] Because the Night (New York: Avon).<source>Because the Night</source>
               <year>1987</year>
            </mixed-citation>
            <mixed-citation id="d18209e2429" publication-type="book">
1987 The Black Dahlia (New York: Mysterious).<source>The Black Dahlia</source>
               <year>1987</year>
            </mixed-citation>
            <mixed-citation id="d18209e2441" publication-type="book">
1988 The Big Nowhere (New York: Mysterious).<source>The Big Nowhere</source>
               <year>1988</year>
            </mixed-citation>
            <mixed-citation id="d18209e2453" publication-type="book">
1989 [1986] Suicide Hill (New York: Mysterious).<source>Suicide Hill</source>
               <year>1989</year>
            </mixed-citation>
            <mixed-citation id="d18209e2465" publication-type="book">
1990 L.A. Confidential (New York: Mysterious).<source>L.A. Confidential</source>
               <year>1990</year>
            </mixed-citation>
            <mixed-citation id="d18209e2477" publication-type="book">
1992 White Jazz (New York: Knopf).<source>White Jazz</source>
               <year>1992</year>
            </mixed-citation>
            <mixed-citation id="d18209e2490" publication-type="book">
1995 American Tabloid (New York: Knopf).<source>American Tabloid</source>
               <year>1995</year>
            </mixed-citation>
            <mixed-citation id="d18209e2502" publication-type="book">
1996 My Dark Places: An L.A. Crime Memoir (New York: Knopf).<source>My Dark Places: An L.A. Crime Memoir</source>
               <year>1996</year>
            </mixed-citation>
         </ref>
         <ref id="d18209e2515a1310">
            <mixed-citation id="d18209e2519" publication-type="book">
Freud, Sigmund
1918 From the History of an Infantile Neurosis, in The Standard Edition of the Complete Psycho-
logical Works of Sigmund Freud, edited and translated by James Strachey, vol. 17, 3-123
(London: Hogarth).<person-group>
                  <string-name>
                     <surname>Freud</surname>
                  </string-name>
               </person-group>
               <fpage>3</fpage>
               <volume>17</volume>
               <source>From the History of an Infantile Neurosis, in The Standard Edition of the Complete Psychological Works of Sigmund Freud</source>
               <year>1918</year>
            </mixed-citation>
            <mixed-citation id="d18209e2556" publication-type="book">
1923 The Ego and the Id, in Standard Edition, vol. 19, 3-66.<fpage>3</fpage>
               <volume>19</volume>
               <source>The Ego and the Id, in Standard Edition</source>
               <year>1923</year>
            </mixed-citation>
            <mixed-citation id="d18209e2574" publication-type="book">
1963 [1916-1917] The Introductory Lectures on Psycho-Analysis, in Standard Edition, vols. 15-16.<volume>15</volume>
               <source>The Introductory Lectures on Psycho-Analysis</source>
               <year>1963</year>
            </mixed-citation>
         </ref>
         <ref id="d18209e2591a1310">
            <mixed-citation id="d18209e2595" publication-type="book">
Fromm, Erich
1969 [1941] Escapefrom Freedom (New York: Avon).<person-group>
                  <string-name>
                     <surname>Fromm</surname>
                  </string-name>
               </person-group>
               <source>Escapefrom Freedom</source>
               <year>1969</year>
            </mixed-citation>
            <mixed-citation id="d18209e2619" publication-type="book">
1990 [1955] The Sane Society (New York: Henry Holt).<source>The Sane Society</source>
               <year>1990</year>
            </mixed-citation>
         </ref>
         <ref id="d18209e2632a1310">
            <mixed-citation id="d18209e2636" publication-type="book">
Fussell, Paul
1989 Wartime: Understanding and Behavior in the Second World War (New York: Oxford Uni-
versity Press).<person-group>
                  <string-name>
                     <surname>Fussell</surname>
                  </string-name>
               </person-group>
               <source>Wartime: Understanding and Behavior in the Second World War</source>
               <year>1989</year>
            </mixed-citation>
         </ref>
         <ref id="d18209e2665a1310">
            <mixed-citation id="d18209e2669" publication-type="book">
Girard, Rene
1965 [1961] Deceit, Desire, and the Novel: Self and Other in Literary Structure, translated by
Yvonne Freccero (Baltimore: Johns Hopkins University Press).<person-group>
                  <string-name>
                     <surname>Girard</surname>
                  </string-name>
               </person-group>
               <source>Novel: Self and Other in Literary Structure</source>
               <year>1965</year>
            </mixed-citation>
            <mixed-citation id="d18209e2697" publication-type="book">
1977 [1972] Violence and the Sacred, translated by Patrick Gregory (Baltimore: Johns Hop-
kins University Press).<person-group>
                  <string-name>
                     <surname>Gregory</surname>
                  </string-name>
               </person-group>
               <source>Violence and the Sacred</source>
               <year>1977</year>
            </mixed-citation>
            <mixed-citation id="d18209e2721" publication-type="book">
1978 [1972] "Delirium as System," in "To Double Business Bound": Essays on Literature, Mime-
sis, and Anthropology, translated by Paisley N. Livingstone and Tobin Siebers, 84-120
(Baltimore: Johns Hopkins University Press).<person-group>
                  <string-name>
                     <surname>Livingstone</surname>
                  </string-name>
               </person-group>
               <comment content-type="section">Delirium as System</comment>
               <source>To Double Business Bound": Essays on Literature, Mimesis, and Anthropology</source>
               <year>1978</year>
            </mixed-citation>
         </ref>
         <ref id="d18209e2753a1310">
            <mixed-citation id="d18209e2757" publication-type="book">
Gottesman, Irving I.
1991 Schizophrenia Genesis: The Origins of Madness (New York: W. H. Freeman).<person-group>
                  <string-name>
                     <surname>Gottesman</surname>
                  </string-name>
               </person-group>
               <source>Schizophrenia Genesis: The Origins of Madness</source>
               <year>1991</year>
            </mixed-citation>
         </ref>
         <ref id="d18209e2782a1310">
            <mixed-citation id="d18209e2786" publication-type="journal">
Gray, Paul
1995 "The Real Pulp Fiction," Time, April 10, 75-76.<person-group>
                  <string-name>
                     <surname>Gray</surname>
                  </string-name>
               </person-group>
               <issue>April 10</issue>
               <fpage>75</fpage>
               <source>Time</source>
               <year>1995</year>
            </mixed-citation>
         </ref>
         <ref id="d18209e2818a1310">
            <mixed-citation id="d18209e2822" publication-type="journal">
Grivell, Leslie A.
1983 "Mitochondrial DNA," Scientific American, March, 78-89.<person-group>
                  <string-name>
                     <surname>Grivell</surname>
                  </string-name>
               </person-group>
               <issue>March</issue>
               <fpage>78</fpage>
               <source>Scientific American</source>
               <year>1983</year>
            </mixed-citation>
         </ref>
         <ref id="d18209e2855a1310">
            <mixed-citation id="d18209e2859" publication-type="book">
Guattari, Felix
1984 [1977] Molecular Revolution: Psychiatry and Politics, translated by Rosemary Sheed (New
York: Penguin).<person-group>
                  <string-name>
                     <surname>Guattari</surname>
                  </string-name>
               </person-group>
               <source>Molecular Revolution: Psychiatry and Politics</source>
               <year>1984</year>
            </mixed-citation>
         </ref>
         <ref id="d18209e2888a1310">
            <mixed-citation id="d18209e2892" publication-type="book">
Hartman, Geoffrey H.
1975 "Literature High and Low: The Case of the Mystery Story," in The Fate of Reading
and Other Essays, 203-22 (Chicago: University of Chicago Press).<person-group>
                  <string-name>
                     <surname>Hartman</surname>
                  </string-name>
               </person-group>
               <comment content-type="section">Literature High and Low: The Case of the Mystery Story</comment>
               <fpage>203</fpage>
               <source>The Fate of Reading and Other Essays</source>
               <year>1975</year>
            </mixed-citation>
         </ref>
         <ref id="d18209e2927a1310">
            <mixed-citation id="d18209e2931" publication-type="book">
Hill, David
1983 The Politics of Schizophrenia: Psychiatric Oppression in the United States (New York: Uni-
versity Press of America).<person-group>
                  <string-name>
                     <surname>Hill</surname>
                  </string-name>
               </person-group>
               <source>The Politics of Schizophrenia: Psychiatric Oppression in the United States</source>
               <year>1983</year>
            </mixed-citation>
         </ref>
         <ref id="d18209e2960a1310">
            <mixed-citation id="d18209e2964" publication-type="book">
Hosokawa, Bill
1969 Nisei: The Quiet Americans (New York: Morrow).<person-group>
                  <string-name>
                     <surname>Hosokawa</surname>
                  </string-name>
               </person-group>
               <source>Nisei: The Quiet Americans</source>
               <year>1969</year>
            </mixed-citation>
         </ref>
         <ref id="d18209e2989a1310">
            <mixed-citation id="d18209e2993" publication-type="journal">
Hugo, Victor
1911 [1869] The Man Who Laughs, in Works of Victor Hugo, 6: 1.1-294, 2.1-316 (New York:
Chesterfield Society).<person-group>
                  <string-name>
                     <surname>Hugo</surname>
                  </string-name>
               </person-group>
               <issue>1</issue>
               <fpage>1</fpage>
               <volume>6</volume>
               <source>Works of Victor Hugo</source>
               <year>1911</year>
            </mixed-citation>
         </ref>
         <ref id="d18209e3031a1310">
            <mixed-citation id="d18209e3035" publication-type="book">
Hutcheon, Linda
1990 [1988] A Poetics of Postmodernism: History, Theory, Fiction (New York: Routledge).<person-group>
                  <string-name>
                     <surname>Hutcheon</surname>
                  </string-name>
               </person-group>
               <source>A Poetics of Postmodernism: History, Theory, Fiction</source>
               <year>1990</year>
            </mixed-citation>
         </ref>
         <ref id="d18209e3061a1310">
            <mixed-citation id="d18209e3065" publication-type="journal">
Hutter, Albert D.
1975 "Dreams, Transformations, and Literature: The Implications of Detective Fiction,"
Victorian Studies 19: 181-209.<person-group>
                  <string-name>
                     <surname>Hutter</surname>
                  </string-name>
               </person-group>
               <fpage>181</fpage>
               <volume>19</volume>
               <source>Victorian Studies</source>
               <year>1975</year>
            </mixed-citation>
         </ref>
         <ref id="d18209e3100a1310">
            <mixed-citation id="d18209e3104" publication-type="book">
Jameson, Fredric
1981 The Political Unconscious: Narrative as a Socially Symbolic Act (Ithaca, NY: Cornell Uni-
versity Press).<person-group>
                  <string-name>
                     <surname>Jameson</surname>
                  </string-name>
               </person-group>
               <source>The Political Unconscious: Narrative as a Socially Symbolic Act</source>
               <year>1981</year>
            </mixed-citation>
         </ref>
         <ref id="d18209e3133a1310">
            <mixed-citation id="d18209e3137" publication-type="book">
Jardine, Alice A.
1985 Gynesis: Configurations of Woman and Modernity (Ithaca, NY: Cornell University Press).<person-group>
                  <string-name>
                     <surname>Jardine</surname>
                  </string-name>
               </person-group>
               <source>Gynesis: Configurations of Woman and Modernity</source>
               <year>1985</year>
            </mixed-citation>
         </ref>
         <ref id="d18209e3162a1310">
            <mixed-citation id="d18209e3166" publication-type="book">
Johnson, Barbara
1982 "The Frame of Reference: Poe, Lacan, Derrida," in Literature and Psychoanalysis: The
Question of Reading, Otherwise, edited by Shoshana Felman, 457-505 (Baltimore: Johns
Hopkins University Press).<person-group>
                  <string-name>
                     <surname>Johnson</surname>
                  </string-name>
               </person-group>
               <comment content-type="section">The Frame of Reference: Poe, Lacan, Derrida</comment>
               <fpage>457</fpage>
               <source>Literature and Psychoanalysis: The Question of Reading, Otherwise</source>
               <year>1982</year>
            </mixed-citation>
         </ref>
         <ref id="d18209e3204a1310">
            <mixed-citation id="d18209e3208" publication-type="book">
Johnson, Stephen M.
1994 Character Styles (New York: Norton).<person-group>
                  <string-name>
                     <surname>Johnson</surname>
                  </string-name>
               </person-group>
               <source>Character Styles</source>
               <year>1994</year>
            </mixed-citation>
         </ref>
         <ref id="d18209e3233a1310">
            <mixed-citation id="d18209e3237" publication-type="book">
Kaemmel, Ernst
1983 [1962] "Literature under the Table: The Detective Novel and Its Social Mission,"
translated by Glenn W. Most, in The Poetics of Murder: Detective Fiction and Literary Theory,
edited by Glenn W. Most and William W. Stowe, 55-61 (New York: Harcourt Brace
Jovanovich).<person-group>
                  <string-name>
                     <surname>Kaemmel</surname>
                  </string-name>
               </person-group>
               <comment content-type="section">Literature under the Table: The Detective Novel and Its Social Mission</comment>
               <fpage>55</fpage>
               <source>The Poetics of Murder: Detective Fiction and Literary Theory</source>
               <year>1983</year>
            </mixed-citation>
         </ref>
         <ref id="d18209e3279a1310">
            <mixed-citation id="d18209e3283" publication-type="journal">
Karplus, Martin, and J. Andrew McCammon
1986 "The Dynamics of Proteins," Scientific American, April, 42-51.<person-group>
                  <string-name>
                     <surname>Karplus</surname>
                  </string-name>
               </person-group>
               <issue>April</issue>
               <fpage>42</fpage>
               <source>Scientific American</source>
               <year>1986</year>
            </mixed-citation>
         </ref>
         <ref id="d18209e3315a1310">
            <mixed-citation id="d18209e3319" publication-type="book">
Knowlton, Janice, with Michael Newton
1995 Daddy Was the Black Dahlia Killer (New York: Pocket).<person-group>
                  <string-name>
                     <surname>Knowlton</surname>
                  </string-name>
               </person-group>
               <source>Daddy Was the Black Dahlia Killer</source>
               <year>1995</year>
            </mixed-citation>
         </ref>
         <ref id="d18209e3344a1310">
            <mixed-citation id="d18209e3348" publication-type="book">
Kroker, Arthur
1992 The Possessed Individual: Technology and the French Postmodern (New York: St. Martin's).<person-group>
                  <string-name>
                     <surname>Kroker</surname>
                  </string-name>
               </person-group>
               <source>The Possessed Individual: Technology and the French Postmodern</source>
               <year>1992</year>
            </mixed-citation>
         </ref>
         <ref id="d18209e3373a1310">
            <mixed-citation id="d18209e3377" publication-type="journal">
Lacan, Jacques
1972 [1966] "Seminar on 'The Purloined Letter,' " translated by Jeffrey Mehlman, Yale
French Studies 48: 38-72.<person-group>
                  <string-name>
                     <surname>Lacan</surname>
                  </string-name>
               </person-group>
               <fpage>38</fpage>
               <volume>48</volume>
               <source>Yale French Studies</source>
               <year>1966</year>
            </mixed-citation>
         </ref>
         <ref id="d18209e3412a1310">
            <mixed-citation id="d18209e3416" publication-type="book">
Laing, R. D.
1971 [1967] The Politics of Experience (New York: Ballantine).<person-group>
                  <string-name>
                     <surname>Laing</surname>
                  </string-name>
               </person-group>
               <source>The Politics of Experience</source>
               <year>1971</year>
            </mixed-citation>
         </ref>
         <ref id="d18209e3441a1310">
            <mixed-citation id="d18209e3445" publication-type="book">
Laqueur, Walter
1996 Fascism: Past, Present, Future (New York: Oxford University Press).<person-group>
                  <string-name>
                     <surname>Laqueur</surname>
                  </string-name>
               </person-group>
               <source>Fascism: Past, Present, Future</source>
               <year>1996</year>
            </mixed-citation>
         </ref>
         <ref id="d18209e3471a1310">
            <mixed-citation id="d18209e3475" publication-type="journal">
Lawson, Lewis A.
1963 "Wilkie Collins and The Moonstone," American Imago 20: 61-79.<person-group>
                  <string-name>
                     <surname>Lawson</surname>
                  </string-name>
               </person-group>
               <fpage>61</fpage>
               <volume>20</volume>
               <source>American Imago</source>
               <year>1963</year>
            </mixed-citation>
         </ref>
         <ref id="d18209e3507a1310">
            <mixed-citation id="d18209e3511" publication-type="book">
Mailer, Norman
1995 Oswald's Tale: An American Mystery (New York: Random House).<person-group>
                  <string-name>
                     <surname>Mailer</surname>
                  </string-name>
               </person-group>
               <source>Tale: An American Mystery</source>
               <year>1995</year>
            </mixed-citation>
         </ref>
         <ref id="d18209e3536a1310">
            <mixed-citation id="d18209e3540" publication-type="book">
Massumi, Brian
1992 A User's Guide to Capitalism and Schizophrenia: Deviationsfrom Deleuze and Guattari (Cam-
bridge, MA: MIT Press).<person-group>
                  <string-name>
                     <surname>Massumi</surname>
                  </string-name>
               </person-group>
               <source>Capitalism and Schizophrenia: Deviationsfrom Deleuze and Guattari</source>
               <year>1992</year>
            </mixed-citation>
         </ref>
         <ref id="d18209e3569a1310">
            <mixed-citation id="d18209e3573" publication-type="book">
Mazén, Mauricio
1984 The Zoot-Suit Riots: The Psychology of Symbolic Annihilation (Austin: University of Texas
Press).<person-group>
                  <string-name>
                     <surname>Mazén</surname>
                  </string-name>
               </person-group>
               <source>The Zoot-Suit Riots: The Psychology of Symbolic Annihilation</source>
               <year>1984</year>
            </mixed-citation>
         </ref>
         <ref id="d18209e3602a1310">
            <mixed-citation id="d18209e3606" publication-type="journal">
Meeks, Fleming
1990 "Interview with James Ellroy," Publishers Weekly, June 15, 53-54.<person-group>
                  <string-name>
                     <surname>Meeks</surname>
                  </string-name>
               </person-group>
               <issue>June 15</issue>
               <fpage>53</fpage>
               <source>Publishers Weekly</source>
               <year>1990</year>
            </mixed-citation>
         </ref>
         <ref id="d18209e3638a1310">
            <mixed-citation id="d18209e3642" publication-type="book">
Meier, Matt S., and Feliciano Rivera
1972 The Chicanos: A History of Mexican Americans (New York: Hill and Wang).<person-group>
                  <string-name>
                     <surname>Meier</surname>
                  </string-name>
               </person-group>
               <source>The Chicanos: A History of Mexican Americans</source>
               <year>1972</year>
            </mixed-citation>
         </ref>
         <ref id="d18209e3668a1310">
            <mixed-citation id="d18209e3672" publication-type="book">
Mintz, Steven, and Susan Kellogg
1988 Domestic Revolutions: A Social History of American Family Life (New York: Free).<person-group>
                  <string-name>
                     <surname>Mintz</surname>
                  </string-name>
               </person-group>
               <source>Domestic Revolutions: A Social History of American Family Life</source>
               <year>1988</year>
            </mixed-citation>
         </ref>
         <ref id="d18209e3697a1310">
            <mixed-citation id="d18209e3701" publication-type="book">
Modrow, John
1995 How to Become a Schizophrenic: The Case Against Biological Psychiatry, 2d ed. (Everett,
WA: Apollyon).<person-group>
                  <string-name>
                     <surname>Modrow</surname>
                  </string-name>
               </person-group>
               <edition>2</edition>
               <source>Schizophrenic: The Case Against Biological Psychiatry</source>
               <year>1995</year>
            </mixed-citation>
         </ref>
         <ref id="d18209e3733a1310">
            <mixed-citation id="d18209e3737" publication-type="book">
Monod, Jacques
1972 [1970] Chance and Necessity: An Essay on the Natural Philosophy of Modern Biology, trans-
lated by Austryn Wainhouse (New York: Vintage).<person-group>
                  <string-name>
                     <surname>Monod</surname>
                  </string-name>
               </person-group>
               <source>Chance and Necessity: An Essay on the Natural Philosophy of Modern Biology</source>
               <year>1972</year>
            </mixed-citation>
         </ref>
         <ref id="d18209e3766a1310">
            <mixed-citation id="d18209e3770" publication-type="book">
Noll, Richard
1992 The Encyclopedia of Schizophrenia and the Psychotic Disorders (New York: Facts on File).<person-group>
                  <string-name>
                     <surname>Noll</surname>
                  </string-name>
               </person-group>
               <source>The Encyclopedia of Schizophrenia and the Psychotic Disorders</source>
               <year>1992</year>
            </mixed-citation>
         </ref>
         <ref id="d18209e3795a1310">
            <mixed-citation id="d18209e3799" publication-type="book">
Novas, Himilce
1994 Everything You Need to Know about Latino History (New York: Plume).<person-group>
                  <string-name>
                     <surname>Novas</surname>
                  </string-name>
               </person-group>
               <source>Everything You Need to Know about Latino History</source>
               <year>1994</year>
            </mixed-citation>
         </ref>
         <ref id="d18209e3824a1310">
            <mixed-citation id="d18209e3828" publication-type="book">
Patterson, Terry, and Herbert E. Spohn
1988 "Psychophysiological Nature of Schizophrenia: I. Peripheral Nervous Systems Re-
search [and] II. Brain Electrical Activity," in The Schizophrenias, edited by Frederic
Flach, 41-64, 65-84 (New York: Norton).<person-group>
                  <string-name>
                     <surname>Patterson</surname>
                  </string-name>
               </person-group>
               <comment content-type="section">Psychophysiological Nature of Schizophrenia: I. Peripheral Nervous Systems Research [and] II. Brain Electrical Activity</comment>
               <fpage>41</fpage>
               <source>The Schizophrenias</source>
               <year>1988</year>
            </mixed-citation>
         </ref>
         <ref id="d18209e3867a1310">
            <mixed-citation id="d18209e3871" publication-type="journal">
Pederson-Krag, Geraldine
1949 "Detective Stories and the Primal Scene," Psychoanalytic Quarterly 18: 207-14.<person-group>
                  <string-name>
                     <surname>Pederson-Krag</surname>
                  </string-name>
               </person-group>
               <fpage>207</fpage>
               <volume>18</volume>
               <source>Psychoanalytic Quarterly</source>
               <year>1949</year>
            </mixed-citation>
         </ref>
         <ref id="d18209e3903a1310">
            <mixed-citation id="d18209e3907" publication-type="book">
Pitt, Leonard
1966 The Decline of the Californios: A Social History of the Spanish-Speaking Californians, 1846-
1890 (Berkeley: University of California Press).<person-group>
                  <string-name>
                     <surname>Pitt</surname>
                  </string-name>
               </person-group>
               <source>The Decline of the Californios: A Social History of the Spanish-Speaking Californians, 1846-1890</source>
               <year>1966</year>
            </mixed-citation>
         </ref>
         <ref id="d18209e3936a1310">
            <mixed-citation id="d18209e3940" publication-type="book">
Poe, Edgar Allan
1978 [1841] "The Murders in the Rue Morgue," in Collected Works of Edgar Allan Poe, edited
by Thomas Ollive Mabbot, vol. 2, 521-74 (Cambridge, MA: Belknap Press of Harvard
University Press).<person-group>
                  <string-name>
                     <surname>Poe</surname>
                  </string-name>
               </person-group>
               <comment content-type="section">The Murders in the Rue Morgue</comment>
               <fpage>521</fpage>
               <volume>2</volume>
               <source>Collected Works of Edgar Allan Poe</source>
               <year>1978</year>
            </mixed-citation>
         </ref>
         <ref id="d18209e3981a1310">
            <mixed-citation id="d18209e3985" publication-type="book">
Posner, Michael I., and Marcus E. Raichle
1994 Images of Mind (New York: Scientific American Library).<person-group>
                  <string-name>
                     <surname>Posner</surname>
                  </string-name>
               </person-group>
               <source>Images of Mind</source>
               <year>1994</year>
            </mixed-citation>
         </ref>
         <ref id="d18209e4010a1310">
            <mixed-citation id="d18209e4014" publication-type="book">
Reich, Wilhelm
1970 [1933] The Mass Psychology of Fascism, edited by Mary Higgins and Chester M.
Raphael, translated by Mary Higgins, 3d ed. (New York: Noonday).<person-group>
                  <string-name>
                     <surname>Reich</surname>
                  </string-name>
               </person-group>
               <edition>3</edition>
               <source>The Mass Psychology of Fascism</source>
               <year>1970</year>
            </mixed-citation>
         </ref>
         <ref id="d18209e4046a1310">
            <mixed-citation id="d18209e4050" publication-type="book">
Rochester, Sherry, and J. R. Martin
1979 Crazy Talk: A Study of the Discourse of Schizophrenic Speakers (New York: Plenum).<person-group>
                  <string-name>
                     <surname>Rochester</surname>
                  </string-name>
               </person-group>
               <source>Crazy Talk: A Study of the Discourse of Schizophrenic Speakers</source>
               <year>1979</year>
            </mixed-citation>
         </ref>
         <ref id="d18209e4076a1310">
            <mixed-citation id="d18209e4080" publication-type="book">
Rosenau, Pauline Marie
1992 Post-Modernism and the Social Sciences: Insights, Inroads, and Intrusions (Princeton, NJ:
Princeton University Press).<person-group>
                  <string-name>
                     <surname>Rosenau</surname>
                  </string-name>
               </person-group>
               <source>Social Sciences: Insights, Inroads, and Intrusions</source>
               <year>1992</year>
            </mixed-citation>
         </ref>
         <ref id="d18209e4109a1310">
            <mixed-citation id="d18209e4113" publication-type="book">
Rudnytsky, Peter L.
1987 Freud and Oedipus (New York: Columbia University Press).<person-group>
                  <string-name>
                     <surname>Rudnytsky</surname>
                  </string-name>
               </person-group>
               <source>Freud and Oedipus</source>
               <year>1987</year>
            </mixed-citation>
         </ref>
         <ref id="d18209e4138a1310">
            <mixed-citation id="d18209e4142" publication-type="book">
Sánchez, George J.
1993 Becoming Mexican American: Ethnicity, Culture, and Identity in Chicano Los Angeles, 9goo-
1945 (New York: Oxford University Press).<person-group>
                  <string-name>
                     <surname>Sánchez</surname>
                  </string-name>
               </person-group>
               <source>Becoming Mexican American: Ethnicity, Culture, and Identity in Chicano Los Angeles</source>
               <year>1993</year>
            </mixed-citation>
         </ref>
         <ref id="d18209e4171a1310">
            <mixed-citation id="d18209e4175" publication-type="book">
Sanchez, Thomas
1978 Zoot-Suit Murders (New York: Pocket).<person-group>
                  <string-name>
                     <surname>Sanchez</surname>
                  </string-name>
               </person-group>
               <source>Zoot-Suit Murders</source>
               <year>1978</year>
            </mixed-citation>
         </ref>
         <ref id="d18209e4200a1310">
            <mixed-citation id="d18209e4204" publication-type="book">
Scharff, David E., ed.
1996 Object Relations Theory and Practice: An Introduction (Northvale, NJ: Jason Aronson).<person-group>
                  <string-name>
                     <surname>Scharff</surname>
                  </string-name>
               </person-group>
               <source>Object Relations Theory and Practice: An Introduction</source>
               <year>1996</year>
            </mixed-citation>
         </ref>
         <ref id="d18209e4229a1310">
            <mixed-citation id="d18209e4233" publication-type="book">
Schechter, Harold
1989 Deviant: The Shocking True Story of the Original "Psycho" (New York: Pocket).<person-group>
                  <string-name>
                     <surname>Schechter</surname>
                  </string-name>
               </person-group>
               <comment content-type="section">Psycho</comment>
               <source>Deviant: The Shocking True Story of the Original</source>
               <year>1989</year>
            </mixed-citation>
         </ref>
         <ref id="d18209e4263a1310">
            <mixed-citation id="d18209e4267" publication-type="book">
Scott, Andrew
1986 The Creation of Life: Past, Future, Alien (Oxford: Basil Blackwell).<person-group>
                  <string-name>
                     <surname>Scott</surname>
                  </string-name>
               </person-group>
               <source>The Creation of Life: Past, Future, Alien</source>
               <year>1986</year>
            </mixed-citation>
         </ref>
         <ref id="d18209e4292a1310">
            <mixed-citation id="d18209e4296" publication-type="book">
Seem, Mark
1977 "Introduction," in Deleuze and Guattari 1977 [1972]: xv-xxiv.<person-group>
                  <string-name>
                     <surname>Seem</surname>
                  </string-name>
               </person-group>
               <comment content-type="section">Introduction</comment>
               <fpage>xv</fpage>
               <source>Deleuze and Guattari 1977</source>
               <year>1977</year>
            </mixed-citation>
         </ref>
         <ref id="d18209e4328a1310">
            <mixed-citation id="d18209e4332" publication-type="journal">
Siirala, M.
1963 "Schizophrenia: A Human Situation," American Journal of Psychoanalysis 23: 39-58.<person-group>
                  <string-name>
                     <surname>Siirala</surname>
                  </string-name>
               </person-group>
               <fpage>39</fpage>
               <volume>23</volume>
               <source>American Journal of Psychoanalysis</source>
               <year>1963</year>
            </mixed-citation>
         </ref>
         <ref id="d18209e4364a1310">
            <mixed-citation id="d18209e4368" publication-type="book">
Snyder, Solomon H.
1986 Drugs and the Brain (New York: Scientific American Books).<person-group>
                  <string-name>
                     <surname>Snyder</surname>
                  </string-name>
               </person-group>
               <source>Drugs and the Brain</source>
               <year>1986</year>
            </mixed-citation>
         </ref>
         <ref id="d18209e4393a1310">
            <mixed-citation id="d18209e4397" publication-type="book">
Turner, Ralph H., and Samuel J. Surace
1972 [1956] "Zoot-Suiters and Mexicans," in Racism in California: A Reader in the History of
Oppression, edited by Roger Daniels and Spencer C. Olin, Jr., 210-19 (New York: Mac-
millan).<person-group>
                  <string-name>
                     <surname>Turner</surname>
                  </string-name>
               </person-group>
               <comment content-type="section">Zoot-Suiters and Mexicans</comment>
               <fpage>210</fpage>
               <source>California: A Reader in the History of Oppression</source>
               <year>1972</year>
            </mixed-citation>
         </ref>
         <ref id="d18209e4435a1310">
            <mixed-citation id="d18209e4439" publication-type="book">
Valdez, Luis
1992 Zoot Suit, in "Zoot Suit" and Other Plays, 21-94 (Houston: Arte Publico).<person-group>
                  <string-name>
                     <surname>Valdez</surname>
                  </string-name>
               </person-group>
               <comment content-type="section">Zoot Suit</comment>
               <fpage>21</fpage>
               <source>Other Plays</source>
               <year>1992</year>
            </mixed-citation>
         </ref>
         <ref id="d18209e4472a1310">
            <mixed-citation id="d18209e4476" publication-type="book">
Wambaugh, Joseph
1973 The Onion Field (New York: Delacorte).<person-group>
                  <string-name>
                     <surname>Wambaugh</surname>
                  </string-name>
               </person-group>
               <source>The Onion Field</source>
               <year>1973</year>
            </mixed-citation>
         </ref>
         <ref id="d18209e4501a1310">
            <mixed-citation id="d18209e4505" publication-type="book">
Webb, Jack
1958 The Badge (Englewood Cliffs, NJ: Prentice-Hall).<person-group>
                  <string-name>
                     <surname>Webb</surname>
                  </string-name>
               </person-group>
               <source>The Badge</source>
               <year>1958</year>
            </mixed-citation>
         </ref>
         <ref id="d18209e4530a1310">
            <mixed-citation id="d18209e4534" publication-type="book">
Wright, Elizabeth
1984 Psychoanalytic Criticism: Theory in Practice (New York: Methuen).<person-group>
                  <string-name>
                     <surname>Wright</surname>
                  </string-name>
               </person-group>
               <source>Psychoanalytic Criticism: Theory in Practice</source>
               <year>1984</year>
            </mixed-citation>
         </ref>
         <ref id="d18209e4559a1310">
            <mixed-citation id="d18209e4563" publication-type="book">
Wylie, Philip
1955 [1942] Generation of Vipers, 20th ed. (New York: Holt, Rinehart and Winston).<person-group>
                  <string-name>
                     <surname>Wylie</surname>
                  </string-name>
               </person-group>
               <edition>20</edition>
               <source>Generation of Vipers</source>
               <year>1955</year>
            </mixed-citation>
         </ref>
         <ref id="d18209e4592a1310">
            <mixed-citation id="d18209e4596" publication-type="journal">
"Zoot-Suit Riots: 125 Hurt in Los Angeles Fights"
1943 Life, June 21, 30-31.<issue>June 21</issue>
               <fpage>30</fpage>
               <source>Life</source>
               <year>1943</year>
            </mixed-citation>
         </ref>
         <ref id="d18209e4619a1310">
            <mixed-citation id="d18209e4623" publication-type="journal">
"Zoot-Suit War"
1943 Time, June 21, 18-19.<issue>June 21</issue>
               <fpage>18</fpage>
               <source>Time</source>
               <year>1943</year>
            </mixed-citation>
         </ref>
         <ref id="d18209e4647a1310">
            <mixed-citation id="d18209e4651" publication-type="journal">
"Zoot-Suits and Service Stripes: Race Tension Behind the Riots"
1943 Newsweek, June 21, 35-36, 38.<issue>June 21</issue>
               <fpage>35</fpage>
               <source>Newsweek</source>
               <year>1943</year>
            </mixed-citation>
         </ref>
      </ref-list>
   </back>
</article>
