<article xmlns:xsi="http://www.w3.org/2001/XMLSchema-instance"
         xmlns:xlink="http://www.w3.org/1999/xlink"
         xmlns:mml="http://www.w3.org/1998/Math/MathML"
         dtd-version="1.0"
         article-type="research-article">
   <front>
      <journal-meta>
         <journal-id journal-id-type="jstor">poeticstoday</journal-id>
         <journal-id journal-id-type="jstor">j100659</journal-id>
         <journal-title-group>
            <journal-title>Poetics Today</journal-title>
         </journal-title-group>
         <publisher>
            <publisher-name>Duke University Press</publisher-name>
         </publisher>
         <issn pub-type="ppub">03335372</issn>
         <issn pub-type="epub">15275507</issn>
      </journal-meta>
      <article-meta>
         <article-id pub-id-type="doi">10.2307/1773079</article-id>
         <title-group>
            <article-title>Paradigm Shift in Plot Models: An Outline of the History of Narratology</article-title>
         </title-group>
         <contrib-group>
            <contrib contrib-type="author">
               <string-name>
                  <given-names>Ruth</given-names>
                  <surname>Ronen</surname>
               </string-name>
            </contrib>
         </contrib-group>
         <pub-date>
            <day>1</day>
            <month>12</month>
            <year>1990</year>
         </pub-date>
         <volume>11</volume>
         <issue>4</issue>
         <issue-id>i303088</issue-id>
         <fpage>817</fpage>
         <lpage>842</lpage>
         <page-range>817-842</page-range>
         <permissions>
            <copyright-statement>Copyright 1990 The Porter Institute for Poetics and Semiotics, Tel Aviv University</copyright-statement>
         </permissions>
         <self-uri xlink:href="http://www.jstor.org/stable/1773079"/>
         <custom-meta-group>
            <custom-meta>
               <meta-name>lang</meta-name>
               <meta-value>eng</meta-value>
            </custom-meta>
         </custom-meta-group>
      </article-meta>
   </front>
   <back>
      <fn-group>
         <title>[Footnotes]</title>
         <fn id="d12954e114a1310">
            <label>1</label>
            <p>
               <mixed-citation id="d12954e121" publication-type="book">
Todorov's Grammaire du Decameron<person-group>
                     <string-name>
                        <surname>Todorov</surname>
                     </string-name>
                  </person-group>
                  <source>Grammaire du Decameron</source>
               </mixed-citation>
            </p>
         </fn>
         <fn id="d12954e140a1310">
            <label>3</label>
            <p>
               <mixed-citation id="d12954e147" publication-type="book">
The point of a narrative is a notion similar to the evaluative function in Labov
(1972)<source>The point of a narrative is a notion similar to the evaluative function in Labov</source>
                  <year>1972</year>
               </mixed-citation>
            </p>
            <p>
               <mixed-citation id="d12954e162" publication-type="journal">
Shen (1985)  </mixed-citation>
            </p>
            <p>
               <mixed-citation id="d12954e170" publication-type="book">
Prince (1982)  </mixed-citation>
            </p>
         </fn>
         <fn id="d12954e179a1310">
            <label>7</label>
            <p>
               <mixed-citation id="d12954e186" publication-type="book">
Culler (1975)  </mixed-citation>
            </p>
            <p>
               <mixed-citation id="d12954e194" publication-type="other">
Foolan (1988)</mixed-citation>
            </p>
         </fn>
         <fn id="d12954e201a1310">
            <label>8</label>
            <p>
               <mixed-citation id="d12954e208" publication-type="book">
Brooks 1984: 37  </mixed-citation>
            </p>
         </fn>
         <fn id="d12954e218a1310">
            <label>9</label>
            <p>
               <mixed-citation id="d12954e225" publication-type="book">
Ricoeur 1985: 56  </mixed-citation>
            </p>
            <p>
               <mixed-citation id="d12954e233" publication-type="book">
ibid.: 65  <fpage>65</fpage>
               </mixed-citation>
            </p>
         </fn>
         <fn id="d12954e245a1310">
            <label>10</label>
            <p>
               <mixed-citation id="d12954e252" publication-type="journal">
Jefferson (1977)  </mixed-citation>
            </p>
         </fn>
         <fn id="d12954e261a1310">
            <label>11</label>
            <p>
               <mixed-citation id="d12954e268" publication-type="book">
Barthes 1966b: 57  </mixed-citation>
            </p>
         </fn>
         <fn id="d12954e277a1310">
            <label>15</label>
            <p>
               <mixed-citation id="d12954e284" publication-type="journal">
Barthes (1966a)  </mixed-citation>
            </p>
         </fn>
         <fn id="d12954e293a1310">
            <label>16</label>
            <p>
               <mixed-citation id="d12954e300" publication-type="other">
Shen (forthcoming)</mixed-citation>
            </p>
         </fn>
         <fn id="d12954e307a1310">
            <label>18</label>
            <p>
               <mixed-citation id="d12954e314" publication-type="book">
Prince 1982: 149  <fpage>149</fpage>
               </mixed-citation>
            </p>
         </fn>
         <fn id="d12954e327a1310">
            <label>20</label>
            <p>
               <mixed-citation id="d12954e334" publication-type="journal">
Chateau 1976: 214  <fpage>214</fpage>
               </mixed-citation>
            </p>
         </fn>
      </fn-group>
      <ref-list>
         <title>References</title>
         <ref id="d12954e355a1310">
            <mixed-citation id="d12954e359" publication-type="journal">
Barthes, Roland
1966a "Introduction I l'analyse structurale des recits," Communications 8: 1-27.<person-group>
                  <string-name>
                     <surname>Barthes</surname>
                  </string-name>
               </person-group>
               <fpage>1</fpage>
               <volume>8</volume>
               <source>Communications</source>
               <year>1966</year>
            </mixed-citation>
            <mixed-citation id="d12954e390" publication-type="book">
1966b Critique et verite (Paris: Editions du Seuil).<person-group>
                  <string-name>
                     <surname>Barthes</surname>
                  </string-name>
               </person-group>
               <source>Critique et verite</source>
               <year>1966</year>
            </mixed-citation>
         </ref>
         <ref id="d12954e412a1310">
            <mixed-citation id="d12954e416" publication-type="journal">
Bremond, Claude
1980 "The Logic of Narrative Possibilities," New Literary History 11(3): 387-411.<object-id pub-id-type="doi">10.2307/468934</object-id>
               <fpage>387</fpage>
            </mixed-citation>
         </ref>
         <ref id="d12954e432a1310">
            <mixed-citation id="d12954e436" publication-type="book">
Brooks, Peter
1984 Reading for the Plot: Design and Intention in Narrative (New York: Knopf).<person-group>
                  <string-name>
                     <surname>Brooks</surname>
                  </string-name>
               </person-group>
               <source>Reading for the Plot: Design and Intention in Narrative</source>
               <year>1984</year>
            </mixed-citation>
         </ref>
         <ref id="d12954e461a1310">
            <mixed-citation id="d12954e465" publication-type="journal">
Chateau, Dominique
1976 "La semantique du recit," Semiotica 18(3): 201-16.<person-group>
                  <string-name>
                     <surname>Chateau</surname>
                  </string-name>
               </person-group>
               <issue>3</issue>
               <fpage>201</fpage>
               <volume>18</volume>
               <source>Semiotica</source>
               <year>1976</year>
            </mixed-citation>
         </ref>
         <ref id="d12954e501a1310">
            <mixed-citation id="d12954e505" publication-type="book">
Culler, Jonathan
1975 "Defining Narrative Units," in Style and Structure in Literature, edited by<person-group>
                  <string-name>
                     <surname>Culler</surname>
                  </string-name>
               </person-group>
               <comment content-type="section">Defining Narrative Units</comment>
               <source>Style and Structure in Literature</source>
               <year>1975</year>
            </mixed-citation>
            <mixed-citation id="d12954e533" publication-type="other">
R. Fowler, 123-42 (Oxford: Blackwell)</mixed-citation>
            <mixed-citation id="d12954e539" publication-type="journal">
1980 "Fabula and Sjuzhet in the Analysis of Narrative," Poetics Today 1(3): 27-37.<person-group>
                  <string-name>
                     <surname>Fowler</surname>
                  </string-name>
               </person-group>
               <issue>3</issue>
               <fpage>27</fpage>
               <volume>1</volume>
               <source>Poetics Today</source>
               <year>1980</year>
            </mixed-citation>
         </ref>
         <ref id="d12954e571a1310">
            <mixed-citation id="d12954e575" publication-type="journal">
Doleéel, Lubomir
1976 "Narrative Semantics," PTL: A Journal for Descriptive Poetics and Theory of
Literature 1: 129-51.<person-group>
                  <string-name>
                     <surname>Doleéel</surname>
                  </string-name>
               </person-group>
               <fpage>129</fpage>
               <volume>1</volume>
               <source>PTL</source>
               <year>1976</year>
            </mixed-citation>
            <mixed-citation id="d12954e609" publication-type="journal">
1978 "Narrative Theory and Motif Theory," Studia Poetics 2: 32-43.<person-group>
                  <string-name>
                     <surname>Doleél</surname>
                  </string-name>
               </person-group>
               <fpage>32</fpage>
               <volume>2</volume>
               <source>Studia Poetics</source>
               <year>1978</year>
            </mixed-citation>
         </ref>
         <ref id="d12954e638a1310">
            <mixed-citation id="d12954e642" publication-type="book">
Eco, Umberto
1979 The Role of the Reader: Explorations in the Semiotics of Texts (Bloomington:
Indiana University Press).<person-group>
                  <string-name>
                     <surname>Eco</surname>
                  </string-name>
               </person-group>
               <source>The Role of the Reader: Explorations in the Semiotics of Texts</source>
               <year>1979</year>
            </mixed-citation>
         </ref>
         <ref id="d12954e671a1310">
            <mixed-citation id="d12954e675" publication-type="book">
Forster, E. M.
1927 Aspects of the Novel (New York: Harcourt, Brace).<person-group>
                  <string-name>
                     <surname>Forster</surname>
                  </string-name>
               </person-group>
               <source>Aspects of the Novel</source>
               <year>1927</year>
            </mixed-citation>
         </ref>
         <ref id="d12954e700a1310">
            <mixed-citation id="d12954e704" publication-type="book">
Genette, Gerard
1982 [1964] "Structuralism and Literary Criticism," in Figures of Literary Dis-
course, translated by A. Sheridan (Oxford: Blackwell).<person-group>
                  <string-name>
                     <surname>Genette</surname>
                  </string-name>
               </person-group>
               <comment content-type="section">Structuralism and Literary Criticism</comment>
               <source>Figures of Literary Discourse</source>
               <year>1982</year>
            </mixed-citation>
            <mixed-citation id="d12954e735" publication-type="book">
1988 Narrative Discourse Revisited, translated by Jane E. Lewin (Ithaca: Cornell
University Press).<person-group>
                  <string-name>
                     <surname>Genette</surname>
                  </string-name>
               </person-group>
               <source>Narrative Discourse Revisited</source>
               <year>1988</year>
            </mixed-citation>
         </ref>
         <ref id="d12954e760a1310">
            <mixed-citation id="d12954e764" publication-type="journal">
Greimas, A. J.
1977 "Elements of a Narrative Grammar," Diacritics 7: 23-40.<object-id pub-id-type="doi">10.2307/464872</object-id>
               <fpage>23</fpage>
            </mixed-citation>
         </ref>
         <ref id="d12954e781a1310">
            <mixed-citation id="d12954e785" publication-type="journal">
Jefferson, Ann
1977 "Semiotics of a Literary Text," PTL: A Journal for Descriptive Poetics and
Theory of Literature 3: 579-88.<person-group>
                  <string-name>
                     <surname>Jefferson</surname>
                  </string-name>
               </person-group>
               <fpage>579</fpage>
               <volume>3</volume>
               <source>PTL</source>
               <year>1977</year>
            </mixed-citation>
         </ref>
         <ref id="d12954e820a1310">
            <mixed-citation id="d12954e824" publication-type="book">
Labov, William
1972 Language in the Inner City (Philadelphia: University of Pennsylvania Press).<person-group>
                  <string-name>
                     <surname>Labov</surname>
                  </string-name>
               </person-group>
               <source>Language in the Inner City</source>
               <year>1972</year>
            </mixed-citation>
         </ref>
         <ref id="d12954e849a1310">
            <mixed-citation id="d12954e853" publication-type="book">
Malmgren, Carl D.
1988 "Worlds Apart: A Theory of Science Fiction," in Utopian Thought in Ameri-
can Literature, edited by Anne Heller et al., 25-42 (Tubingen: Gunter Narr).<person-group>
                  <string-name>
                     <surname>Malmgren</surname>
                  </string-name>
               </person-group>
               <comment content-type="section">Worlds Apart: A Theory of Science Fiction</comment>
               <fpage>25</fpage>
               <source>Utopian Thought in American Literature</source>
               <year>1988</year>
            </mixed-citation>
         </ref>
         <ref id="d12954e888a1310">
            <mixed-citation id="d12954e892" publication-type="journal">
Pavel, Thomas G.
1980 "Narrative Domains," Poetics Today 1(4): 105-14.<object-id pub-id-type="doi">10.2307/1771889</object-id>
            </mixed-citation>
            <mixed-citation id="d12954e904" publication-type="book">
1985 The Poetics of Plot: The Case of English Renaissance Drama (Minneapolis:
University of Minnesota Press).<person-group>
                  <string-name>
                     <surname>Pavel</surname>
                  </string-name>
               </person-group>
               <source>The Poetics of Plot: The Case of English Renaissance Drama</source>
               <year>1985</year>
            </mixed-citation>
            <mixed-citation id="d12954e928" publication-type="book">
1986 Fictional Worlds (Cambridge, MA, and London: Harvard University Press).<person-group>
                  <string-name>
                     <surname>Pavel</surname>
                  </string-name>
               </person-group>
               <source>Fictional Worlds</source>
               <year>1986</year>
            </mixed-citation>
            <mixed-citation id="d12954e949" publication-type="journal">
1988 "Formalism in Narrative Semiotics," Poetics Today 9(3): 593-606.<object-id pub-id-type="doi">10.2307/1772734</object-id>
               <fpage>593</fpage>
            </mixed-citation>
         </ref>
         <ref id="d12954e962a1310">
            <mixed-citation id="d12954e966" publication-type="book">
Popper, Karl R.
1982 [1956] The Open Universe: An Argument for Indeterminism (London and Mel-
bourne: Hutchinson).<person-group>
                  <string-name>
                     <surname>Popper</surname>
                  </string-name>
               </person-group>
               <source>The Open Universe: An Argument for Indeterminism</source>
               <year>1982</year>
            </mixed-citation>
         </ref>
         <ref id="d12954e995a1310">
            <mixed-citation id="d12954e1001" publication-type="book">
Prince, Gerald
1982 Narratology: The Form and Functioning of Narrative (Berlin/New York/Ams-
terdam: Mouton).<person-group>
                  <string-name>
                     <surname>Prince</surname>
                  </string-name>
               </person-group>
               <source>Narratology: The Form and Functioning of Narrative</source>
               <year>1982</year>
            </mixed-citation>
            <mixed-citation id="d12954e1029" publication-type="book">
1987 A Dictionary of Narratology (Lincoln and London: University of Nebraska
Press).<person-group>
                  <string-name>
                     <surname>Prince</surname>
                  </string-name>
               </person-group>
               <source>A Dictionary of Narratology</source>
               <year>1987</year>
            </mixed-citation>
         </ref>
         <ref id="d12954e1055a1310">
            <mixed-citation id="d12954e1059" publication-type="book">
Propp, V.
1968 Morphology of the Folktale (Austin and London: University of Texas Press).<person-group>
                  <string-name>
                     <surname>Propp</surname>
                  </string-name>
               </person-group>
               <source>Morphology of the Folktale</source>
               <year>1968</year>
            </mixed-citation>
         </ref>
         <ref id="d12954e1084a1310">
            <mixed-citation id="d12954e1088" publication-type="book">
Ricoeur, Paul
1981 "Narrative Time," in On Narrative, edited by W. J. T. Mitchell, 165-86
(Chicago and London: University of Chicago Press).<person-group>
                  <string-name>
                     <surname>Ricoeur</surname>
                  </string-name>
               </person-group>
               <comment content-type="section">Narrative Time</comment>
               <fpage>165</fpage>
               <source>On Narrative</source>
               <year>1981</year>
            </mixed-citation>
            <mixed-citation id="d12954e1122" publication-type="book">
1985 Time and Narrative. Vol. 2, translated by Kathleen McLaughlin and David
Pellauer (Chicago and London: University of Chicago Press).<person-group>
                  <string-name>
                     <surname>Ricoeur</surname>
                  </string-name>
               </person-group>
               <volume>2</volume>
               <source>Time and Narrative</source>
               <year>1985</year>
            </mixed-citation>
         </ref>
         <ref id="d12954e1151a1310">
            <mixed-citation id="d12954e1155" publication-type="book">
Rimmon-Kenan, Shlomith
1983 Narrative Fiction: Contemporary Poetics (London and New York: Methuen).<person-group>
                  <string-name>
                     <surname>Rimmon-Kenan</surname>
                  </string-name>
               </person-group>
               <source>Narrative Fiction: Contemporary Poetics</source>
               <year>1983</year>
            </mixed-citation>
         </ref>
         <ref id="d12954e1180a1310">
            <mixed-citation id="d12954e1184" publication-type="journal">
Ryan, Marie-Laure
1985 "The Modal Structure of Narrative Universes," Poetics Today 6(4): 717-55.<object-id pub-id-type="doi">10.2307/1771963</object-id>
               <fpage>717</fpage>
            </mixed-citation>
         </ref>
         <ref id="d12954e1200a1310">
            <mixed-citation id="d12954e1204" publication-type="journal">
Shen, Yeshayahu
1985 "On Importance Hierarchy and Evaluation Devices in Narrative Texts,"
Poetics Today 6(4): 681-98.<object-id pub-id-type="doi">10.2307/1771961</object-id>
               <fpage>681</fpage>
            </mixed-citation>
            <mixed-citation id="d12954e1222" publication-type="journal">
1990 "Centrality and Causal Relations in Narrative Texts," Journal of Literary
Semantics XIX(1): 1-23.<person-group>
                  <string-name>
                     <surname>Shen</surname>
                  </string-name>
               </person-group>
               <issue>1</issue>
               <fpage>1</fpage>
               <volume>XIX</volume>
               <source>Journal of Literary Semantics</source>
               <year>1990</year>
            </mixed-citation>
         </ref>
         <ref id="d12954e1257a1310">
            <mixed-citation id="d12954e1261" publication-type="book">
Todorov, Tzvetan
1977 "The Grammar of Narrative," in The Poetics of Prose, 108-19 (Ithaca: Cor-
nell University Press).<person-group>
                  <string-name>
                     <surname>Todorov</surname>
                  </string-name>
               </person-group>
               <comment content-type="section">The Grammar of Narrative</comment>
               <fpage>108</fpage>
               <source>The Poetics of Prose</source>
               <year>1977</year>
            </mixed-citation>
         </ref>
         <ref id="d12954e1297a1310">
            <mixed-citation id="d12954e1301" publication-type="book">
Tomashevski, Boris
1965 "Thematics," in Russian Formalist Criticism: Four Essays, edited by L. T.
Lemon and M. J. Reis (Lincoln: University of Nebraska Press).<person-group>
                  <string-name>
                     <surname>Tomashevski</surname>
                  </string-name>
               </person-group>
               <comment content-type="section">Thematics</comment>
               <source>Russian Formalist Criticism: Four Essays</source>
               <year>1965</year>
            </mixed-citation>
         </ref>
         <ref id="d12954e1333a1310">
            <mixed-citation id="d12954e1337" publication-type="book">
Toolan, MichaelJ.
1988 Narrative: A Critical Linguistic Introduction (London and New York: Rout-
ledge).<person-group>
                  <string-name>
                     <surname>Toolan</surname>
                  </string-name>
               </person-group>
               <source>Narrative: A Critical Linguistic Introduction</source>
               <year>1988</year>
            </mixed-citation>
         </ref>
         <ref id="d12954e1366a1310">
            <mixed-citation id="d12954e1370" publication-type="journal">
Vaina, Lucia
1977 "Les Mondes Possibles du texte," VS 17: 3-13.<person-group>
                  <string-name>
                     <surname>Vaina</surname>
                  </string-name>
               </person-group>
               <fpage>3</fpage>
               <volume>17</volume>
               <source>VS</source>
               <year>1977</year>
            </mixed-citation>
         </ref>
      </ref-list>
   </back>
</article>
