<article xmlns:xsi="http://www.w3.org/2001/XMLSchema-instance"
         xmlns:xlink="http://www.w3.org/1999/xlink"
         xmlns:mml="http://www.w3.org/1998/Math/MathML"
         dtd-version="1.0"
         article-type="research-article">
   <front>
      <journal-meta>
         <journal-id journal-id-type="jstor">poeticstoday</journal-id>
         <journal-id journal-id-type="jstor">j100659</journal-id>
         <journal-title-group>
            <journal-title>Poetics Today</journal-title>
         </journal-title-group>
         <publisher>
            <publisher-name>Porter Institute for Poetics and Semiotics</publisher-name>
         </publisher>
         <issn pub-type="ppub">03335372</issn>
         <issn pub-type="epub">15275507</issn>
      </journal-meta>
      <article-meta>
         <article-id pub-id-type="doi">10.2307/1773036</article-id>
         <article-categories>
            <subj-group>
               <subject>Theater and Performance</subject>
            </subj-group>
         </article-categories>
         <title-group>
            <article-title>Illusion in Theater: The Sign/Stimulus Equivalence</article-title>
         </title-group>
         <contrib-group>
            <contrib contrib-type="author">
               <string-name>
                  <given-names>Stratos E.</given-names>
                  <surname>Constantinidis</surname>
               </string-name>
            </contrib>
         </contrib-group>
         <pub-date>
            <day>1</day>
            <month>1</month>
            <year>1987</year>
         </pub-date>
         <volume>8</volume>
         <issue>2</issue>
         <issue-id>i303075</issue-id>
         <fpage>245</fpage>
         <lpage>260</lpage>
         <page-range>245-260</page-range>
         <permissions>
            <copyright-statement>Copyright The Porter Institute for Poetics and Semiotics Tel Aviv University</copyright-statement>
         </permissions>
         <self-uri xlink:href="http://www.jstor.org/stable/1773036"/>
         <custom-meta-group>
            <custom-meta>
               <meta-name>lang</meta-name>
               <meta-value>eng</meta-value>
            </custom-meta>
         </custom-meta-group>
      </article-meta>
   </front>
   <back>
      <ref-list>
         <title>References</title>
         <ref id="d32882e123a1310">
            <mixed-citation id="d32882e127" publication-type="book">
Austidn,John, 1962. How to Do Things rwit Words (Cambridge: Harvard UP).<person-group>
                  <string-name>
                     <surname>Austidn</surname>
                  </string-name>
               </person-group>
               <source>How to Do Things rwit Words</source>
               <year>1962</year>
            </mixed-citation>
         </ref>
         <ref id="d32882e149a1310">
            <mixed-citation id="d32882e153" publication-type="book">
Berlyne, D.L, 1971. AatlCu aand Psychobiolot (New York: Appleton-Century-Crofts).<person-group>
                  <string-name>
                     <surname>Berlyne</surname>
                  </string-name>
               </person-group>
               <source>AatlCu aand Psychobiolot</source>
               <year>1971</year>
            </mixed-citation>
         </ref>
         <ref id="d32882e175a1310">
            <mixed-citation id="d32882e179" publication-type="book">
Bridger, William, 1960. "Signal Systems and the Development of Cognitive Functions,"
in: Mary Brazier, ed., Cmentra Nervous System and Bhavior (New York: Josiah Macy
Jr. Foundation), 425-456.<person-group>
                  <string-name>
                     <surname>Bridger</surname>
                  </string-name>
               </person-group>
               <comment content-type="section">Signal Systems and the Development of Cognitive Functions</comment>
               <fpage>425</fpage>
               <source>Cmentra Nervous System and Bhavior</source>
               <year>1960</year>
            </mixed-citation>
         </ref>
         <ref id="d32882e214a1310">
            <mixed-citation id="d32882e218" publication-type="journal">
Bridger, Wagner and W. Horsley Grant, 1956. "The Effect of Mescaline on Differenti-
ated Conditioned Reflexes," AmericanJournal of Psychiary 113:352-360.<person-group>
                  <string-name>
                     <surname>Bridger</surname>
                  </string-name>
               </person-group>
               <fpage>352</fpage>
               <volume>113</volume>
               <source>AmericanJournal of Psychiary</source>
               <year>1956</year>
            </mixed-citation>
         </ref>
         <ref id="d32882e251a1310">
            <mixed-citation id="d32882e255" publication-type="book">
Burns, Elizabeth, 1972. Theatricatity: A Study of Convntion in the Theatre and in Social Life
(London: Longman).<person-group>
                  <string-name>
                     <surname>Burns</surname>
                  </string-name>
               </person-group>
               <source>Theatricatity: A Study of Convntion in the Theatre and in Social Life</source>
               <year>1972</year>
            </mixed-citation>
         </ref>
         <ref id="d32882e280a1310">
            <mixed-citation id="d32882e284" publication-type="journal">
Child, Irvin, 1972. "Esthetics," Annual Review of Psychology 23:669-694.<person-group>
                  <string-name>
                     <surname>Child</surname>
                  </string-name>
               </person-group>
               <fpage>669</fpage>
               <volume>23</volume>
               <source>Annual Review of Psychology</source>
               <year>1972</year>
            </mixed-citation>
         </ref>
         <ref id="d32882e313a1310">
            <mixed-citation id="d32882e317" publication-type="book">
Clynes, Manfred, 1977. Sentics: The Touch of Emotions (Garden City, N.Y.: Anchor Press).<person-group>
                  <string-name>
                     <surname>Clynes</surname>
                  </string-name>
               </person-group>
               <source>Sentics: The Touch of Emotions</source>
               <year>1977</year>
            </mixed-citation>
         </ref>
         <ref id="d32882e339a1310">
            <mixed-citation id="d32882e343" publication-type="journal">
Courvoisier, Simone, 1956. "Pharmacodynamic Basis for the Use of Chloropromazine in
Psychiatry,"Journal of Clinical and E rimental Psychopathology 17:25-37.<person-group>
                  <string-name>
                     <surname>Courvoisier</surname>
                  </string-name>
               </person-group>
               <fpage>25</fpage>
               <volume>17</volume>
               <source>Journal of Clinical and E rimental Psychopathology</source>
               <year>1956</year>
            </mixed-citation>
         </ref>
         <ref id="d32882e375a1310">
            <mixed-citation id="d32882e379" publication-type="book">
Eco, Umberto, 1979. A Theory of Smiotics (Bloomington: Indiana UP).<person-group>
                  <string-name>
                     <surname>Eco</surname>
                  </string-name>
               </person-group>
               <source>A Theory of Smiotics</source>
               <year>1979</year>
            </mixed-citation>
         </ref>
         <ref id="d32882e401a1310">
            <mixed-citation id="d32882e405" publication-type="book">
Elam, Keir, 1980. The Semiotics of Theater and Drama (New York: Methuen).<person-group>
                  <string-name>
                     <surname>Elam</surname>
                  </string-name>
               </person-group>
               <source>The Semiotics of Theater and Drama</source>
               <year>1980</year>
            </mixed-citation>
         </ref>
         <ref id="d32882e428a1310">
            <mixed-citation id="d32882e432" publication-type="book">
Freud, Sigmund, 1956. "The Unconscious," in: James Strachey, et al., eds., Collected Works
(London: Hogarth Press).<person-group>
                  <string-name>
                     <surname>Freud</surname>
                  </string-name>
               </person-group>
               <comment content-type="section">The Unconscious</comment>
               <source>Collected Works</source>
               <year>1956</year>
            </mixed-citation>
         </ref>
         <ref id="d32882e461a1310">
            <mixed-citation id="d32882e465" publication-type="book">
Gastaut, Henri, 1958. "Some Aspects of the Neurophysiological Basis of Conditioned Re-
flexes and Behavior," in: Gordon Wolstenholme and Cecilia O'Connor, eds.,
Neurological Basis of Bhavior (London: Ciba Foundation), 255-272.<person-group>
                  <string-name>
                     <surname>Gastaut</surname>
                  </string-name>
               </person-group>
               <comment content-type="section">Some Aspects of the Neurophysiological Basis of Conditioned Reflexes and Behavior</comment>
               <fpage>255</fpage>
               <source>Neurological Basis of Bhavior</source>
               <year>1958</year>
            </mixed-citation>
         </ref>
         <ref id="d32882e500a1310">
            <mixed-citation id="d32882e504" publication-type="book">
Goffman, Erving, 1974. Fr-ame Analysis: An Essay on the Organization of Experience (Cam-
bridge: Harvard UP).<person-group>
                  <string-name>
                     <surname>Goffman</surname>
                  </string-name>
               </person-group>
               <source>Fr-ame Analysis: An Essay on the Organization of Experience</source>
               <year>1974</year>
            </mixed-citation>
         </ref>
         <ref id="d32882e529a1310">
            <mixed-citation id="d32882e533" publication-type="book">
Greenlee, Douglas, 1973. Peirce's Cmcept of Sign (The Hague: Mouton).<person-group>
                  <string-name>
                     <surname>Greenlee</surname>
                  </string-name>
               </person-group>
               <source>Peirce's Cmcept of Sign</source>
               <year>1973</year>
            </mixed-citation>
         </ref>
         <ref id="d32882e555a1310">
            <mixed-citation id="d32882e559" publication-type="journal">
Grimaud, Michel, 1976. "Recent Trends in Psychoanalysis: A Survey with Emphasis on
Psychological Criticism in English Literature and Related Areas," Sub-stance
13:136-162.<person-group>
                  <string-name>
                     <surname>Grimaud</surname>
                  </string-name>
               </person-group>
               <fpage>136</fpage>
               <volume>13</volume>
               <source>Sub-stance</source>
               <year>1976</year>
            </mixed-citation>
         </ref>
         <ref id="d32882e594a1310">
            <mixed-citation id="d32882e598" publication-type="journal">
Gunkle, George, 1975. "Emotion, Language, and Acting," Empirical Rsearch in Theater
1:41-49.<person-group>
                  <string-name>
                     <surname>Gunkle</surname>
                  </string-name>
               </person-group>
               <fpage>41</fpage>
               <volume>1</volume>
               <source>Empirical Rsearch in Theater</source>
               <year>1975</year>
            </mixed-citation>
         </ref>
         <ref id="d32882e631a1310">
            <mixed-citation id="d32882e635" publication-type="book">
Holland, Norman, 1968. The Dynamics of Lit"rar nponse (New York: Oxford UP).<person-group>
                  <string-name>
                     <surname>Holland</surname>
                  </string-name>
               </person-group>
               <source>The Dynamics of Lit"rar nponse</source>
               <year>1968</year>
            </mixed-citation>
         </ref>
         <ref id="d32882e657a1310">
            <mixed-citation id="d32882e661" publication-type="book">
John, E., 1958. "Electrophysiological Correlates of Avoidance Conditioning in the Cat,"
in: Mary Brazier, ed., Central Nervos Systm and Behavior (New York: Josiah Macy
Jr. Foundation), 334-347.<person-group>
                  <string-name>
                     <surname>John</surname>
                  </string-name>
               </person-group>
               <comment content-type="section">Electrophysiological Correlates of Avoidance Conditioning in the Cat</comment>
               <fpage>334</fpage>
               <source>Central Nervos Systm and Behavior</source>
               <year>1958</year>
            </mixed-citation>
         </ref>
         <ref id="d32882e696a1310">
            <mixed-citation id="d32882e700" publication-type="journal">
Killam, Keith and Eva Killam, 1956. "The Action of Lysergic Acid Diethylamide on
Central Afferent and Limbic Pathways in the Cat," Journal of Pharmacology and Ec-
p.rimaml eThrtpeutics 116:35-36.<person-group>
                  <string-name>
                     <surname>Killam</surname>
                  </string-name>
               </person-group>
               <fpage>35</fpage>
               <volume>116</volume>
               <source>Journal of Pharmacology and Ecp.rimaml eThrtpeutics</source>
               <year>1956</year>
            </mixed-citation>
         </ref>
         <ref id="d32882e735a1310">
            <mixed-citation id="d32882e739" publication-type="book">
Kreitler, Hans and Shulamith Kreitler, 1972. Psychology of the Arts (Durham, N.C.: Duke
UP).<person-group>
                  <string-name>
                     <surname>Kreitler</surname>
                  </string-name>
               </person-group>
               <source>Psychology of the Arts</source>
               <year>1972</year>
            </mixed-citation>
         </ref>
         <ref id="d32882e764a1310">
            <mixed-citation id="d32882e768" publication-type="book">
Langer, Susanne, 1953. Faling and Form: A T"ory of Art (New York: Charles Scribner).<person-group>
                  <string-name>
                     <surname>Langer</surname>
                  </string-name>
               </person-group>
               <source>Faling and Form: A T"ory of Art</source>
               <year>1953</year>
            </mixed-citation>
         </ref>
         <ref id="d32882e790a1310">
            <mixed-citation id="d32882e794" publication-type="book">
Lindauer, Martin, 1975. The Psychological Study of Literaturt (Chicago: Nelson-Hall).<person-group>
                  <string-name>
                     <surname>Lindauer</surname>
                  </string-name>
               </person-group>
               <source>The Psychological Study of Literaturt</source>
               <year>1975</year>
            </mixed-citation>
         </ref>
         <ref id="d32882e817a1310">
            <mixed-citation id="d32882e821" publication-type="book">
Lotman, Yurii, 1977. 'The Structure of the Narrative Text," in: Daniel Lucid, ed., Soviet
Semiotics (Baltimore: Johns Hopkins UP), 193-197.<person-group>
                  <string-name>
                     <surname>Lotman</surname>
                  </string-name>
               </person-group>
               <comment content-type="section">The Structure of the Narrative Text</comment>
               <fpage>193</fpage>
               <source>Soviet Semiotics</source>
               <year>1977</year>
            </mixed-citation>
         </ref>
         <ref id="d32882e853a1310">
            <mixed-citation id="d32882e857" publication-type="book">
Malcolm, J.L., 1958. 'The Electrical Activity of Cortical Neurones in Relation to Behavior,
as Studied with Microelectrodes in Unrestrained Cats," in: Gordon Wolsten-
holme and Cecilia O'Connor, eds., Neurological Basis of Behavior (London, Ciba
Foundation), 295-302.<person-group>
                  <string-name>
                     <surname>Malcolm</surname>
                  </string-name>
               </person-group>
               <comment content-type="section">The Electrical Activity of Cortical Neurones in Relation to Behavior, as Studied with Microelectrodes in Unrestrained Cats</comment>
               <fpage>295</fpage>
               <source>Neurological Basis of Behavior</source>
               <year>1958</year>
            </mixed-citation>
         </ref>
         <ref id="d32882e895a1310">
            <mixed-citation id="d32882e899" publication-type="journal">
Marquis, Donald and Ernest Hilgard, 1937. "Conditioned Responses to Light in Mon-
keys After Removal of the Occipital Lobes," &amp;vin 60:1-12.<person-group>
                  <string-name>
                     <surname>Marquis</surname>
                  </string-name>
               </person-group>
               <fpage>1</fpage>
               <volume>60</volume>
               <source>Brain</source>
               <year>1937</year>
            </mixed-citation>
         </ref>
         <ref id="d32882e931a1310">
            <mixed-citation id="d32882e935" publication-type="journal">
Marrazzi, Amedeo and E. Ross Hart, 1955. "Relationship of Hallucinogens to Andrener-
gic Celebral Neurotumors," Sdience 121:365-367.<person-group>
                  <string-name>
                     <surname>Marrazzi</surname>
                  </string-name>
               </person-group>
               <fpage>365</fpage>
               <volume>121</volume>
               <source>Sdience</source>
               <year>1955</year>
            </mixed-citation>
         </ref>
         <ref id="d32882e967a1310">
            <mixed-citation id="d32882e971" publication-type="book">
MukaWovsky,'Jan, 1976. "Art as Semiotic Fact," in: Ladislav Matejka and Irwin Titunik,
eds., Smiotics ofArt Prgue School Contribuaons (Cambridge: MIT Press), 3-9.<person-group>
                  <string-name>
                     <surname>Mukawovsky</surname>
                  </string-name>
               </person-group>
               <comment content-type="section">Art as Semiotic Fact</comment>
               <fpage>3</fpage>
               <source>Smiotics ofArt Prgue School Contribuaons</source>
               <year>1976</year>
            </mixed-citation>
         </ref>
         <ref id="d32882e1003a1310">
            <mixed-citation id="d32882e1007" publication-type="book">
Passow, Wilfred, 1982. "Affekt und Wirkung: Peirces Interpretantenbegriff im Dienste
empirischer Theatersemiotik am Beispiel des Mandragola von Niccolo Machi-
avelli," Th/ater Semiotics, volume II of Multimdial Communication (Tubingen: Narr),
254-267.<person-group>
                  <string-name>
                     <surname>Passow</surname>
                  </string-name>
               </person-group>
               <comment content-type="section">Th/ater Semiotics</comment>
               <fpage>254</fpage>
               <volume>II</volume>
               <source>Multimdial Communication</source>
               <year>1982</year>
            </mixed-citation>
         </ref>
         <ref id="d32882e1049a1310">
            <mixed-citation id="d32882e1053" publication-type="book">
Pavlov, Ivan, 1955. Selectd Works, trans. S. Belsky, ed. J. Gibbons, (Moscow: Foreign Lan-
guage Publishing House).<person-group>
                  <string-name>
                     <surname>Pavlov</surname>
                  </string-name>
               </person-group>
               <source>Selectd Works</source>
               <year>1955</year>
            </mixed-citation>
            <mixed-citation id="d32882e1077" publication-type="book">
1927 Activity of the Central Cortex, trans. G. Anrep (London: Oxford UP, Humphrey Mil-
ford).<person-group>
                  <string-name>
                     <surname>Pavlov</surname>
                  </string-name>
               </person-group>
               <source>Activity of the Central Cortex</source>
               <year>1927</year>
            </mixed-citation>
         </ref>
         <ref id="d32882e1102a1310">
            <mixed-citation id="d32882e1106" publication-type="book">
Peirce, Charles, 1958. Callectd Papers (Cambridge: Harvard UP).<person-group>
                  <string-name>
                     <surname>Peirce</surname>
                  </string-name>
               </person-group>
               <source>Callectd Papers</source>
               <year>1958</year>
            </mixed-citation>
         </ref>
         <ref id="d32882e1128a1310">
            <mixed-citation id="d32882e1132" publication-type="book">
Peckham, Morse, 1965. Man's Rage for Chaos: -ioiog! Behavior, and the Afti (Philadelphia:
Chilton Books).<person-group>
                  <string-name>
                     <surname>Peckham</surname>
                  </string-name>
               </person-group>
               <source>Man's Rage for Chaos: -ioiog! Behavior, and the Afti</source>
               <year>1965</year>
            </mixed-citation>
            <mixed-citation id="d32882e1156" publication-type="journal">
1978 "Perceptual and Semiotic Discontinuity in Art," Poetics 7:217-230.<person-group>
                  <string-name>
                     <surname>Peckham</surname>
                  </string-name>
               </person-group>
               <fpage>217</fpage>
               <volume>7</volume>
               <source>Poetics</source>
               <year>1978</year>
            </mixed-citation>
         </ref>
         <ref id="d32882e1185a1310">
            <mixed-citation id="d32882e1189" publication-type="book">
Piaget,Jean, 1967. Language and Thought of the CAiid, 3rd ed. (New York: Humanities Press).<person-group>
                  <string-name>
                     <surname>Piaget</surname>
                  </string-name>
               </person-group>
               <edition>3</edition>
               <source>Language and Thought of the CAiid</source>
               <year>1967</year>
            </mixed-citation>
            <mixed-citation id="d32882e1213" publication-type="journal">
Pratt, C., 1961. "Aesthetics," Annual Revie ofPsychologr 12:71-92.<person-group>
                  <string-name>
                     <surname>Pratt</surname>
                  </string-name>
               </person-group>
               <fpage>71</fpage>
               <volume>12</volume>
               <source>Annual Revie ofPsychologr</source>
               <year>1961</year>
            </mixed-citation>
         </ref>
         <ref id="d32882e1242a1310">
            <mixed-citation id="d32882e1246" publication-type="journal">
Purpura, Dominick, 1956. "Electrophysiological Analysis of Psychotogenic Drug Action,"
Archiva of Neurolog and Psychiaby 75:1 22-143.<person-group>
                  <string-name>
                     <surname>Purpura</surname>
                  </string-name>
               </person-group>
               <issue>1</issue>
               <fpage>22</fpage>
               <volume>75</volume>
               <source>Archiva of Neurolog and Psychiaby</source>
               <year>1956</year>
            </mixed-citation>
         </ref>
         <ref id="d32882e1281a1310">
            <mixed-citation id="d32882e1285" publication-type="book">
Roach, Joseph, 1985. The Player's Passion Studies in thA Sdnce of Acting (Newark: University of
Delaware Press).<person-group>
                  <string-name>
                     <surname>Roach</surname>
                  </string-name>
               </person-group>
               <source>The Player's Passion Studies in thA Sdnce of Acting</source>
               <year>1985</year>
            </mixed-citation>
         </ref>
         <ref id="d32882e1311a1310">
            <mixed-citation id="d32882e1315" publication-type="book">
Schoenmakers, Henry, 1982. "The Tacit Majority in the Theatre," in: Ernest Hess-Lut-
tich, ed., Theatre Semiotics, volume II of Muldimadial Communication (Tubingen: Narr),
108-155.<person-group>
                  <string-name>
                     <surname>Schoenmakers</surname>
                  </string-name>
               </person-group>
               <comment content-type="section">Theatre Semiotics</comment>
               <fpage>108</fpage>
               <volume>II</volume>
               <source>Muldimadial Communication</source>
               <year>1982</year>
            </mixed-citation>
         </ref>
         <ref id="d32882e1353a1310">
            <mixed-citation id="d32882e1357" publication-type="book">
Shklovsky, V., 1965. "Art as Technique," in: Lee Lemon and Marian Reis, eds., Russian
Formalist Criticism Four Essays (Lincoln: University of Nebraska Press), 3-24.<person-group>
                  <string-name>
                     <surname>Shklovsky</surname>
                  </string-name>
               </person-group>
               <comment content-type="section">Art as Technique</comment>
               <fpage>3</fpage>
               <volume>V</volume>
               <source>Russian Formalist Criticism Four Essays</source>
               <year>1965</year>
            </mixed-citation>
         </ref>
         <ref id="d32882e1392a1310">
            <mixed-citation id="d32882e1396" publication-type="book">
Sokolov, Evgenii, 1963. Prception and the Conditioned ReJle, trans. Stefan Waydenfeld (New
York: Pergamon Press).<person-group>
                  <string-name>
                     <surname>Sokolov</surname>
                  </string-name>
               </person-group>
               <source>Prception and the Conditioned ReJle</source>
               <year>1963</year>
            </mixed-citation>
         </ref>
         <ref id="d32882e1421a1310">
            <mixed-citation id="d32882e1425" publication-type="book">
Stanislavski, Konstantin, 1936. An Actor Prepars, trans. Elizabeth Hapgood (New York:
Theater Art Books).<person-group>
                  <string-name>
                     <surname>Stanislavski</surname>
                  </string-name>
               </person-group>
               <source>An Actor Prepars</source>
               <year>1936</year>
            </mixed-citation>
            <mixed-citation id="d32882e1449" publication-type="book">
1949 Building a Chamaetr, trans. Elizabeth Hapgood (New York: Theater Arts Books).<person-group>
                  <string-name>
                     <surname>Stanislavski</surname>
                  </string-name>
               </person-group>
               <source>Building a Chamaetr</source>
               <year>1949</year>
            </mixed-citation>
            <mixed-citation id="d32882e1470" publication-type="book">
1961 CGrasing a RoS, trans. Elizabeth Hapgood (New York: Theater Arts Books).<person-group>
                  <string-name>
                     <surname>Stanislavski</surname>
                  </string-name>
               </person-group>
               <source>CGrasing a RoS</source>
               <year>1961</year>
            </mixed-citation>
            <mixed-citation id="d32882e1491" publication-type="book">
1980 "Stanislavski Method," in: A. Prokhorov, ed., Grat Soviet Encyclopdia A Trans-
lation of the Third Edition of Bol'shaia Sovetskaia Entsiklopediia, Vol. 24 (New York:
MacMillan, 1973-83), 464-465.<person-group>
                  <string-name>
                     <surname>Stanislavski</surname>
                  </string-name>
               </person-group>
               <comment content-type="section">Stanislavski Method</comment>
               <fpage>464</fpage>
               <volume>24</volume>
               <source>Grat Soviet Encyclopdia A Translation of the Third Edition of Bol'shaia Sovetskaia Entsiklopediia</source>
               <year>1980</year>
            </mixed-citation>
         </ref>
         <ref id="d32882e1529a1310">
            <mixed-citation id="d32882e1533" publication-type="book">
Valentine, Charles, 1962. The Experimental Psychology of Beauty (London: Methuen).<person-group>
                  <string-name>
                     <surname>Valentine</surname>
                  </string-name>
               </person-group>
               <source>The Experimental Psychology of Beauty</source>
               <year>1962</year>
            </mixed-citation>
         </ref>
         <ref id="d32882e1555a1310">
            <mixed-citation id="d32882e1559" publication-type="journal">
Wing, Kempton and Karl Smith, 1942. "The Role of the Optic Cortex in the Dog in the
Determination of the Functional Properties of Conditioned Reactions to Light,"
Journal of Eopermnsl Psychology 31:478-496.<person-group>
                  <string-name>
                     <surname>Wing</surname>
                  </string-name>
               </person-group>
               <fpage>478</fpage>
               <volume>31</volume>
               <source>Journal of Eopermnsl Psychology</source>
               <year>1942</year>
            </mixed-citation>
         </ref>
         <ref id="d32882e1595a1310">
            <mixed-citation id="d32882e1599" publication-type="book">
Wittgenstein, Ludwig, 1953. Philosophical Investigations, trans. G. Anscombe (Oxford: Basil
Blackwell).<person-group>
                  <string-name>
                     <surname>Wittgenstein</surname>
                  </string-name>
               </person-group>
               <source>Philosophical Investigations</source>
               <year>1953</year>
            </mixed-citation>
         </ref>
         <ref id="d32882e1624a1310">
            <mixed-citation id="d32882e1628" publication-type="journal">
Zeleny, G. and B. Kadykov, 1983. "Contribution to the Study of Conditioned Reflexes in
the Dog After Cortical .xtirpation," Psychological Absacts 12: No. 5829.<person-group>
                  <string-name>
                     <surname>Zeleny</surname>
                  </string-name>
               </person-group>
               <volume>12</volume>
               <source>Psychological Absacts</source>
               <year>1983</year>
            </mixed-citation>
         </ref>
      </ref-list>
   </back>
</article>
