<article xmlns:xsi="http://www.w3.org/2001/XMLSchema-instance"
         xmlns:xlink="http://www.w3.org/1999/xlink"
         xmlns:mml="http://www.w3.org/1998/Math/MathML"
         dtd-version="1.0"
         article-type="research-article">
   <front>
      <journal-meta>
         <journal-id journal-id-type="jstor">poeticstoday</journal-id>
         <journal-id journal-id-type="jstor">j100659</journal-id>
         <journal-title-group>
            <journal-title>Poetics Today</journal-title>
         </journal-title-group>
         <publisher>
            <publisher-name>Duke University Press</publisher-name>
         </publisher>
         <issn pub-type="ppub">03335372</issn>
         <issn pub-type="epub">15275507</issn>
      </journal-meta>
      <article-meta>
         <article-id pub-id-type="doi">10.2307/1773027</article-id>
         <title-group>
            <article-title>A Mosaic: Proustian Associations</article-title>
         </title-group>
         <contrib-group>
            <contrib contrib-type="author">
               <string-name>
                  <given-names>Christie</given-names>
                  <surname>McDonald</surname>
               </string-name>
            </contrib>
         </contrib-group>
         <pub-date>
            <day>1</day>
            <month>7</month>
            <year>1989</year>
         </pub-date>
         <volume>10</volume>
         <issue>2</issue>
         <issue-id>i303082</issue-id>
         <fpage>329</fpage>
         <lpage>344</lpage>
         <page-range>329-344</page-range>
         <permissions>
            <copyright-statement>Copyright 1989 The Porter Institute for Poetics and Semiotics, Tel Aviv University</copyright-statement>
         </permissions>
         <self-uri xlink:href="http://www.jstor.org/stable/1773027"/>
         <custom-meta-group>
            <custom-meta>
               <meta-name>lang</meta-name>
               <meta-value>eng</meta-value>
            </custom-meta>
         </custom-meta-group>
      </article-meta>
   </front>
   <back>
      <fn-group>
         <title>[Footnotes]</title>
         <fn id="d23115e114a1310">
            <label>1</label>
            <p>
               <mixed-citation id="d23115e121" publication-type="partial">
Proust 1954</mixed-citation>
            </p>
         </fn>
         <fn id="d23115e128a1310">
            <label>2</label>
            <p>
               <mixed-citation id="d23115e135" publication-type="partial">
Letter 19 to Madame de Madrazo, February 17
(Proust 1982a: XV, 57)</mixed-citation>
            </p>
         </fn>
         <fn id="d23115e145a1310">
            <label>3</label>
            <p>
               <mixed-citation id="d23115e152" publication-type="other">
Phillip Kolb, this book was probably Vittore Carpaccio. La vie et
l'oeuvre du peintre, ouvrage traduit par H. L. de Perera illustre de 26 planches en photo-
graphie et de 229 gravures en noir tirees hors texte, by G. Ludwig and P. Molmenti,
1910 (Paris: Librairie Hachette)</mixed-citation>
            </p>
         </fn>
         <fn id="d23115e168a1310">
            <label>4</label>
            <p>
               <mixed-citation id="d23115e175" publication-type="partial">
Proust (1982a: V, 355)</mixed-citation>
            </p>
         </fn>
         <fn id="d23115e183a1310">
            <label>6</label>
            <p>
               <mixed-citation id="d23115e190" publication-type="book">
Gerard Genette (1972: 49)  <fpage>49</fpage>
               </mixed-citation>
            </p>
            <p>
               <mixed-citation id="d23115e201" publication-type="book">
ibid.  </mixed-citation>
            </p>
            <p>
               <mixed-citation id="d23115e209" publication-type="book">
Malcolm Bowie (1987: 83-94)  <fpage>83</fpage>
               </mixed-citation>
            </p>
            <p>
               <mixed-citation id="d23115e221" publication-type="other">
Mac6 1986</mixed-citation>
            </p>
            <p>
               <mixed-citation id="d23115e227" publication-type="book">
Favrichon
1987  </mixed-citation>
            </p>
         </fn>
      </fn-group>
      <ref-list>
         <title>References</title>
         <ref id="d23115e248a1310">
            <mixed-citation id="d23115e252" publication-type="journal">
Anonymous
1924 Musical Times 55: 300-30 1.<fpage>300</fpage>
               <volume>55</volume>
               <source>Musical Times</source>
               <year>1924</year>
            </mixed-citation>
         </ref>
         <ref id="d23115e275a1310">
            <mixed-citation id="d23115e279" publication-type="book">
Bowie, Malcolm
1987 Freud, Proust and Lacan: Theory as Fiction (Cambridge: Cambridge Univer-
sity Press).<person-group>
                  <string-name>
                     <surname>Bowie</surname>
                  </string-name>
               </person-group>
               <source>Freud, Proust and Lacan: Theory as Fiction</source>
               <year>1987</year>
            </mixed-citation>
         </ref>
         <ref id="d23115e308a1310">
            <mixed-citation id="d23115e312" publication-type="book">
Caws, Mary Ann
1986 "Gestures toward the Self--Representing the Body in Modernism: Cloak-
ing, Re-membering, and the Elliptical Effect," in Modernism: Challenges and
Perspectives, edited by Monique Chefdor, Ricardo Quinones, and Albert Wach-
tel, 238-55 (Urbana: University of Illinois Press).<person-group>
                  <string-name>
                     <surname>Caws</surname>
                  </string-name>
               </person-group>
               <comment content-type="section">Gestures toward the Self--Representing the Body in Modernism: Cloaking, Re-membering, and the Elliptical Effect</comment>
               <fpage>238</fpage>
               <source>Modernism: Challenges and Perspectives</source>
               <year>1986</year>
            </mixed-citation>
         </ref>
         <ref id="d23115e353a1310">
            <mixed-citation id="d23115e357" publication-type="book">
Deleuze, Gilles
1972 Proust and Signs (New York: George Braziller).<person-group>
                  <string-name>
                     <surname>Deleuze</surname>
                  </string-name>
               </person-group>
               <source>Proust and Signs</source>
               <year>1972</year>
            </mixed-citation>
         </ref>
         <ref id="d23115e383a1310">
            <mixed-citation id="d23115e387" publication-type="book">
Ellison, David
1984 The Reading of Proust (Baltimore: Johns Hopkins University Press).<person-group>
                  <string-name>
                     <surname>Ellison</surname>
                  </string-name>
               </person-group>
               <source>The Reading of Proust</source>
               <year>1984</year>
            </mixed-citation>
         </ref>
         <ref id="d23115e412a1310">
            <mixed-citation id="d23115e416" publication-type="book">
Favrichon, Anna
1987 Toilettes et silhouettes féminines (Lyon: Presses Universitaires de Lyon).<person-group>
                  <string-name>
                     <surname>Favrichon</surname>
                  </string-name>
               </person-group>
               <source>Toilettes et silhouettes féminines</source>
               <year>1987</year>
            </mixed-citation>
         </ref>
         <ref id="d23115e441a1310">
            <mixed-citation id="d23115e445" publication-type="book">
Genette, Gérard
1972 Figures 3 (Paris: Seuil).<person-group>
                  <string-name>
                     <surname>Genette</surname>
                  </string-name>
               </person-group>
               <volume>3</volume>
               <source>Figures</source>
               <year>1972</year>
            </mixed-citation>
         </ref>
         <ref id="d23115e474a1310">
            <mixed-citation id="d23115e478" publication-type="book">
Macé, Gérald
1986 Le manteau de Fortuny (Paris: Gallimard).<person-group>
                  <string-name>
                     <surname>Macé</surname>
                  </string-name>
               </person-group>
               <source>Le manteau de Fortuny</source>
               <year>1986</year>
            </mixed-citation>
         </ref>
         <ref id="d23115e503a1310">
            <mixed-citation id="d23115e509" publication-type="journal">
Proust, Marcel
1953 "Huit lettres inédites à Maria de Madrazo," Bulletin de la société des amis de
Marcel Proust 3.<person-group>
                  <string-name>
                     <surname>Proust</surname>
                  </string-name>
               </person-group>
               <volume>3</volume>
               <source>Bulletin de la société des amis de Marcel Proust</source>
               <year>1953</year>
            </mixed-citation>
            <mixed-citation id="d23115e540" publication-type="book">
1954 A la recherche du temps perdu, I-III (Paris: Gallimard).<person-group>
                  <string-name>
                     <surname>Proust</surname>
                  </string-name>
               </person-group>
               <volume>I</volume>
               <source>A la recherche du temps perdu</source>
               <year>1954</year>
            </mixed-citation>
            <mixed-citation id="d23115e564" publication-type="book">
1971 "John Ruskin," in Contre Sainte Beuve (Paris: Gallimard).<person-group>
                  <string-name>
                     <surname>Proust</surname>
                  </string-name>
               </person-group>
               <comment content-type="section">John Ruskin</comment>
               <source>Contre Sainte Beuve</source>
               <year>1971</year>
            </mixed-citation>
            <mixed-citation id="d23115e589" publication-type="book">
1981 Remembrance of Things Past, translated by C. K. Moncrieff and Terence
Kilmartin, I-III (New York: Random House).<person-group>
                  <string-name>
                     <surname>Proust</surname>
                  </string-name>
               </person-group>
               <volume>I</volume>
               <source>Remembrance of Things Past</source>
               <year>1981</year>
            </mixed-citation>
            <mixed-citation id="d23115e617" publication-type="book">
1982a Correspondance, edited by Phillip Kolb (Paris: Plon).<person-group>
                  <string-name>
                     <surname>Proust</surname>
                  </string-name>
               </person-group>
               <source>Correspondance</source>
               <year>1982</year>
            </mixed-citation>
            <mixed-citation id="d23115e638" publication-type="book">
1982b Matinée chez la princesse de Guermantes, Cahier du temps retrouvé (Paris: Gal-
limard).<person-group>
                  <string-name>
                     <surname>Proust</surname>
                  </string-name>
               </person-group>
               <source>Matinée chez la princesse de Guermantes, Cahier du temps retrouvé</source>
               <year>1982</year>
            </mixed-citation>
            <mixed-citation id="d23115e662" publication-type="book">
1987 Albertine disparue (Paris: Grasset).<person-group>
                  <string-name>
                     <surname>Proust</surname>
                  </string-name>
               </person-group>
               <source>Albertine disparue</source>
               <year>1987</year>
            </mixed-citation>
         </ref>
         <ref id="d23115e684a1310">
            <mixed-citation id="d23115e688" publication-type="book">
Richard, Jean-Pierre
1974 Proust et le monde sensible (Paris: Seuil).<person-group>
                  <string-name>
                     <surname>Richard</surname>
                  </string-name>
               </person-group>
               <source>Proust et le monde sensible</source>
               <year>1974</year>
            </mixed-citation>
         </ref>
         <ref id="d23115e714a1310">
            <mixed-citation id="d23115e718" publication-type="book">
Rosasco, Joan
1980 "Le texte et sa doublure," in Proust et le texte producteur, edited by John D.
Erickson and Irène Pagès, 93-113 (Guelph, Ontario: University of Guelph).<person-group>
                  <string-name>
                     <surname>Rosasco</surname>
                  </string-name>
               </person-group>
               <comment content-type="section">Le texte et sa doublure</comment>
               <fpage>93</fpage>
               <source>Proust et le texte producteur</source>
               <year>1980</year>
            </mixed-citation>
         </ref>
         <ref id="d23115e753a1310">
            <mixed-citation id="d23115e757" publication-type="book">
Saeringer, César
1921 "Strauss's 'Legend of Joseph' Feature of Berlin's Fashion Week," Musical
Courier 82(17).<person-group>
                  <string-name>
                     <surname>Saeringer</surname>
                  </string-name>
               </person-group>
               <comment content-type="section">Strauss's 'Legend of Joseph' Feature of Berlin's Fashion Week</comment>
               <fpage>17</fpage>
               <volume>82</volume>
               <source>Musical Courier</source>
               <year>1921</year>
            </mixed-citation>
         </ref>
      </ref-list>
   </back>
</article>
