<article xmlns:xsi="http://www.w3.org/2001/XMLSchema-instance"
         xmlns:xlink="http://www.w3.org/1999/xlink"
         xmlns:mml="http://www.w3.org/1998/Math/MathML"
         dtd-version="1.0"
         article-type="research-article">
   <front>
      <journal-meta>
         <journal-id journal-id-type="jstor">poeticstoday</journal-id>
         <journal-id journal-id-type="jstor">j100659</journal-id>
         <journal-title-group>
            <journal-title>Poetics Today</journal-title>
         </journal-title-group>
         <publisher>
            <publisher-name>Duke University Press</publisher-name>
         </publisher>
         <issn pub-type="ppub">03335372</issn>
         <issn pub-type="epub">15275507</issn>
      </journal-meta>
      <article-meta>
         <article-id pub-id-type="doi">10.2307/1773029</article-id>
         <title-group>
            <article-title> "Ponderation" in Cézanne and Williams </article-title>
         </title-group>
         <contrib-group>
            <contrib contrib-type="author">
               <string-name>
                  <given-names>Charles</given-names>
                  <surname>Altieri</surname>
               </string-name>
            </contrib>
         </contrib-group>
         <pub-date>
            <day>1</day>
            <month>7</month>
            <year>1989</year>
         </pub-date>
         <volume>10</volume>
         <issue>2</issue>
         <issue-id>i303082</issue-id>
         <fpage>373</fpage>
         <lpage>399</lpage>
         <page-range>373-399</page-range>
         <permissions>
            <copyright-statement>Copyright 1989 The Porter Institute for Poetics and Semiotics, Tel Aviv University</copyright-statement>
         </permissions>
         <self-uri xlink:href="http://www.jstor.org/stable/1773029"/>
         <custom-meta-group>
            <custom-meta>
               <meta-name>lang</meta-name>
               <meta-value>eng</meta-value>
            </custom-meta>
         </custom-meta-group>
      </article-meta>
   </front>
   <back>
      <fn-group>
         <title>[Footnotes]</title>
         <fn id="d23178e129a1310">
            <label>1</label>
            <p>
               <mixed-citation id="d23178e136" publication-type="book">
J. Hillis Miller's (1965)  </mixed-citation>
            </p>
            <p>
               <mixed-citation id="d23178e144" publication-type="book">
ibid.: 287-89  <fpage>287</fpage>
               </mixed-citation>
            </p>
            <p>
               <mixed-citation id="d23178e155" publication-type="book">
Joseph Riddel's (1974)  </mixed-citation>
            </p>
            <p>
               <mixed-citation id="d23178e164" publication-type="book">
Critics like Carl Rapp (1984)<source>Critics like Carl Rapp</source>
                  <year>1984</year>
               </mixed-citation>
            </p>
         </fn>
         <fn id="d23178e177a1310">
            <label>2</label>
            <p>
               <mixed-citation id="d23178e186" publication-type="book">
Recently, Albert Cook
(1985)  </mixed-citation>
            </p>
            <p>
               <mixed-citation id="d23178e197" publication-type="book">
Henry Sayre (1983)  </mixed-citation>
            </p>
            <p>
               <mixed-citation id="d23178e206" publication-type="book">
ibid.: 14  </mixed-citation>
            </p>
         </fn>
         <fn id="d23178e215a1310">
            <label>3</label>
            <p>
               <mixed-citation id="d23178e222" publication-type="book">
Richard Shiff (1984)  </mixed-citation>
            </p>
            <p>
               <mixed-citation id="d23178e230" publication-type="book">
Altieri 1989  </mixed-citation>
            </p>
         </fn>
         <fn id="d23178e239a1310">
            <label>4</label>
            <p>
               <mixed-citation id="d23178e246" publication-type="book">
Shiff 1984: 121-24  <fpage>121</fpage>
               </mixed-citation>
            </p>
            <p>
               <mixed-citation id="d23178e257" publication-type="book">
Schapiro 1982 (1968)  </mixed-citation>
            </p>
            <p>
               <mixed-citation id="d23178e265" publication-type="other">
Kenner 1971</mixed-citation>
            </p>
         </fn>
         <fn id="d23178e273a1310">
            <label>5</label>
            <p>
               <mixed-citation id="d23178e280" publication-type="book">
Cézanne's
Grandes baigneuses<person-group>
                     <string-name>
                        <surname>Cézanne</surname>
                     </string-name>
                  </person-group>
                  <source>Grandes baigneuses</source>
               </mixed-citation>
            </p>
         </fn>
         <fn id="d23178e302a1310">
            <label>6</label>
            <p>
               <mixed-citation id="d23178e309" publication-type="book">
"Flowers by the Sea" (Williams 1986:
352)<fpage>352</fpage>
                  <source>Flowers by the Sea</source>
                  <year>1986</year>
               </mixed-citation>
            </p>
            <p>
               <mixed-citation id="d23178e327" publication-type="partial">
Walker
(1984: 148-49)</mixed-citation>
            </p>
         </fn>
         <fn id="d23178e337a1310">
            <label>7</label>
            <p>
               <mixed-citation id="d23178e346" publication-type="book">
Sayre (1983)  </mixed-citation>
            </p>
            <p>
               <mixed-citation id="d23178e354" publication-type="book">
ibid.: 21-22  <fpage>21</fpage>
               </mixed-citation>
            </p>
            <p>
               <mixed-citation id="d23178e366" publication-type="book">
Cook's (1985)  </mixed-citation>
            </p>
         </fn>
      </fn-group>
      <ref-list>
         <title>References</title>
         <ref id="d23178e384a1310">
            <mixed-citation id="d23178e388" publication-type="book">
Altieri, Charles
1989 Painterly Abstractions in Modernist Poetry: Infinite Incantations of Ourselves (New
York: Cambridge University Press).<person-group>
                  <string-name>
                     <surname>Altieri</surname>
                  </string-name>
               </person-group>
               <source>Painterly Abstractions in Modernist Poetry: Infinite Incantations of Ourselves</source>
               <year>1989</year>
            </mixed-citation>
         </ref>
         <ref id="d23178e417a1310">
            <mixed-citation id="d23178e421" publication-type="book">
Baudelaire, Charles Pierre
1972 Baudelaire: Selected Writings on Art and Artists, translated by P. E. Charvet
(Baltimore: Penguin).<person-group>
                  <string-name>
                     <surname>Baudelaire</surname>
                  </string-name>
               </person-group>
               <source>Baudelaire: Selected Writings on Art and Artists</source>
               <year>1972</year>
            </mixed-citation>
         </ref>
         <ref id="d23178e450a1310">
            <mixed-citation id="d23178e454" publication-type="journal">
Baxandall, Michael
1985 "Art, Society, and the Bouger Principle," Representations 12: 32-43.<person-group>
                  <string-name>
                     <surname>Baxandall</surname>
                  </string-name>
               </person-group>
               <fpage>32</fpage>
               <volume>12</volume>
               <source>Representations</source>
            </mixed-citation>
         </ref>
         <ref id="d23178e483a1310">
            <mixed-citation id="d23178e487" publication-type="book">
Cezanne, Paul
1976 Paul Cezanne, Letters, edited by John Rewald, translated by Marguerite Kay
(Oxford: B. Cassirer).<person-group>
                  <string-name>
                     <surname>Cezanne</surname>
                  </string-name>
               </person-group>
               <source>Paul Cezanne, Letters</source>
               <year>1976</year>
            </mixed-citation>
         </ref>
         <ref id="d23178e517a1310">
            <mixed-citation id="d23178e521" publication-type="book">
Chipp, Herschel, ed.
1968 Theories of Modern Art (Berkeley and Los Angeles: University of California
Press).<person-group>
                  <string-name>
                     <surname>Chipp</surname>
                  </string-name>
               </person-group>
               <source>Theories of Modern Art</source>
               <year>1968</year>
            </mixed-citation>
         </ref>
         <ref id="d23178e550a1310">
            <mixed-citation id="d23178e554" publication-type="book">
Cook, Albert
1985 Figural Choice in Poetry and Art (Hanover, NH: University of New England
Press).<person-group>
                  <string-name>
                     <surname>Cook</surname>
                  </string-name>
               </person-group>
               <source>Figural Choice in Poetry and Art</source>
               <year>1985</year>
            </mixed-citation>
         </ref>
         <ref id="d23178e583a1310">
            <mixed-citation id="d23178e587" publication-type="book">
Kandinsky, Wassily
1947 [1912] Concerning the Spiritual in Art, translated by M. T. H. Sadler (New
York: Wittenborn, Schulz).<person-group>
                  <string-name>
                     <surname>Kandinsky</surname>
                  </string-name>
               </person-group>
               <source>Concerning the Spiritual in Art</source>
               <year>1947</year>
            </mixed-citation>
         </ref>
         <ref id="d23178e616a1310">
            <mixed-citation id="d23178e620" publication-type="book">
Kenner, Hugh
1971 The Pound Era (Berkeley and Los Angeles: University of California Press).<person-group>
                  <string-name>
                     <surname>Kenner</surname>
                  </string-name>
               </person-group>
               <source>The Pound Era</source>
               <year>1971</year>
            </mixed-citation>
         </ref>
         <ref id="d23178e645a1310">
            <mixed-citation id="d23178e649" publication-type="book">
Loran, Earle
1970 Cezanne's Composition: Analysis of His Form with Diagrams and Photographs of
His Motifs (Berkeley and Los Angeles: University of California Press).<person-group>
                  <string-name>
                     <surname>Loran</surname>
                  </string-name>
               </person-group>
               <source>Cezanne's Composition: Analysis of His Form with Diagrams and Photographs of His Motifs</source>
               <year>1970</year>
            </mixed-citation>
         </ref>
         <ref id="d23178e678a1310">
            <mixed-citation id="d23178e682" publication-type="book">
Miller, J. Hillis
1965 Poets of Reality (Cambridge: Harvard University Press).<person-group>
                  <string-name>
                     <surname>Miller</surname>
                  </string-name>
               </person-group>
               <source>Poets of Reality</source>
               <year>1965</year>
            </mixed-citation>
         </ref>
         <ref id="d23178e708a1310">
            <mixed-citation id="d23178e712" publication-type="book">
Mitchell, W. J. T.
1986 Iconology: Image, Text, Ideology (Chicago: University of Chicago Press).<person-group>
                  <string-name>
                     <surname>Mitchell</surname>
                  </string-name>
               </person-group>
               <source>Iconology: Image, Text, Ideology</source>
               <year>1986</year>
            </mixed-citation>
         </ref>
         <ref id="d23178e737a1310">
            <mixed-citation id="d23178e741" publication-type="book">
Nochlin, Linda, ed.
1966 Impressionism and Post-Impressionism 1874-1904: Sources and Documents (En-
glewood Cliffs, NJ: Prentice-Hall).<person-group>
                  <string-name>
                     <surname>Nochlin</surname>
                  </string-name>
               </person-group>
               <source>Impressionism and Post-Impressionism 1874-1904: Sources and Documents</source>
               <year>1966</year>
            </mixed-citation>
         </ref>
         <ref id="d23178e770a1310">
            <mixed-citation id="d23178e774" publication-type="book">
Rapp, Carl
1984 William Carlos Williams: Romantic Idealist (Lebanon, NH: University Presses
of New England).<person-group>
                  <string-name>
                     <surname>Rapp</surname>
                  </string-name>
               </person-group>
               <source>William Carlos Williams: Romantic Idealist</source>
               <year>1984</year>
            </mixed-citation>
         </ref>
         <ref id="d23178e803a1310">
            <mixed-citation id="d23178e807" publication-type="book">
Riddel, Joseph
1974 The Inverted Bell: Modernism and the Counterpoetics of William Carlos Williams
(Baton Rouge: Louisiana State University Press).<person-group>
                  <string-name>
                     <surname>Riddel</surname>
                  </string-name>
               </person-group>
               <source>The Inverted Bell: Modernism and the Counterpoetics of William Carlos Williams</source>
               <year>1974</year>
            </mixed-citation>
         </ref>
         <ref id="d23178e836a1310">
            <mixed-citation id="d23178e840" publication-type="book">
Sayre, Henry M.
1983 The Visual Text of William Carlos Williams (Urbana: University of Illinois
Press).<person-group>
                  <string-name>
                     <surname>Sayre</surname>
                  </string-name>
               </person-group>
               <source>The Visual Text of William Carlos Williams</source>
               <year>1983</year>
            </mixed-citation>
         </ref>
         <ref id="d23178e869a1310">
            <mixed-citation id="d23178e873" publication-type="book">
Schapiro, Meyer
1982 [1968] "The Apples of Cezanne: An Essay on the Meaning of Still Life," in
Modern Art: Nineteenth and Twentieth Centuries, 1-38 (New York: G. Braziller).<person-group>
                  <string-name>
                     <surname>Schapiro</surname>
                  </string-name>
               </person-group>
               <comment content-type="section">The Apples of Cezanne: An Essay on the Meaning of Still Life</comment>
               <fpage>1</fpage>
               <source>Modern Art: Nineteenth and Twentieth Centuries</source>
               <year>1982</year>
            </mixed-citation>
         </ref>
         <ref id="d23178e909a1310">
            <mixed-citation id="d23178e913" publication-type="book">
Shiff, Richard
1984 Cezanne and the End of Impressionism: A Study of the Theory, Technique, and
Critical Evaluations of Modern Art (Chicago: University of Chicago Press).<person-group>
                  <string-name>
                     <surname>Shiff</surname>
                  </string-name>
               </person-group>
               <source>Cezanne and the End of Impressionism: A Study of the Theory, Technique, and Critical Evaluations of Modern Art</source>
               <year>1984</year>
            </mixed-citation>
         </ref>
         <ref id="d23178e942a1310">
            <mixed-citation id="d23178e946" publication-type="book">
Walker, David
1984 The Transparent Lyric: Reading and Meaning in the Poetry of Stevens and Wil-
liams (Princeton, NJ: Princeton University Press).<person-group>
                  <string-name>
                     <surname>Walker</surname>
                  </string-name>
               </person-group>
               <source>The Transparent Lyric: Reading and Meaning in the Poetry of Stevens and Williams</source>
               <year>1984</year>
            </mixed-citation>
         </ref>
         <ref id="d23178e975a1310">
            <mixed-citation id="d23178e979" publication-type="book">
Williams, William Carlos
1970 [1923] "Spring and All," in Imaginations, edited by Webster Schott, 85-154
(New York: New Directions).<person-group>
                  <string-name>
                     <surname>Williams</surname>
                  </string-name>
               </person-group>
               <comment content-type="section">Spring and All</comment>
               <fpage>85</fpage>
               <source>Imaginations</source>
               <year>1970</year>
            </mixed-citation>
            <mixed-citation id="d23178e1013" publication-type="book">
1978 Selected Essays of William Carlos Williams (New York: New Directions).<person-group>
                  <string-name>
                     <surname>Williams</surname>
                  </string-name>
               </person-group>
               <source>Selected Essays of William Carlos Williams</source>
               <year>1978</year>
            </mixed-citation>
            <mixed-citation id="d23178e1034" publication-type="book">
1986 The Complete Poems of William Carlos Williams. Vol. 1, 1909-1939, edited by
A. Walton Litz and Christopher McGowan (New York: New Directions).<person-group>
                  <string-name>
                     <surname>Williams</surname>
                  </string-name>
               </person-group>
               <fpage>1909</fpage>
               <volume>1</volume>
               <source>The Complete Poems of William Carlos Williams</source>
               <year>1986</year>
            </mixed-citation>
         </ref>
         <ref id="d23178e1066a1310">
            <mixed-citation id="d23178e1070" publication-type="book">
Wittgenstein, Ludwig
1961 [1922] Tractatus Logico-Philosophicus, translated by D. F. Pears and B. F.
McGuinness (London: Routledge and Kegan Paul).<person-group>
                  <string-name>
                     <surname>Wittgenstein</surname>
                  </string-name>
               </person-group>
               <source>Tractatus Logico-Philosophicus</source>
               <year>1961</year>
            </mixed-citation>
         </ref>
      </ref-list>
   </back>
</article>
